STATION,DATE,LATITUDE,LONGITUDE,ELEVATION,NAME,PRCP,TMAX,TMIN,AWND,RHAV,RHMN,RHMX
USW00023190,2006-01-01,34.4241,-119.84249,2.5,"SANTA BARBARA MUNICIPAL AIRPORT, CA US",323,144,83,43,89,78,97
USW00023190,2006-01-02,34.4241,-119.84249,2.5,"SANTA BARBARA MUNICIPAL AIRPORT, CA US",208,161,94,54,87,75,100
USW00023190,2006-01-03,34.4241,-119.84249,2.5,"SANTA BARBARA MUNICIPAL AIRPORT, CA US",0,150,50,13,86,69,97
USW00023190,2006-01-04,34.4241,-119.84249,2.5,"SANTA BARBARA MUNICIPAL AIRPORT, CA US",0,178,50,6,83,63,96
USW00023190,2006-01-05,34.4241,-119.84249,2.5,"SANTA BARBARA MUNICIPAL AIRPORT, CA US",0,228,56,8,71,35,93
USW00023190,2006-01-06,34.4241,-119.84249,2.5,"SANTA BARBARA MUNICIPAL AIRPORT, CA US",0,244,56,10,68,29,93
USW00023190,2006-01-07,34.4241,-119.84249,2.5,"SANTA BARBARA MUNICIPAL AIRPORT, CA US",0,228,67,34,51,35,93
USW00023190,2006-01-08,34.4241,-119.84249,2.5,"SANTA BARBARA MUNICIPAL AIRPORT, CA US",0,239,67,22,56,28,80
USW00023190,2006-01-09,34.4241,-119.84249,2.5,"SANTA BARBARA MUNICIPAL AIRPORT, CA US",0,211,39,10,64,33,90
USW00023190,2006-01-10,34.4241,-119.84249,2.5,"SANTA BARBARA MUNICIPAL AIRPORT, CA US",0,189,33,7,72,37,93
USW00023190,2006-01-11,34.4241,-119.84249,2.5,"SANTA BARBARA MUNICIPAL AIRPORT, CA US",0,178,33,10,79,43,93
USW00023190,2006-01-12,34.4241,-119.84249,2.5,"SANTA BARBARA MUNICIPAL AIRPORT, CA US",0,172,56,18,86,70,96
USW00023190,2006-01-13,34.4241,-119.84249,2.5,"SANTA BARBARA MUNICIPAL AIRPORT, CA US",0,167,56,33,84,75,93
USW00023190,2006-01-14,34.4241,-119.84249,2.5,"SANTA BARBARA MUNICIPAL AIRPORT, CA US",30,150,72,21,85,77,97
USW00023190,2006-01-15,34.4241,-119.84249,2.5,"SANTA BARBARA MUNICIPAL AIRPORT, CA US",0,167,50,36,49,26,82
USW00023190,2006-01-16,34.4241,-119.84249,2.5,"SANTA BARBARA MUNICIPAL AIRPORT, CA US",0,161,6,13,61,36,82
USW00023190,2006-01-17,34.4241,-119.84249,2.5,"SANTA BARBARA MUNICIPAL AIRPORT, CA US",0,178,28,10,73,30,90
USW00023190,2006-01-18,34.4241,-119.84249,2.5,"SANTA BARBARA MUNICIPAL AIRPORT, CA US",0,183,33,31,70,42,93
USW00023190,2006-01-19,34.4241,-119.84249,2.5,"SANTA BARBARA MUNICIPAL AIRPORT, CA US",0,172,17,30,44,30,68
USW00023190,2006-01-20,34.4241,-119.84249,2.5,"SANTA BARBARA MUNICIPAL AIRPORT, CA US",0,161,-6,11,63,33,86
USW00023190,2006-01-21,34.4241,-119.84249,2.5,"SANTA BARBARA MUNICIPAL AIRPORT, CA US",0,233,-6,22,53,22,89
USW00023190,2006-01-22,34.4241,-119.84249,2.5,"SANTA BARBARA MUNICIPAL AIRPORT, CA US",0,178,6,16,60,32,85
USW00023190,2006-01-23,34.4241,-119.84249,2.5,"SANTA BARBARA MUNICIPAL AIRPORT, CA US",0,206,28,20,42,15,82
USW00023190,2006-01-24,34.4241,-119.84249,2.5,"SANTA BARBARA MUNICIPAL AIRPORT, CA US",0,211,11,25,55,21,85
USW00023190,2006-01-25,34.4241,-119.84249,2.5,"SANTA BARBARA MUNICIPAL AIRPORT, CA US",0,161,39,18,83,67,93
USW00023190,2006-01-26,34.4241,-119.84249,2.5,"SANTA BARBARA MUNICIPAL AIRPORT, CA US",0,161,78,22,79,60,93
USW00023190,2006-01-27,34.4241,-119.84249,2.5,"SANTA BARBARA MUNICIPAL AIRPORT, CA US",0,206,39,29,53,29,86
USW00023190,2006-01-28,34.4241,-119.84249,2.5,"SANTA BARBARA MUNICIPAL AIRPORT, CA US",0,167,44,20,66,44,83
USW00023190,2006-01-29,34.4241,-119.84249,2.5,"SANTA BARBARA MUNICIPAL AIRPORT, CA US",0,217,39,17,76,38,93
USW00023190,2006-01-30,34.4241,-119.84249,2.5,"SANTA BARBARA MUNICIPAL AIRPORT, CA US",0,172,39,15,81,63,100
USW00023190,2006-01-31,34.4241,-119.84249,2.5,"SANTA BARBARA MUNICIPAL AIRPORT, CA US",0,183,56,14,73,45,93
USW00023190,2006-02-01,34.4241,-119.84249,2.5,"SANTA BARBARA MUNICIPAL AIRPORT, CA US",0,211,39,29,66,39,89
USW00023190,2006-02-02,34.4241,-119.84249,2.5,"SANTA BARBARA MUNICIPAL AIRPORT, CA US",0,244,83,31,66,37,90
USW00023190,2006-02-03,34.4241,-119.84249,2.5,"SANTA BARBARA MUNICIPAL AIRPORT, CA US",0,211,72,17,81,51,100
USW00023190,2006-02-04,34.4241,-119.84249,2.5,"SANTA BARBARA MUNICIPAL AIRPORT, CA US",0,156,94,16,90,78,100
USW00023190,2006-02-05,34.4241,-119.84249,2.5,"SANTA BARBARA MUNICIPAL AIRPORT, CA US",0,244,61,10,67,27,96
USW00023190,2006-02-06,34.4241,-119.84249,2.5,"SANTA BARBARA MUNICIPAL AIRPORT, CA US",0,239,61,13,60,21,93
USW00023190,2006-02-07,34.4241,-119.84249,2.5,"SANTA BARBARA MUNICIPAL AIRPORT, CA US",0,244,39,10,54,19,82
USW00023190,2006-02-08,34.4241,-119.84249,2.5,"SANTA BARBARA MUNICIPAL AIRPORT, CA US",0,272,17,12,45,9,79
USW00023190,2006-02-09,34.4241,-119.84249,2.5,"SANTA BARBARA MUNICIPAL AIRPORT, CA US",0,272,33,13,55,12,83
USW00023190,2006-02-10,34.4241,-119.84249,2.5,"SANTA BARBARA MUNICIPAL AIRPORT, CA US",0,167,72,26,89,75,100
USW00023190,2006-02-11,34.4241,-119.84249,2.5,"SANTA BARBARA MUNICIPAL AIRPORT, CA US",0,156,67,19,89,75,100
USW00023190,2006-02-12,34.4241,-119.84249,2.5,"SANTA BARBARA MUNICIPAL AIRPORT, CA US",0,239,50,16,57,17,97
USW00023190,2006-02-13,34.4241,-119.84249,2.5,"SANTA BARBARA MUNICIPAL AIRPORT, CA US",0,267,56,9,55,17,86
USW00023190,2006-02-14,34.4241,-119.84249,2.5,"SANTA BARBARA MUNICIPAL AIRPORT, CA US",0,161,56,17,79,63,93
USW00023190,2006-02-15,34.4241,-119.84249,2.5,"SANTA BARBARA MUNICIPAL AIRPORT, CA US",0,172,56,53,51,26,80
USW00023190,2006-02-16,34.4241,-119.84249,2.5,"SANTA BARBARA MUNICIPAL AIRPORT, CA US",0,150,6,21,50,32,72
USW00023190,2006-02-17,34.4241,-119.84249,2.5,"SANTA BARBARA MUNICIPAL AIRPORT, CA US",145,122,6,16,79,55,100
USW00023190,2006-02-18,34.4241,-119.84249,2.5,"SANTA BARBARA MUNICIPAL AIRPORT, CA US",20,128,17,21,79,55,100
USW00023190,2006-02-19,34.4241,-119.84249,2.5,"SANTA BARBARA MUNICIPAL AIRPORT, CA US",76,128,22,21,76,51,100
USW00023190,2006-02-20,34.4241,-119.84249,2.5,"SANTA BARBARA MUNICIPAL AIRPORT, CA US",0,139,0,21,64,41,96
USW00023190,2006-02-21,34.4241,-119.84249,2.5,"SANTA BARBARA MUNICIPAL AIRPORT, CA US",0,194,44,41,38,22,55
USW00023190,2006-02-22,34.4241,-119.84249,2.5,"SANTA BARBARA MUNICIPAL AIRPORT, CA US",0,189,6,17,60,26,82
USW00023190,2006-02-23,34.4241,-119.84249,2.5,"SANTA BARBARA MUNICIPAL AIRPORT, CA US",0,178,11,13,71,44,86
USW00023190,2006-02-24,34.4241,-119.84249,2.5,"SANTA BARBARA MUNICIPAL AIRPORT, CA US",0,156,39,21,85,67,96
USW00023190,2006-02-25,34.4241,-119.84249,2.5,"SANTA BARBARA MUNICIPAL AIRPORT, CA US",0,167,94,21,78,52,96
USW00023190,2006-02-26,34.4241,-119.84249,2.5,"SANTA BARBARA MUNICIPAL AIRPORT, CA US",0,200,50,28,55,25,86
USW00023190,2006-02-27,34.4241,-119.84249,2.5,"SANTA BARBARA MUNICIPAL AIRPORT, CA US",25,161,117,60,74,46,100
USW00023190,2006-02-28,34.4241,-119.84249,2.5,"SANTA BARBARA MUNICIPAL AIRPORT, CA US",10,172,61,31,77,56,97
USW00023190,2006-03-01,34.4241,-119.84249,2.5,"SANTA BARBARA MUNICIPAL AIRPORT, CA US",0,161,39,22,75,48,93
USW00023190,2006-03-02,34.4241,-119.84249,2.5,"SANTA BARBARA MUNICIPAL AIRPORT, CA US",5,167,33,21,78,60,93
USW00023190,2006-03-03,34.4241,-119.84249,2.5,"SANTA BARBARA MUNICIPAL AIRPORT, CA US",170,139,56,26,75,59,93
USW00023190,2006-03-04,34.4241,-119.84249,2.5,"SANTA BARBARA MUNICIPAL AIRPORT, CA US",0,139,28,17,72,53,89
USW00023190,2006-03-05,34.4241,-119.84249,2.5,"SANTA BARBARA MUNICIPAL AIRPORT, CA US",0,150,28,13,75,60,93
USW00023190,2006-03-06,34.4241,-119.84249,2.5,"SANTA BARBARA MUNICIPAL AIRPORT, CA US",124,133,72,24,88,69,100
USW00023190,2006-03-07,34.4241,-119.84249,2.5,"SANTA BARBARA MUNICIPAL AIRPORT, CA US",0,183,61,51,60,43,93
USW00023190,2006-03-08,34.4241,-119.84249,2.5,"SANTA BARBARA MUNICIPAL AIRPORT, CA US",0,211,28,23,51,26,82
USW00023190,2006-03-09,34.4241,-119.84249,2.5,"SANTA BARBARA MUNICIPAL AIRPORT, CA US",0,189,78,44,56,44,71
USW00023190,2006-03-10,34.4241,-119.84249,2.5,"SANTA BARBARA MUNICIPAL AIRPORT, CA US",41,122,56,34,74,61,90
USW00023190,2006-03-11,34.4241,-119.84249,2.5,"SANTA BARBARA MUNICIPAL AIRPORT, CA US",94,122,50,31,74,48,93
USW00023190,2006-03-12,34.4241,-119.84249,2.5,"SANTA BARBARA MUNICIPAL AIRPORT, CA US",15,111,22,17,77,63,89
USW00023190,2006-03-13,34.4241,-119.84249,2.5,"SANTA BARBARA MUNICIPAL AIRPORT, CA US",0,139,17,19,70,47,93
USW00023190,2006-03-14,34.4241,-119.84249,2.5,"SANTA BARBARA MUNICIPAL AIRPORT, CA US",8,150,22,20,82,53,93
USW00023190,2006-03-15,34.4241,-119.84249,2.5,"SANTA BARBARA MUNICIPAL AIRPORT, CA US",0,167,50,25,67,44,83
USW00023190,2006-03-16,34.4241,-119.84249,2.5,"SANTA BARBARA MUNICIPAL AIRPORT, CA US",0,178,44,19,73,54,93
USW00023190,2006-03-17,34.4241,-119.84249,2.5,"SANTA BARBARA MUNICIPAL AIRPORT, CA US",84,144,67,31,80,61,92
USW00023190,2006-03-18,34.4241,-119.84249,2.5,"SANTA BARBARA MUNICIPAL AIRPORT, CA US",0,172,83,56,60,44,77
USW00023190,2006-03-19,34.4241,-119.84249,2.5,"SANTA BARBARA MUNICIPAL AIRPORT, CA US",0,172,44,47,61,41,85
USW00023190,2006-03-20,34.4241,-119.84249,2.5,"SANTA BARBARA MUNICIPAL AIRPORT, CA US",53,144,44,17,85,67,100
USW00023190,2006-03-21,34.4241,-119.84249,2.5,"SANTA BARBARA MUNICIPAL AIRPORT, CA US",0,161,44,48,65,46,89
USW00023190,2006-03-22,34.4241,-119.84249,2.5,"SANTA BARBARA MUNICIPAL AIRPORT, CA US",0,161,33,19,69,46,89
USW00023190,2006-03-23,34.4241,-119.84249,2.5,"SANTA BARBARA MUNICIPAL AIRPORT, CA US",0,200,33,20,71,37,93
USW00023190,2006-03-24,34.4241,-119.84249,2.5,"SANTA BARBARA MUNICIPAL AIRPORT, CA US",0,206,56,16,75,42,93
USW00023190,2006-03-25,34.4241,-119.84249,2.5,"SANTA BARBARA MUNICIPAL AIRPORT, CA US",23,172,67,22,79,51,93
USW00023190,2006-03-26,34.4241,-119.84249,2.5,"SANTA BARBARA MUNICIPAL AIRPORT, CA US",0,178,50,26,74,48,93
USW00023190,2006-03-27,34.4241,-119.84249,2.5,"SANTA BARBARA MUNICIPAL AIRPORT, CA US",66,161,89,28,84,67,93
USW00023190,2006-03-28,34.4241,-119.84249,2.5,"SANTA BARBARA MUNICIPAL AIRPORT, CA US",234,133,89,37,92,86,97
USW00023190,2006-03-29,34.4241,-119.84249,2.5,"SANTA BARBARA MUNICIPAL AIRPORT, CA US",10,144,39,11,87,72,100
USW00023190,2006-03-30,34.4241,-119.84249,2.5,"SANTA BARBARA MUNICIPAL AIRPORT, CA US",0,161,67,23,79,58,93
USW00023190,2006-03-31,34.4241,-119.84249,2.5,"SANTA BARBARA MUNICIPAL AIRPORT, CA US",53,144,100,27,83,67,93
USW00023190,2006-04-01,34.4241,-119.84249,2.5,"SANTA BARBARA MUNICIPAL AIRPORT, CA US",13,172,78,28,76,52,93
USW00023190,2006-04-02,34.4241,-119.84249,2.5,"SANTA BARBARA MUNICIPAL AIRPORT, CA US",0,156,50,19,74,47,93
USW00023190,2006-04-03,34.4241,-119.84249,2.5,"SANTA BARBARA MUNICIPAL AIRPORT, CA US",719,139,111,37,88,53,96
USW00023190,2006-04-04,34.4241,-119.84249,2.5,"SANTA BARBARA MUNICIPAL AIRPORT, CA US",221,156,100,43,91,75,97
USW00023190,2006-04-05,34.4241,-119.84249,2.5,"SANTA BARBARA MUNICIPAL AIRPORT, CA US",20,156,83,47,75,54,92
USW00023190,2006-04-06,34.4241,-119.84249,2.5,"SANTA BARBARA MUNICIPAL AIRPORT, CA US",0,156,56,24,76,60,89
USW00023190,2006-04-07,34.4241,-119.84249,2.5,"SANTA BARBARA MUNICIPAL AIRPORT, CA US",0,156,67,20,76,56,93
USW00023190,2006-04-08,34.4241,-119.84249,2.5,"SANTA BARBARA MUNICIPAL AIRPORT, CA US",3,167,94,22,80,58,97
USW00023190,2006-04-09,34.4241,-119.84249,2.5,"SANTA BARBARA MUNICIPAL AIRPORT, CA US",0,172,72,28,79,65,93
USW00023190,2006-04-10,34.4241,-119.84249,2.5,"SANTA BARBARA MUNICIPAL AIRPORT, CA US",30,150,67,26,85,77,93
USW00023190,2006-04-11,34.4241,-119.84249,2.5,"SANTA BARBARA MUNICIPAL AIRPORT, CA US",0,167,111,29,82,72,90
USW00023190,2006-04-12,34.4241,-119.84249,2.5,"SANTA BARBARA MUNICIPAL AIRPORT, CA US",0,178,94,31,78,65,93
USW00023190,2006-04-13,34.4241,-119.84249,2.5,"SANTA BARBARA MUNICIPAL AIRPORT, CA US",0,206,78,23,77,59,93
USW00023190,2006-04-14,34.4241,-119.84249,2.5,"SANTA BARBARA MUNICIPAL AIRPORT, CA US",150,161,128,26,89,75,97
USW00023190,2006-04-15,34.4241,-119.84249,2.5,"SANTA BARBARA MUNICIPAL AIRPORT, CA US",0,178,89,31,81,65,96
USW00023190,2006-04-16,34.4241,-119.84249,2.5,"SANTA BARBARA MUNICIPAL AIRPORT, CA US",0,178,78,29,78,60,93
USW00023190,2006-04-17,34.4241,-119.84249,2.5,"SANTA BARBARA MUNICIPAL AIRPORT, CA US",0,206,106,43,50,33,80
USW00023190,2006-04-18,34.4241,-119.84249,2.5,"SANTA BARBARA MUNICIPAL AIRPORT, CA US",0,217,72,21,62,28,86
USW00023190,2006-04-19,34.4241,-119.84249,2.5,"SANTA BARBARA MUNICIPAL AIRPORT, CA US",0,233,72,15,69,38,90
USW00023190,2006-04-20,34.4241,-119.84249,2.5,"SANTA BARBARA MUNICIPAL AIRPORT, CA US",0,194,100,21,83,61,97
USW00023190,2006-04-21,34.4241,-119.84249,2.5,"SANTA BARBARA MUNICIPAL AIRPORT, CA US",0,172,117,31,81,67,93
USW00023190,2006-04-22,34.4241,-119.84249,2.5,"SANTA BARBARA MUNICIPAL AIRPORT, CA US",3,150,111,19,77,67,89
USW00023190,2006-04-23,34.4241,-119.84249,2.5,"SANTA BARBARA MUNICIPAL AIRPORT, CA US",0,167,100,26,75,58,93
USW00023190,2006-04-24,34.4241,-119.84249,2.5,"SANTA BARBARA MUNICIPAL AIRPORT, CA US",0,194,89,19,77,60,93
USW00023190,2006-04-25,34.4241,-119.84249,2.5,"SANTA BARBARA MUNICIPAL AIRPORT, CA US",5,144,94,19,85,74,93
USW00023190,2006-04-26,34.4241,-119.84249,2.5,"SANTA BARBARA MUNICIPAL AIRPORT, CA US",71,172,111,15,81,62,97
USW00023190,2006-04-27,34.4241,-119.84249,2.5,"SANTA BARBARA MUNICIPAL AIRPORT, CA US",0,183,111,25,80,65,93
USW00023190,2006-04-28,34.4241,-119.84249,2.5,"SANTA BARBARA MUNICIPAL AIRPORT, CA US",0,183,100,22,82,68,96
USW00023190,2006-04-29,34.4241,-119.84249,2.5,"SANTA BARBARA MUNICIPAL AIRPORT, CA US",0,172,117,21,85,73,97
USW00023190,2006-04-30,34.4241,-119.84249,2.5,"SANTA BARBARA MUNICIPAL AIRPORT, CA US",0,167,94,20,91,80,100
USW00023190,2006-05-01,34.4241,-119.84249,2.5,"SANTA BARBARA MUNICIPAL AIRPORT, CA US",0,172,117,22,93,81,100
USW00023190,2006-05-02,34.4241,-119.84249,2.5,"SANTA BARBARA MUNICIPAL AIRPORT, CA US",0,161,122,23,90,83,96
USW00023190,2006-05-03,34.4241,-119.84249,2.5,"SANTA BARBARA MUNICIPAL AIRPORT, CA US",0,178,122,24,86,73,97
USW00023190,2006-05-04,34.4241,-119.84249,2.5,"SANTA BARBARA MUNICIPAL AIRPORT, CA US",0,172,128,21,75,62,90
USW00023190,2006-05-05,34.4241,-119.84249,2.5,"SANTA BARBARA MUNICIPAL AIRPORT, CA US",0,178,83,30,78,63,93
USW00023190,2006-05-06,34.4241,-119.84249,2.5,"SANTA BARBARA MUNICIPAL AIRPORT, CA US",0,178,94,22,81,68,93
USW00023190,2006-05-07,34.4241,-119.84249,2.5,"SANTA BARBARA MUNICIPAL AIRPORT, CA US",0,178,89,22,83,68,93
USW00023190,2006-05-08,34.4241,-119.84249,2.5,"SANTA BARBARA MUNICIPAL AIRPORT, CA US",0,172,100,22,88,78,93
USW00023190,2006-05-09,34.4241,-119.84249,2.5,"SANTA BARBARA MUNICIPAL AIRPORT, CA US",3,189,106,20,82,68,93
USW00023190,2006-05-10,34.4241,-119.84249,2.5,"SANTA BARBARA MUNICIPAL AIRPORT, CA US",0,172,89,25,89,80,96
USW00023190,2006-05-11,34.4241,-119.84249,2.5,"SANTA BARBARA MUNICIPAL AIRPORT, CA US",0,178,128,29,90,78,96
USW00023190,2006-05-12,34.4241,-119.84249,2.5,"SANTA BARBARA MUNICIPAL AIRPORT, CA US",0,189,122,24,88,76,97
USW00023190,2006-05-13,34.4241,-119.84249,2.5,"SANTA BARBARA MUNICIPAL AIRPORT, CA US",0,178,111,17,88,78,100
USW00023190,2006-05-14,34.4241,-119.84249,2.5,"SANTA BARBARA MUNICIPAL AIRPORT, CA US",0,178,122,17,92,84,100
USW00023190,2006-05-15,34.4241,-119.84249,2.5,"SANTA BARBARA MUNICIPAL AIRPORT, CA US",0,189,139,27,85,76,93
USW00023190,2006-05-16,34.4241,-119.84249,2.5,"SANTA BARBARA MUNICIPAL AIRPORT, CA US",0,189,139,25,87,73,97
USW00023190,2006-05-17,34.4241,-119.84249,2.5,"SANTA BARBARA MUNICIPAL AIRPORT, CA US",3,178,133,21,92,78,100
USW00023190,2006-05-18,34.4241,-119.84249,2.5,"SANTA BARBARA MUNICIPAL AIRPORT, CA US",0,194,128,22,89,78,100
USW00023190,2006-05-19,34.4241,-119.84249,2.5,"SANTA BARBARA MUNICIPAL AIRPORT, CA US",0,178,133,21,90,81,97
USW00023190,2006-05-20,34.4241,-119.84249,2.5,"SANTA BARBARA MUNICIPAL AIRPORT, CA US",0,206,144,19,83,61,97
USW00023190,2006-05-21,34.4241,-119.84249,2.5,"SANTA BARBARA MUNICIPAL AIRPORT, CA US",221,200,144,47,81,67,93
USW00023190,2006-05-22,34.4241,-119.84249,2.5,"SANTA BARBARA MUNICIPAL AIRPORT, CA US",61,211,128,34,,100,0
USW00023190,2006-05-23,34.4241,-119.84249,2.5,"SANTA BARBARA MUNICIPAL AIRPORT, CA US",0,244,106,34,,100,0
USW00023190,2006-05-24,34.4241,-119.84249,2.5,"SANTA BARBARA MUNICIPAL AIRPORT, CA US",0,333,122,32,60,32,93
USW00023190,2006-05-25,34.4241,-119.84249,2.5,"SANTA BARBARA MUNICIPAL AIRPORT, CA US",0,267,139,24,67,48,90
USW00023190,2006-05-26,34.4241,-119.84249,2.5,"SANTA BARBARA MUNICIPAL AIRPORT, CA US",0,206,117,32,73,51,93
USW00023190,2006-05-27,34.4241,-119.84249,2.5,"SANTA BARBARA MUNICIPAL AIRPORT, CA US",0,239,111,55,51,37,80
USW00023190,2006-05-28,34.4241,-119.84249,2.5,"SANTA BARBARA MUNICIPAL AIRPORT, CA US",0,217,122,30,51,37,68
USW00023190,2006-05-29,34.4241,-119.84249,2.5,"SANTA BARBARA MUNICIPAL AIRPORT, CA US",0,233,83,22,73,43,93
USW00023190,2006-05-30,34.4241,-119.84249,2.5,"SANTA BARBARA MUNICIPAL AIRPORT, CA US",0,244,94,21,74,37,90
USW00023190,2006-05-31,34.4241,-119.84249,2.5,"SANTA BARBARA MUNICIPAL AIRPORT, CA US",0,233,117,23,78,53,93
USW00023190,2006-06-01,34.4241,-119.84249,2.5,"SANTA BARBARA MUNICIPAL AIRPORT, CA US",0,194,128,26,90,78,100
USW00023190,2006-06-02,34.4241,-119.84249,2.5,"SANTA BARBARA MUNICIPAL AIRPORT, CA US",0,217,144,22,86,68,97
USW00023190,2006-06-03,34.4241,-119.84249,2.5,"SANTA BARBARA MUNICIPAL AIRPORT, CA US",0,294,133,24,67,25,100
USW00023190,2006-06-04,34.4241,-119.84249,2.5,"SANTA BARBARA MUNICIPAL AIRPORT, CA US",0,300,156,28,76,35,93
USW00023190,2006-06-05,34.4241,-119.84249,2.5,"SANTA BARBARA MUNICIPAL AIRPORT, CA US",0,206,139,25,86,73,97
USW00023190,2006-06-06,34.4241,-119.84249,2.5,"SANTA BARBARA MUNICIPAL AIRPORT, CA US",0,200,144,31,90,76,100
USW00023190,2006-06-07,34.4241,-119.84249,2.5,"SANTA BARBARA MUNICIPAL AIRPORT, CA US",0,200,150,21,87,73,96
USW00023190,2006-06-08,34.4241,-119.84249,2.5,"SANTA BARBARA MUNICIPAL AIRPORT, CA US",0,206,144,24,82,63,97
USW00023190,2006-06-09,34.4241,-119.84249,2.5,"SANTA BARBARA MUNICIPAL AIRPORT, CA US",0,200,122,27,83,68,96
USW00023190,2006-06-10,34.4241,-119.84249,2.5,"SANTA BARBARA MUNICIPAL AIRPORT, CA US",0,194,122,17,80,68,93
USW00023190,2006-06-11,34.4241,-119.84249,2.5,"SANTA BARBARA MUNICIPAL AIRPORT, CA US",0,183,122,20,83,75,96
USW00023190,2006-06-12,34.4241,-119.84249,2.5,"SANTA BARBARA MUNICIPAL AIRPORT, CA US",0,206,122,24,74,57,87
USW00023190,2006-06-13,34.4241,-119.84249,2.5,"SANTA BARBARA MUNICIPAL AIRPORT, CA US",0,256,94,27,66,40,92
USW00023190,2006-06-14,34.4241,-119.84249,2.5,"SANTA BARBARA MUNICIPAL AIRPORT, CA US",0,322,106,37,57,29,89
USW00023190,2006-06-15,34.4241,-119.84249,2.5,"SANTA BARBARA MUNICIPAL AIRPORT, CA US",0,300,167,53,43,28,68
USW00023190,2006-06-16,34.4241,-119.84249,2.5,"SANTA BARBARA MUNICIPAL AIRPORT, CA US",0,300,144,26,68,40,90
USW00023190,2006-06-17,34.4241,-119.84249,2.5,"SANTA BARBARA MUNICIPAL AIRPORT, CA US",0,239,144,30,82,66,93
USW00023190,2006-06-18,34.4241,-119.84249,2.5,"SANTA BARBARA MUNICIPAL AIRPORT, CA US",0,228,144,32,86,68,97
USW00023190,2006-06-19,34.4241,-119.84249,2.5,"SANTA BARBARA MUNICIPAL AIRPORT, CA US",0,206,128,23,84,63,100
USW00023190,2006-06-20,34.4241,-119.84249,2.5,"SANTA BARBARA MUNICIPAL AIRPORT, CA US",0,189,117,23,85,70,96
USW00023190,2006-06-21,34.4241,-119.84249,2.5,"SANTA BARBARA MUNICIPAL AIRPORT, CA US",0,200,128,31,88,73,100
USW00023190,2006-06-22,34.4241,-119.84249,2.5,"SANTA BARBARA MUNICIPAL AIRPORT, CA US",0,211,139,30,86,73,100
USW00023190,2006-06-23,34.4241,-119.84249,2.5,"SANTA BARBARA MUNICIPAL AIRPORT, CA US",0,189,139,32,89,76,96
USW00023190,2006-06-24,34.4241,-119.84249,2.5,"SANTA BARBARA MUNICIPAL AIRPORT, CA US",0,194,133,38,88,73,100
USW00023190,2006-06-25,34.4241,-119.84249,2.5,"SANTA BARBARA MUNICIPAL AIRPORT, CA US",0,250,139,24,82,62,100
USW00023190,2006-06-26,34.4241,-119.84249,2.5,"SANTA BARBARA MUNICIPAL AIRPORT, CA US",0,228,144,28,84,66,97
USW00023190,2006-06-27,34.4241,-119.84249,2.5,"SANTA BARBARA MUNICIPAL AIRPORT, CA US",0,233,144,29,83,64,97
USW00023190,2006-06-28,34.4241,-119.84249,2.5,"SANTA BARBARA MUNICIPAL AIRPORT, CA US",0,261,128,25,81,52,97
USW00023190,2006-06-29,34.4241,-119.84249,2.5,"SANTA BARBARA MUNICIPAL AIRPORT, CA US",0,239,133,22,77,52,96
USW00023190,2006-06-30,34.4241,-119.84249,2.5,"SANTA BARBARA MUNICIPAL AIRPORT, CA US",0,344,133,29,61,18,93
USW00023190,2006-07-01,34.4241,-119.84249,2.5,"SANTA BARBARA MUNICIPAL AIRPORT, CA US",0,239,139,28,72,52,90
USW00023190,2006-07-02,34.4241,-119.84249,2.5,"SANTA BARBARA MUNICIPAL AIRPORT, CA US",0,239,133,22,76,57,93
USW00023190,2006-07-03,34.4241,-119.84249,2.5,"SANTA BARBARA MUNICIPAL AIRPORT, CA US",0,244,128,21,76,52,93
USW00023190,2006-07-04,34.4241,-119.84249,2.5,"SANTA BARBARA MUNICIPAL AIRPORT, CA US",0,228,139,20,76,55,93
USW00023190,2006-07-05,34.4241,-119.84249,2.5,"SANTA BARBARA MUNICIPAL AIRPORT, CA US",0,256,144,24,73,48,90
USW00023190,2006-07-06,34.4241,-119.84249,2.5,"SANTA BARBARA MUNICIPAL AIRPORT, CA US",0,239,128,22,74,54,90
USW00023190,2006-07-07,34.4241,-119.84249,2.5,"SANTA BARBARA MUNICIPAL AIRPORT, CA US",0,239,128,23,75,54,90
USW00023190,2006-07-08,34.4241,-119.84249,2.5,"SANTA BARBARA MUNICIPAL AIRPORT, CA US",0,256,128,23,75,52,93
USW00023190,2006-07-09,34.4241,-119.84249,2.5,"SANTA BARBARA MUNICIPAL AIRPORT, CA US",0,211,133,27,87,71,100
USW00023190,2006-07-10,34.4241,-119.84249,2.5,"SANTA BARBARA MUNICIPAL AIRPORT, CA US",0,211,133,30,88,70,100
USW00023190,2006-07-11,34.4241,-119.84249,2.5,"SANTA BARBARA MUNICIPAL AIRPORT, CA US",0,211,133,24,84,63,100
USW00023190,2006-07-12,34.4241,-119.84249,2.5,"SANTA BARBARA MUNICIPAL AIRPORT, CA US",0,250,122,19,77,54,93
USW00023190,2006-07-13,34.4241,-119.84249,2.5,"SANTA BARBARA MUNICIPAL AIRPORT, CA US",0,261,133,21,79,50,100
USW00023190,2006-07-14,34.4241,-119.84249,2.5,"SANTA BARBARA MUNICIPAL AIRPORT, CA US",0,250,144,25,77,54,96
USW00023190,2006-07-15,34.4241,-119.84249,2.5,"SANTA BARBARA MUNICIPAL AIRPORT, CA US",0,261,150,27,75,50,90
USW00023190,2006-07-16,34.4241,-119.84249,2.5,"SANTA BARBARA MUNICIPAL AIRPORT, CA US",0,283,150,25,76,53,90
USW00023190,2006-07-17,34.4241,-119.84249,2.5,"SANTA BARBARA MUNICIPAL AIRPORT, CA US",0,261,150,22,79,62,90
USW00023190,2006-07-18,34.4241,-119.84249,2.5,"SANTA BARBARA MUNICIPAL AIRPORT, CA US",0,250,172,25,80,69,90
USW00023190,2006-07-19,34.4241,-119.84249,2.5,"SANTA BARBARA MUNICIPAL AIRPORT, CA US",0,250,172,28,85,62,93
USW00023190,2006-07-20,34.4241,-119.84249,2.5,"SANTA BARBARA MUNICIPAL AIRPORT, CA US",0,222,167,30,84,68,96
USW00023190,2006-07-21,34.4241,-119.84249,2.5,"SANTA BARBARA MUNICIPAL AIRPORT, CA US",0,261,167,21,82,58,96
USW00023190,2006-07-22,34.4241,-119.84249,2.5,"SANTA BARBARA MUNICIPAL AIRPORT, CA US",0,283,178,25,78,58,93
USW00023190,2006-07-23,34.4241,-119.84249,2.5,"SANTA BARBARA MUNICIPAL AIRPORT, CA US",0,339,183,22,74,43,93
USW00023190,2006-07-24,34.4241,-119.84249,2.5,"SANTA BARBARA MUNICIPAL AIRPORT, CA US",0,278,178,17,76,61,91
USW00023190,2006-07-25,34.4241,-119.84249,2.5,"SANTA BARBARA MUNICIPAL AIRPORT, CA US",0,261,183,26,84,71,93
USW00023190,2006-07-26,34.4241,-119.84249,2.5,"SANTA BARBARA MUNICIPAL AIRPORT, CA US",0,272,183,21,82,67,93
USW00023190,2006-07-27,34.4241,-119.84249,2.5,"SANTA BARBARA MUNICIPAL AIRPORT, CA US",0,272,183,27,85,62,100
USW00023190,2006-07-28,34.4241,-119.84249,2.5,"SANTA BARBARA MUNICIPAL AIRPORT, CA US",0,272,200,28,80,64,93
USW00023190,2006-07-29,34.4241,-119.84249,2.5,"SANTA BARBARA MUNICIPAL AIRPORT, CA US",0,250,183,33,83,69,93
USW00023190,2006-07-30,34.4241,-119.84249,2.5,"SANTA BARBARA MUNICIPAL AIRPORT, CA US",0,239,183,26,81,69,93
USW00023190,2006-07-31,34.4241,-119.84249,2.5,"SANTA BARBARA MUNICIPAL AIRPORT, CA US",0,233,161,22,79,68,90
USW00023190,2006-08-01,34.4241,-119.84249,2.5,"SANTA BARBARA MUNICIPAL AIRPORT, CA US",0,250,150,18,72,60,84
USW00023190,2006-08-02,34.4241,-119.84249,2.5,"SANTA BARBARA MUNICIPAL AIRPORT, CA US",0,256,150,25,75,58,90
USW00023190,2006-08-03,34.4241,-119.84249,2.5,"SANTA BARBARA MUNICIPAL AIRPORT, CA US",0,239,178,24,78,67,90
USW00023190,2006-08-04,34.4241,-119.84249,2.5,"SANTA BARBARA MUNICIPAL AIRPORT, CA US",5,228,178,22,81,64,93
USW00023190,2006-08-05,34.4241,-119.84249,2.5,"SANTA BARBARA MUNICIPAL AIRPORT, CA US",0,239,161,32,70,56,81
USW00023190,2006-08-06,34.4241,-119.84249,2.5,"SANTA BARBARA MUNICIPAL AIRPORT, CA US",0,233,128,28,72,59,90
USW00023190,2006-08-07,34.4241,-119.84249,2.5,"SANTA BARBARA MUNICIPAL AIRPORT, CA US",0,250,122,17,68,48,87
USW00023190,2006-08-08,34.4241,-119.84249,2.5,"SANTA BARBARA MUNICIPAL AIRPORT, CA US",0,261,122,22,71,50,90
USW00023190,2006-08-09,34.4241,-119.84249,2.5,"SANTA BARBARA MUNICIPAL AIRPORT, CA US",0,239,150,25,83,64,97
USW00023190,2006-08-10,34.4241,-119.84249,2.5,"SANTA BARBARA MUNICIPAL AIRPORT, CA US",0,244,167,28,80,64,97
USW00023190,2006-08-11,34.4241,-119.84249,2.5,"SANTA BARBARA MUNICIPAL AIRPORT, CA US",0,233,161,24,80,64,93
USW00023190,2006-08-12,34.4241,-119.84249,2.5,"SANTA BARBARA MUNICIPAL AIRPORT, CA US",0,233,128,27,78,62,90
USW00023190,2006-08-13,34.4241,-119.84249,2.5,"SANTA BARBARA MUNICIPAL AIRPORT, CA US",0,228,139,27,79,61,90
USW00023190,2006-08-14,34.4241,-119.84249,2.5,"SANTA BARBARA MUNICIPAL AIRPORT, CA US",0,228,144,32,74,57,90
USW00023190,2006-08-15,34.4241,-119.84249,2.5,"SANTA BARBARA MUNICIPAL AIRPORT, CA US",0,228,111,27,75,57,93
USW00023190,2006-08-16,34.4241,-119.84249,2.5,"SANTA BARBARA MUNICIPAL AIRPORT, CA US",0,233,156,26,77,59,90
USW00023190,2006-08-17,34.4241,-119.84249,2.5,"SANTA BARBARA MUNICIPAL AIRPORT, CA US",0,233,144,25,79,63,90
USW00023190,2006-08-18,34.4241,-119.84249,2.5,"SANTA BARBARA MUNICIPAL AIRPORT, CA US",0,217,128,28,81,63,93
USW00023190,2006-08-19,34.4241,-119.84249,2.5,"SANTA BARBARA MUNICIPAL AIRPORT, CA US",0,222,150,31,80,63,93
USW00023190,2006-08-20,34.4241,-119.84249,2.5,"SANTA BARBARA MUNICIPAL AIRPORT, CA US",0,222,150,26,79,61,90
USW00023190,2006-08-21,34.4241,-119.84249,2.5,"SANTA BARBARA MUNICIPAL AIRPORT, CA US",0,256,111,25,77,47,93
USW00023190,2006-08-22,34.4241,-119.84249,2.5,"SANTA BARBARA MUNICIPAL AIRPORT, CA US",0,244,111,27,78,50,90
USW00023190,2006-08-23,34.4241,-119.84249,2.5,"SANTA BARBARA MUNICIPAL AIRPORT, CA US",0,261,150,22,77,47,96
USW00023190,2006-08-24,34.4241,-119.84249,2.5,"SANTA BARBARA MUNICIPAL AIRPORT, CA US",0,233,139,26,81,61,93
USW00023190,2006-08-25,34.4241,-119.84249,2.5,"SANTA BARBARA MUNICIPAL AIRPORT, CA US",0,228,111,22,78,59,93
USW00023190,2006-08-26,34.4241,-119.84249,2.5,"SANTA BARBARA MUNICIPAL AIRPORT, CA US",0,222,150,31,79,59,90
USW00023190,2006-08-27,34.4241,-119.84249,2.5,"SANTA BARBARA MUNICIPAL AIRPORT, CA US",0,233,128,20,82,52,100
USW00023190,2006-08-28,34.4241,-119.84249,2.5,"SANTA BARBARA MUNICIPAL AIRPORT, CA US",0,244,111,17,80,54,96
USW00023190,2006-08-29,34.4241,-119.84249,2.5,"SANTA BARBARA MUNICIPAL AIRPORT, CA US",0,250,128,18,78,54,93
USW00023190,2006-08-30,34.4241,-119.84249,2.5,"SANTA BARBARA MUNICIPAL AIRPORT, CA US",0,233,139,25,79,59,93
USW00023190,2006-08-31,34.4241,-119.84249,2.5,"SANTA BARBARA MUNICIPAL AIRPORT, CA US",0,211,139,23,83,64,100
USW00023190,2006-09-01,34.4241,-119.84249,2.5,"SANTA BARBARA MUNICIPAL AIRPORT, CA US",0,217,133,25,84,59,100
USW00023190,2006-09-02,34.4241,-119.84249,2.5,"SANTA BARBARA MUNICIPAL AIRPORT, CA US",0,250,117,21,75,48,93
USW00023190,2006-09-03,34.4241,-119.84249,2.5,"SANTA BARBARA MUNICIPAL AIRPORT, CA US",0,272,128,18,72,41,87
USW00023190,2006-09-04,34.4241,-119.84249,2.5,"SANTA BARBARA MUNICIPAL AIRPORT, CA US",0,250,133,24,73,48,90
USW00023190,2006-09-05,34.4241,-119.84249,2.5,"SANTA BARBARA MUNICIPAL AIRPORT, CA US",0,239,122,19,77,52,93
USW00023190,2006-09-06,34.4241,-119.84249,2.5,"SANTA BARBARA MUNICIPAL AIRPORT, CA US",0,239,133,27,78,58,93
USW00023190,2006-09-07,34.4241,-119.84249,2.5,"SANTA BARBARA MUNICIPAL AIRPORT, CA US",0,217,139,29,87,70,97
USW00023190,2006-09-08,34.4241,-119.84249,2.5,"SANTA BARBARA MUNICIPAL AIRPORT, CA US",0,211,117,22,80,61,93
USW00023190,2006-09-09,34.4241,-119.84249,2.5,"SANTA BARBARA MUNICIPAL AIRPORT, CA US",0,222,128,19,71,55,87
USW00023190,2006-09-10,34.4241,-119.84249,2.5,"SANTA BARBARA MUNICIPAL AIRPORT, CA US",0,211,122,24,78,61,93
USW00023190,2006-09-11,34.4241,-119.84249,2.5,"SANTA BARBARA MUNICIPAL AIRPORT, CA US",0,194,117,26,88,73,97
USW00023190,2006-09-12,34.4241,-119.84249,2.5,"SANTA BARBARA MUNICIPAL AIRPORT, CA US",0,200,139,27,88,70,100
USW00023190,2006-09-13,34.4241,-119.84249,2.5,"SANTA BARBARA MUNICIPAL AIRPORT, CA US",0,200,144,30,85,73,96
USW00023190,2006-09-14,34.4241,-119.84249,2.5,"SANTA BARBARA MUNICIPAL AIRPORT, CA US",0,194,156,24,82,73,90
USW00023190,2006-09-15,34.4241,-119.84249,2.5,"SANTA BARBARA MUNICIPAL AIRPORT, CA US",0,244,111,28,64,45,93
USW00023190,2006-09-16,34.4241,-119.84249,2.5,"SANTA BARBARA MUNICIPAL AIRPORT, CA US",0,267,78,23,57,22,84
USW00023190,2006-09-17,34.4241,-119.84249,2.5,"SANTA BARBARA MUNICIPAL AIRPORT, CA US",0,306,106,16,59,12,90
USW00023190,2006-09-18,34.4241,-119.84249,2.5,"SANTA BARBARA MUNICIPAL AIRPORT, CA US",0,294,106,19,54,15,75
USW00023190,2006-09-19,34.4241,-119.84249,2.5,"SANTA BARBARA MUNICIPAL AIRPORT, CA US",0,217,122,22,80,57,97
USW00023190,2006-09-20,34.4241,-119.84249,2.5,"SANTA BARBARA MUNICIPAL AIRPORT, CA US",0,211,100,22,79,61,96
USW00023190,2006-09-21,34.4241,-119.84249,2.5,"SANTA BARBARA MUNICIPAL AIRPORT, CA US",0,222,89,21,80,63,93
USW00023190,2006-09-22,34.4241,-119.84249,2.5,"SANTA BARBARA MUNICIPAL AIRPORT, CA US",0,228,161,33,70,55,84
USW00023190,2006-09-23,34.4241,-119.84249,2.5,"SANTA BARBARA MUNICIPAL AIRPORT, CA US",0,239,133,30,74,59,87
USW00023190,2006-09-24,34.4241,-119.84249,2.5,"SANTA BARBARA MUNICIPAL AIRPORT, CA US",0,239,106,30,75,53,93
USW00023190,2006-09-25,34.4241,-119.84249,2.5,"SANTA BARBARA MUNICIPAL AIRPORT, CA US",0,222,100,26,80,63,93
USW00023190,2006-09-26,34.4241,-119.84249,2.5,"SANTA BARBARA MUNICIPAL AIRPORT, CA US",0,211,133,28,79,65,87
USW00023190,2006-09-27,34.4241,-119.84249,2.5,"SANTA BARBARA MUNICIPAL AIRPORT, CA US",0,228,106,20,80,61,96
USW00023190,2006-09-28,34.4241,-119.84249,2.5,"SANTA BARBARA MUNICIPAL AIRPORT, CA US",0,233,117,19,81,59,96
USW00023190,2006-09-29,34.4241,-119.84249,2.5,"SANTA BARBARA MUNICIPAL AIRPORT, CA US",0,222,100,18,83,59,97
USW00023190,2006-09-30,34.4241,-119.84249,2.5,"SANTA BARBARA MUNICIPAL AIRPORT, CA US",0,206,106,17,80,68,96
USW00023190,2006-10-01,34.4241,-119.84249,2.5,"SANTA BARBARA MUNICIPAL AIRPORT, CA US",33,189,117,19,88,81,93
USW00023190,2006-10-02,34.4241,-119.84249,2.5,"SANTA BARBARA MUNICIPAL AIRPORT, CA US",0,239,122,25,77,53,93
USW00023190,2006-10-03,34.4241,-119.84249,2.5,"SANTA BARBARA MUNICIPAL AIRPORT, CA US",0,228,100,16,72,48,89
USW00023190,2006-10-04,34.4241,-119.84249,2.5,"SANTA BARBARA MUNICIPAL AIRPORT, CA US",0,217,89,19,73,47,89
USW00023190,2006-10-05,34.4241,-119.84249,2.5,"SANTA BARBARA MUNICIPAL AIRPORT, CA US",3,206,100,27,74,57,90
USW00023190,2006-10-06,34.4241,-119.84249,2.5,"SANTA BARBARA MUNICIPAL AIRPORT, CA US",0,200,83,22,74,59,90
USW00023190,2006-10-07,34.4241,-119.84249,2.5,"SANTA BARBARA MUNICIPAL AIRPORT, CA US",0,206,78,15,76,55,90
USW00023190,2006-10-08,34.4241,-119.84249,2.5,"SANTA BARBARA MUNICIPAL AIRPORT, CA US",0,222,89,18,81,66,93
USW00023190,2006-10-09,34.4241,-119.84249,2.5,"SANTA BARBARA MUNICIPAL AIRPORT, CA US",0,206,128,27,77,65,93
USW00023190,2006-10-10,34.4241,-119.84249,2.5,"SANTA BARBARA MUNICIPAL AIRPORT, CA US",0,217,100,13,71,51,87
USW00023190,2006-10-11,34.4241,-119.84249,2.5,"SANTA BARBARA MUNICIPAL AIRPORT, CA US",0,222,94,17,69,47,90
USW00023190,2006-10-12,34.4241,-119.84249,2.5,"SANTA BARBARA MUNICIPAL AIRPORT, CA US",0,217,100,20,71,53,84
USW00023190,2006-10-13,34.4241,-119.84249,2.5,"SANTA BARBARA MUNICIPAL AIRPORT, CA US",0,217,106,23,74,55,87
USW00023190,2006-10-14,34.4241,-119.84249,2.5,"SANTA BARBARA MUNICIPAL AIRPORT, CA US",0,222,94,18,70,53,86
USW00023190,2006-10-15,34.4241,-119.84249,2.5,"SANTA BARBARA MUNICIPAL AIRPORT, CA US",0,206,100,21,72,55,89
USW00023190,2006-10-16,34.4241,-119.84249,2.5,"SANTA BARBARA MUNICIPAL AIRPORT, CA US",0,206,89,16,76,59,90
USW00023190,2006-10-17,34.4241,-119.84249,2.5,"SANTA BARBARA MUNICIPAL AIRPORT, CA US",0,233,83,28,60,35,86
USW00023190,2006-10-18,34.4241,-119.84249,2.5,"SANTA BARBARA MUNICIPAL AIRPORT, CA US",0,244,67,14,55,24,83
USW00023190,2006-10-19,34.4241,-119.84249,2.5,"SANTA BARBARA MUNICIPAL AIRPORT, CA US",0,272,61,14,43,13,74
USW00023190,2006-10-20,34.4241,-119.84249,2.5,"SANTA BARBARA MUNICIPAL AIRPORT, CA US",0,267,61,14,59,27,89
USW00023190,2006-10-21,34.4241,-119.84249,2.5,"SANTA BARBARA MUNICIPAL AIRPORT, CA US",0,228,94,17,82,50,96
USW00023190,2006-10-22,34.4241,-119.84249,2.5,"SANTA BARBARA MUNICIPAL AIRPORT, CA US",0,217,100,16,79,51,97
USW00023190,2006-10-23,34.4241,-119.84249,2.5,"SANTA BARBARA MUNICIPAL AIRPORT, CA US",0,256,83,18,73,35,96
USW00023190,2006-10-24,34.4241,-119.84249,2.5,"SANTA BARBARA MUNICIPAL AIRPORT, CA US",0,194,111,24,83,70,93
USW00023190,2006-10-25,34.4241,-119.84249,2.5,"SANTA BARBARA MUNICIPAL AIRPORT, CA US",0,189,83,21,83,70,93
USW00023190,2006-10-26,34.4241,-119.84249,2.5,"SANTA BARBARA MUNICIPAL AIRPORT, CA US",0,267,72,11,50,13,96
USW00023190,2006-10-27,34.4241,-119.84249,2.5,"SANTA BARBARA MUNICIPAL AIRPORT, CA US",0,272,39,16,43,12,70
USW00023190,2006-10-28,34.4241,-119.84249,2.5,"SANTA BARBARA MUNICIPAL AIRPORT, CA US",0,278,39,15,59,13,93
USW00023190,2006-10-29,34.4241,-119.84249,2.5,"SANTA BARBARA MUNICIPAL AIRPORT, CA US",0,206,56,17,73,55,86
USW00023190,2006-10-30,34.4241,-119.84249,2.5,"SANTA BARBARA MUNICIPAL AIRPORT, CA US",0,194,61,19,77,59,90
USW00023190,2006-10-31,34.4241,-119.84249,2.5,"SANTA BARBARA MUNICIPAL AIRPORT, CA US",0,189,83,20,71,54,86
USW00023190,2006-11-01,34.4241,-119.84249,2.5,"SANTA BARBARA MUNICIPAL AIRPORT, CA US",0,194,72,16,79,59,90
USW00023190,2006-11-02,34.4241,-119.84249,2.5,"SANTA BARBARA MUNICIPAL AIRPORT, CA US",0,244,100,21,76,57,86
USW00023190,2006-11-03,34.4241,-119.84249,2.5,"SANTA BARBARA MUNICIPAL AIRPORT, CA US",0,222,89,17,81,61,93
USW00023190,2006-11-04,34.4241,-119.84249,2.5,"SANTA BARBARA MUNICIPAL AIRPORT, CA US",0,233,83,13,78,46,97
USW00023190,2006-11-05,34.4241,-119.84249,2.5,"SANTA BARBARA MUNICIPAL AIRPORT, CA US",0,267,67,10,66,26,84
USW00023190,2006-11-06,34.4241,-119.84249,2.5,"SANTA BARBARA MUNICIPAL AIRPORT, CA US",0,311,83,18,50,13,80
USW00023190,2006-11-07,34.4241,-119.84249,2.5,"SANTA BARBARA MUNICIPAL AIRPORT, CA US",0,311,89,13,60,18,90
USW00023190,2006-11-08,34.4241,-119.84249,2.5,"SANTA BARBARA MUNICIPAL AIRPORT, CA US",0,261,89,19,62,37,86
USW00023190,2006-11-09,34.4241,-119.84249,2.5,"SANTA BARBARA MUNICIPAL AIRPORT, CA US",0,239,83,25,55,26,80
USW00023190,2006-11-10,34.4241,-119.84249,2.5,"SANTA BARBARA MUNICIPAL AIRPORT, CA US",0,233,39,16,59,30,89
USW00023190,2006-11-11,34.4241,-119.84249,2.5,"SANTA BARBARA MUNICIPAL AIRPORT, CA US",0,228,61,33,58,27,73
USW00023190,2006-11-12,34.4241,-119.84249,2.5,"SANTA BARBARA MUNICIPAL AIRPORT, CA US",0,217,50,13,61,32,83
USW00023190,2006-11-13,34.4241,-119.84249,2.5,"SANTA BARBARA MUNICIPAL AIRPORT, CA US",0,217,44,21,60,26,83
USW00023190,2006-11-14,34.4241,-119.84249,2.5,"SANTA BARBARA MUNICIPAL AIRPORT, CA US",0,239,111,38,69,50,93
USW00023190,2006-11-15,34.4241,-119.84249,2.5,"SANTA BARBARA MUNICIPAL AIRPORT, CA US",0,267,72,13,70,29,96
USW00023190,2006-11-16,34.4241,-119.84249,2.5,"SANTA BARBARA MUNICIPAL AIRPORT, CA US",0,222,56,11,78,49,96
USW00023190,2006-11-17,34.4241,-119.84249,2.5,"SANTA BARBARA MUNICIPAL AIRPORT, CA US",0,217,83,15,78,59,90
USW00023190,2006-11-18,34.4241,-119.84249,2.5,"SANTA BARBARA MUNICIPAL AIRPORT, CA US",0,272,83,10,74,36,93
USW00023190,2006-11-19,34.4241,-119.84249,2.5,"SANTA BARBARA MUNICIPAL AIRPORT, CA US",0,267,61,11,73,32,93
USW00023190,2006-11-20,34.4241,-119.84249,2.5,"SANTA BARBARA MUNICIPAL AIRPORT, CA US",0,256,61,9,73,30,93
USW00023190,2006-11-21,34.4241,-119.84249,2.5,"SANTA BARBARA MUNICIPAL AIRPORT, CA US",0,189,61,17,78,70,89
USW00023190,2006-11-22,34.4241,-119.84249,2.5,"SANTA BARBARA MUNICIPAL AIRPORT, CA US",0,189,94,17,81,68,93
USW00023190,2006-11-23,34.4241,-119.84249,2.5,"SANTA BARBARA MUNICIPAL AIRPORT, CA US",0,211,50,10,78,45,93
USW00023190,2006-11-24,34.4241,-119.84249,2.5,"SANTA BARBARA MUNICIPAL AIRPORT, CA US",0,194,22,15,74,54,92
USW00023190,2006-11-25,34.4241,-119.84249,2.5,"SANTA BARBARA MUNICIPAL AIRPORT, CA US",0,189,50,22,49,27,80
USW00023190,2006-11-26,34.4241,-119.84249,2.5,"SANTA BARBARA MUNICIPAL AIRPORT, CA US",30,183,56,21,49,33,86
USW00023190,2006-11-27,34.4241,-119.84249,2.5,"SANTA BARBARA MUNICIPAL AIRPORT, CA US",38,194,83,30,71,39,93
USW00023190,2006-11-28,34.4241,-119.84249,2.5,"SANTA BARBARA MUNICIPAL AIRPORT, CA US",0,189,44,40,39,18,71
USW00023190,2006-11-29,34.4241,-119.84249,2.5,"SANTA BARBARA MUNICIPAL AIRPORT, CA US",0,167,0,11,56,30,82
USW00023190,2006-11-30,34.4241,-119.84249,2.5,"SANTA BARBARA MUNICIPAL AIRPORT, CA US",0,161,11,11,67,39,89
USW00023190,2006-12-01,34.4241,-119.84249,2.5,"SANTA BARBARA MUNICIPAL AIRPORT, CA US",0,183,11,9,65,40,82
USW00023190,2006-12-02,34.4241,-119.84249,2.5,"SANTA BARBARA MUNICIPAL AIRPORT, CA US",0,217,17,11,57,26,82
USW00023190,2006-12-03,34.4241,-119.84249,2.5,"SANTA BARBARA MUNICIPAL AIRPORT, CA US",0,211,6,14,59,23,79
USW00023190,2006-12-04,34.4241,-119.84249,2.5,"SANTA BARBARA MUNICIPAL AIRPORT, CA US",0,222,0,12,50,13,79
USW00023190,2006-12-05,34.4241,-119.84249,2.5,"SANTA BARBARA MUNICIPAL AIRPORT, CA US",0,206,-6,5,52,15,75
USW00023190,2006-12-06,34.4241,-119.84249,2.5,"SANTA BARBARA MUNICIPAL AIRPORT, CA US",0,194,-6,12,74,42,93
USW00023190,2006-12-07,34.4241,-119.84249,2.5,"SANTA BARBARA MUNICIPAL AIRPORT, CA US",0,244,-6,12,66,21,93
USW00023190,2006-12-08,34.4241,-119.84249,2.5,"SANTA BARBARA MUNICIPAL AIRPORT, CA US",8,217,22,17,65,32,86
USW00023190,2006-12-09,34.4241,-119.84249,2.5,"SANTA BARBARA MUNICIPAL AIRPORT, CA US",135,183,106,26,85,75,93
USW00023190,2006-12-10,34.4241,-119.84249,2.5,"SANTA BARBARA MUNICIPAL AIRPORT, CA US",18,172,83,34,79,54,93
USW00023190,2006-12-11,34.4241,-119.84249,2.5,"SANTA BARBARA MUNICIPAL AIRPORT, CA US",0,172,39,13,80,49,97
USW00023190,2006-12-12,34.4241,-119.84249,2.5,"SANTA BARBARA MUNICIPAL AIRPORT, CA US",0,194,44,24,74,54,93
USW00023190,2006-12-13,34.4241,-119.84249,2.5,"SANTA BARBARA MUNICIPAL AIRPORT, CA US",0,222,100,17,68,43,86
USW00023190,2006-12-14,34.4241,-119.84249,2.5,"SANTA BARBARA MUNICIPAL AIRPORT, CA US",0,233,61,15,70,43,90
USW00023190,2006-12-15,34.4241,-119.84249,2.5,"SANTA BARBARA MUNICIPAL AIRPORT, CA US",0,194,44,21,78,49,93
USW00023190,2006-12-16,34.4241,-119.84249,2.5,"SANTA BARBARA MUNICIPAL AIRPORT, CA US",3,156,50,37,66,38,87
USW00023190,2006-12-17,34.4241,-119.84249,2.5,"SANTA BARBARA MUNICIPAL AIRPORT, CA US",0,161,22,26,56,23,93
USW00023190,2006-12-18,34.4241,-119.84249,2.5,"SANTA BARBARA MUNICIPAL AIRPORT, CA US",0,150,-6,17,60,41,78
USW00023190,2006-12-19,34.4241,-119.84249,2.5,"SANTA BARBARA MUNICIPAL AIRPORT, CA US",0,156,-22,19,62,42,82
USW00023190,2006-12-20,34.4241,-119.84249,2.5,"SANTA BARBARA MUNICIPAL AIRPORT, CA US",0,156,-6,13,64,33,85
USW00023190,2006-12-21,34.4241,-119.84249,2.5,"SANTA BARBARA MUNICIPAL AIRPORT, CA US",0,156,-6,10,67,41,85
USW00023190,2006-12-22,34.4241,-119.84249,2.5,"SANTA BARBARA MUNICIPAL AIRPORT, CA US",3,189,22,23,59,33,92
USW00023190,2006-12-23,34.4241,-119.84249,2.5,"SANTA BARBARA MUNICIPAL AIRPORT, CA US",0,183,0,10,61,35,79
USW00023190,2006-12-24,34.4241,-119.84249,2.5,"SANTA BARBARA MUNICIPAL AIRPORT, CA US",0,217,22,11,55,17,76
USW00023190,2006-12-25,34.4241,-119.84249,2.5,"SANTA BARBARA MUNICIPAL AIRPORT, CA US",0,233,28,12,56,21,79
USW00023190,2006-12-26,34.4241,-119.84249,2.5,"SANTA BARBARA MUNICIPAL AIRPORT, CA US",0,194,50,11,62,39,77
USW00023190,2006-12-27,34.4241,-119.84249,2.5,"SANTA BARBARA MUNICIPAL AIRPORT, CA US",81,156,94,73,60,43,97
USW00023190,2006-12-28,34.4241,-119.84249,2.5,"SANTA BARBARA MUNICIPAL AIRPORT, CA US",0,183,17,31,42,22,73
USW00023190,2006-12-29,34.4241,-119.84249,2.5,"SANTA BARBARA MUNICIPAL AIRPORT, CA US",0,172,-6,12,65,32,83
USW00023190,2006-12-30,34.4241,-119.84249,2.5,"SANTA BARBARA MUNICIPAL AIRPORT, CA US",0,156,0,12,79,58,93
USW00023190,2006-12-31,34.4241,-119.84249,2.5,"SANTA BARBARA MUNICIPAL AIRPORT, CA US",0,172,17,16,77,52,100
USW00023190,2007-01-01,34.4241,-119.84249,2.5,"SANTA BARBARA MUNICIPAL AIRPORT, CA US",0,206,28,15,70,30,86
USW00023190,2007-01-02,34.4241,-119.84249,2.5,"SANTA BARBARA MUNICIPAL AIRPORT, CA US",0,211,17,13,58,23,89
USW00023190,2007-01-03,34.4241,-119.84249,2.5,"SANTA BARBARA MUNICIPAL AIRPORT, CA US",0,183,39,13,74,45,93
USW00023190,2007-01-04,34.4241,-119.84249,2.5,"SANTA BARBARA MUNICIPAL AIRPORT, CA US",0,183,22,38,72,43,93
USW00023190,2007-01-05,34.4241,-119.84249,2.5,"SANTA BARBARA MUNICIPAL AIRPORT, CA US",0,156,56,47,33,14,58
USW00023190,2007-01-06,34.4241,-119.84249,2.5,"SANTA BARBARA MUNICIPAL AIRPORT, CA US",0,222,0,23,41,16,67
USW00023190,2007-01-07,34.4241,-119.84249,2.5,"SANTA BARBARA MUNICIPAL AIRPORT, CA US",0,200,28,13,53,26,73
USW00023190,2007-01-08,34.4241,-119.84249,2.5,"SANTA BARBARA MUNICIPAL AIRPORT, CA US",0,239,6,12,47,14,79
USW00023190,2007-01-09,34.4241,-119.84249,2.5,"SANTA BARBARA MUNICIPAL AIRPORT, CA US",0,261,28,7,45,11,76
USW00023190,2007-01-10,34.4241,-119.84249,2.5,"SANTA BARBARA MUNICIPAL AIRPORT, CA US",0,183,44,9,70,42,93
USW00023190,2007-01-11,34.4241,-119.84249,2.5,"SANTA BARBARA MUNICIPAL AIRPORT, CA US",0,172,39,31,53,31,89
USW00023190,2007-01-12,34.4241,-119.84249,2.5,"SANTA BARBARA MUNICIPAL AIRPORT, CA US",0,133,-6,42,28,14,54
USW00023190,2007-01-13,34.4241,-119.84249,2.5,"SANTA BARBARA MUNICIPAL AIRPORT, CA US",0,117,-28,20,42,16,69
USW00023190,2007-01-14,34.4241,-119.84249,2.5,"SANTA BARBARA MUNICIPAL AIRPORT, CA US",0,117,-33,12,56,34,75
USW00023190,2007-01-15,34.4241,-119.84249,2.5,"SANTA BARBARA MUNICIPAL AIRPORT, CA US",0,133,-39,13,54,31,75
USW00023190,2007-01-16,34.4241,-119.84249,2.5,"SANTA BARBARA MUNICIPAL AIRPORT, CA US",0,150,-44,16,59,32,82
USW00023190,2007-01-17,34.4241,-119.84249,2.5,"SANTA BARBARA MUNICIPAL AIRPORT, CA US",5,133,-22,33,58,19,85
USW00023190,2007-01-18,34.4241,-119.84249,2.5,"SANTA BARBARA MUNICIPAL AIRPORT, CA US",0,194,6,27,40,10,75
USW00023190,2007-01-19,34.4241,-119.84249,2.5,"SANTA BARBARA MUNICIPAL AIRPORT, CA US",0,189,-22,17,57,18,79
USW00023190,2007-01-20,34.4241,-119.84249,2.5,"SANTA BARBARA MUNICIPAL AIRPORT, CA US",0,156,0,14,73,53,89
USW00023190,2007-01-21,34.4241,-119.84249,2.5,"SANTA BARBARA MUNICIPAL AIRPORT, CA US",0,167,0,16,68,44,96
USW00023190,2007-01-22,34.4241,-119.84249,2.5,"SANTA BARBARA MUNICIPAL AIRPORT, CA US",0,189,-11,11,57,19,79
USW00023190,2007-01-23,34.4241,-119.84249,2.5,"SANTA BARBARA MUNICIPAL AIRPORT, CA US",0,194,-11,17,60,26,83
USW00023190,2007-01-24,34.4241,-119.84249,2.5,"SANTA BARBARA MUNICIPAL AIRPORT, CA US",0,194,-6,10,69,43,86
USW00023190,2007-01-25,34.4241,-119.84249,2.5,"SANTA BARBARA MUNICIPAL AIRPORT, CA US",0,194,11,10,69,45,89
USW00023190,2007-01-26,34.4241,-119.84249,2.5,"SANTA BARBARA MUNICIPAL AIRPORT, CA US",0,161,6,14,77,54,93
USW00023190,2007-01-27,34.4241,-119.84249,2.5,"SANTA BARBARA MUNICIPAL AIRPORT, CA US",361,122,50,35,88,75,97
USW00023190,2007-01-28,34.4241,-119.84249,2.5,"SANTA BARBARA MUNICIPAL AIRPORT, CA US",94,144,94,30,88,75,96
USW00023190,2007-01-29,34.4241,-119.84249,2.5,"SANTA BARBARA MUNICIPAL AIRPORT, CA US",13,150,72,15,89,78,97
USW00023190,2007-01-30,34.4241,-119.84249,2.5,"SANTA BARBARA MUNICIPAL AIRPORT, CA US",180,167,94,16,86,65,96
USW00023190,2007-01-31,34.4241,-119.84249,2.5,"SANTA BARBARA MUNICIPAL AIRPORT, CA US",0,178,67,26,71,46,97
USW00023190,2007-02-01,34.4241,-119.84249,2.5,"SANTA BARBARA MUNICIPAL AIRPORT, CA US",0,156,28,17,73,49,93
USW00023190,2007-02-02,34.4241,-119.84249,2.5,"SANTA BARBARA MUNICIPAL AIRPORT, CA US",0,161,39,13,78,56,97
USW00023190,2007-02-03,34.4241,-119.84249,2.5,"SANTA BARBARA MUNICIPAL AIRPORT, CA US",0,183,17,17,72,45,93
USW00023190,2007-02-04,34.4241,-119.84249,2.5,"SANTA BARBARA MUNICIPAL AIRPORT, CA US",0,233,22,14,65,23,89
USW00023190,2007-02-05,34.4241,-119.84249,2.5,"SANTA BARBARA MUNICIPAL AIRPORT, CA US",0,239,50,15,71,31,93
USW00023190,2007-02-06,34.4241,-119.84249,2.5,"SANTA BARBARA MUNICIPAL AIRPORT, CA US",0,183,33,14,84,52,97
USW00023190,2007-02-07,34.4241,-119.84249,2.5,"SANTA BARBARA MUNICIPAL AIRPORT, CA US",0,172,44,19,80,60,93
USW00023190,2007-02-08,34.4241,-119.84249,2.5,"SANTA BARBARA MUNICIPAL AIRPORT, CA US",0,167,78,17,84,75,93
USW00023190,2007-02-09,34.4241,-119.84249,2.5,"SANTA BARBARA MUNICIPAL AIRPORT, CA US",0,172,72,17,84,65,93
USW00023190,2007-02-10,34.4241,-119.84249,2.5,"SANTA BARBARA MUNICIPAL AIRPORT, CA US",160,183,106,21,87,73,96
USW00023190,2007-02-11,34.4241,-119.84249,2.5,"SANTA BARBARA MUNICIPAL AIRPORT, CA US",46,189,89,33,78,56,96
USW00023190,2007-02-12,34.4241,-119.84249,2.5,"SANTA BARBARA MUNICIPAL AIRPORT, CA US",0,172,78,30,71,56,90
USW00023190,2007-02-13,34.4241,-119.84249,2.5,"SANTA BARBARA MUNICIPAL AIRPORT, CA US",0,194,83,44,59,39,77
USW00023190,2007-02-14,34.4241,-119.84249,2.5,"SANTA BARBARA MUNICIPAL AIRPORT, CA US",0,217,61,37,41,26,66
USW00023190,2007-02-15,34.4241,-119.84249,2.5,"SANTA BARBARA MUNICIPAL AIRPORT, CA US",0,200,33,21,63,46,77
USW00023190,2007-02-16,34.4241,-119.84249,2.5,"SANTA BARBARA MUNICIPAL AIRPORT, CA US",0,228,56,12,66,35,89
USW00023190,2007-02-17,34.4241,-119.84249,2.5,"SANTA BARBARA MUNICIPAL AIRPORT, CA US",0,278,67,10,53,20,89
USW00023190,2007-02-18,34.4241,-119.84249,2.5,"SANTA BARBARA MUNICIPAL AIRPORT, CA US",71,194,89,23,75,54,93
USW00023190,2007-02-19,34.4241,-119.84249,2.5,"SANTA BARBARA MUNICIPAL AIRPORT, CA US",36,189,100,19,84,72,93
USW00023190,2007-02-20,34.4241,-119.84249,2.5,"SANTA BARBARA MUNICIPAL AIRPORT, CA US",0,167,67,13,71,71,71
USW00023190,2007-02-21,34.4241,-119.84249,2.5,"SANTA BARBARA MUNICIPAL AIRPORT, CA US",0,161,100,21,78,67,90
USW00023190,2007-02-22,34.4241,-119.84249,2.5,"SANTA BARBARA MUNICIPAL AIRPORT, CA US",168,139,61,24,80,69,93
USW00023190,2007-02-23,34.4241,-119.84249,2.5,"SANTA BARBARA MUNICIPAL AIRPORT, CA US",0,161,50,51,50,33,85
USW00023190,2007-02-24,34.4241,-119.84249,2.5,"SANTA BARBARA MUNICIPAL AIRPORT, CA US",0,161,17,22,51,32,80
USW00023190,2007-02-25,34.4241,-119.84249,2.5,"SANTA BARBARA MUNICIPAL AIRPORT, CA US",0,189,56,53,66,40,90
USW00023190,2007-02-26,34.4241,-119.84249,2.5,"SANTA BARBARA MUNICIPAL AIRPORT, CA US",0,172,61,42,71,50,87
USW00023190,2007-02-27,34.4241,-119.84249,2.5,"SANTA BARBARA MUNICIPAL AIRPORT, CA US",33,144,61,51,64,45,93
USW00023190,2007-02-28,34.4241,-119.84249,2.5,"SANTA BARBARA MUNICIPAL AIRPORT, CA US",0,156,33,42,57,33,86
USW00023190,2007-03-01,34.4241,-119.84249,2.5,"SANTA BARBARA MUNICIPAL AIRPORT, CA US",0,189,56,43,39,23,65
USW00023190,2007-03-02,34.4241,-119.84249,2.5,"SANTA BARBARA MUNICIPAL AIRPORT, CA US",0,200,67,31,49,23,83
USW00023190,2007-03-03,34.4241,-119.84249,2.5,"SANTA BARBARA MUNICIPAL AIRPORT, CA US",0,217,33,16,50,21,83
USW00023190,2007-03-04,34.4241,-119.84249,2.5,"SANTA BARBARA MUNICIPAL AIRPORT, CA US",0,228,39,17,47,19,82
USW00023190,2007-03-05,34.4241,-119.84249,2.5,"SANTA BARBARA MUNICIPAL AIRPORT, CA US",0,228,44,13,64,31,87
USW00023190,2007-03-06,34.4241,-119.84249,2.5,"SANTA BARBARA MUNICIPAL AIRPORT, CA US",0,222,72,16,68,33,87
USW00023190,2007-03-07,34.4241,-119.84249,2.5,"SANTA BARBARA MUNICIPAL AIRPORT, CA US",0,222,94,27,72,45,90
USW00023190,2007-03-08,34.4241,-119.84249,2.5,"SANTA BARBARA MUNICIPAL AIRPORT, CA US",0,194,89,29,73,54,90
USW00023190,2007-03-09,34.4241,-119.84249,2.5,"SANTA BARBARA MUNICIPAL AIRPORT, CA US",0,161,56,24,84,70,93
USW00023190,2007-03-10,34.4241,-119.84249,2.5,"SANTA BARBARA MUNICIPAL AIRPORT, CA US",0,194,50,14,80,61,97
USW00023190,2007-03-11,34.4241,-119.84249,2.5,"SANTA BARBARA MUNICIPAL AIRPORT, CA US",0,317,61,20,56,11,89
USW00023190,2007-03-12,34.4241,-119.84249,2.5,"SANTA BARBARA MUNICIPAL AIRPORT, CA US",0,278,61,16,50,14,83
USW00023190,2007-03-13,34.4241,-119.84249,2.5,"SANTA BARBARA MUNICIPAL AIRPORT, CA US",0,206,67,23,79,55,96
USW00023190,2007-03-14,34.4241,-119.84249,2.5,"SANTA BARBARA MUNICIPAL AIRPORT, CA US",0,161,122,21,86,75,93
USW00023190,2007-03-15,34.4241,-119.84249,2.5,"SANTA BARBARA MUNICIPAL AIRPORT, CA US",0,161,117,23,89,78,96
USW00023190,2007-03-16,34.4241,-119.84249,2.5,"SANTA BARBARA MUNICIPAL AIRPORT, CA US",0,156,111,26,92,81,100
USW00023190,2007-03-17,34.4241,-119.84249,2.5,"SANTA BARBARA MUNICIPAL AIRPORT, CA US",0,150,111,29,90,81,97
USW00023190,2007-03-18,34.4241,-119.84249,2.5,"SANTA BARBARA MUNICIPAL AIRPORT, CA US",0,150,122,17,83,72,90
USW00023190,2007-03-19,34.4241,-119.84249,2.5,"SANTA BARBARA MUNICIPAL AIRPORT, CA US",0,167,117,16,77,67,87
USW00023190,2007-03-20,34.4241,-119.84249,2.5,"SANTA BARBARA MUNICIPAL AIRPORT, CA US",5,161,100,23,84,70,93
USW00023190,2007-03-21,34.4241,-119.84249,2.5,"SANTA BARBARA MUNICIPAL AIRPORT, CA US",3,167,72,26,71,48,86
USW00023190,2007-03-22,34.4241,-119.84249,2.5,"SANTA BARBARA MUNICIPAL AIRPORT, CA US",0,233,61,31,56,19,93
USW00023190,2007-03-23,34.4241,-119.84249,2.5,"SANTA BARBARA MUNICIPAL AIRPORT, CA US",0,217,100,27,71,22,93
USW00023190,2007-03-24,34.4241,-119.84249,2.5,"SANTA BARBARA MUNICIPAL AIRPORT, CA US",0,172,100,22,81,67,93
USW00023190,2007-03-25,34.4241,-119.84249,2.5,"SANTA BARBARA MUNICIPAL AIRPORT, CA US",0,167,89,17,85,72,93
USW00023190,2007-03-26,34.4241,-119.84249,2.5,"SANTA BARBARA MUNICIPAL AIRPORT, CA US",0,144,106,22,85,64,96
USW00023190,2007-03-27,34.4241,-119.84249,2.5,"SANTA BARBARA MUNICIPAL AIRPORT, CA US",0,178,94,75,50,30,66
USW00023190,2007-03-28,34.4241,-119.84249,2.5,"SANTA BARBARA MUNICIPAL AIRPORT, CA US",0,194,56,46,49,27,71
USW00023190,2007-03-29,34.4241,-119.84249,2.5,"SANTA BARBARA MUNICIPAL AIRPORT, CA US",0,222,44,25,49,25,83
USW00023190,2007-03-30,34.4241,-119.84249,2.5,"SANTA BARBARA MUNICIPAL AIRPORT, CA US",0,211,50,22,62,32,92
USW00023190,2007-03-31,34.4241,-119.84249,2.5,"SANTA BARBARA MUNICIPAL AIRPORT, CA US",0,183,83,25,79,58,93
USW00023190,2007-04-01,34.4241,-119.84249,2.5,"SANTA BARBARA MUNICIPAL AIRPORT, CA US",0,172,67,21,84,65,96
USW00023190,2007-04-02,34.4241,-119.84249,2.5,"SANTA BARBARA MUNICIPAL AIRPORT, CA US",0,178,72,17,83,65,93
USW00023190,2007-04-03,34.4241,-119.84249,2.5,"SANTA BARBARA MUNICIPAL AIRPORT, CA US",0,172,89,26,81,68,93
USW00023190,2007-04-04,34.4241,-119.84249,2.5,"SANTA BARBARA MUNICIPAL AIRPORT, CA US",0,172,89,20,87,78,93
USW00023190,2007-04-05,34.4241,-119.84249,2.5,"SANTA BARBARA MUNICIPAL AIRPORT, CA US",0,172,117,22,84,70,93
USW00023190,2007-04-06,34.4241,-119.84249,2.5,"SANTA BARBARA MUNICIPAL AIRPORT, CA US",0,150,111,21,86,78,93
USW00023190,2007-04-07,34.4241,-119.84249,2.5,"SANTA BARBARA MUNICIPAL AIRPORT, CA US",0,172,83,19,81,65,93
USW00023190,2007-04-08,34.4241,-119.84249,2.5,"SANTA BARBARA MUNICIPAL AIRPORT, CA US",0,183,94,18,82,61,93
USW00023190,2007-04-09,34.4241,-119.84249,2.5,"SANTA BARBARA MUNICIPAL AIRPORT, CA US",0,228,72,30,71,41,93
USW00023190,2007-04-10,34.4241,-119.84249,2.5,"SANTA BARBARA MUNICIPAL AIRPORT, CA US",0,211,72,26,62,26,89
USW00023190,2007-04-11,34.4241,-119.84249,2.5,"SANTA BARBARA MUNICIPAL AIRPORT, CA US",0,256,67,39,59,24,86
USW00023190,2007-04-12,34.4241,-119.84249,2.5,"SANTA BARBARA MUNICIPAL AIRPORT, CA US",0,217,61,68,38,17,69
USW00023190,2007-04-13,34.4241,-119.84249,2.5,"SANTA BARBARA MUNICIPAL AIRPORT, CA US",0,228,50,24,53,23,89
USW00023190,2007-04-14,34.4241,-119.84249,2.5,"SANTA BARBARA MUNICIPAL AIRPORT, CA US",0,200,94,42,62,43,93
USW00023190,2007-04-15,34.4241,-119.84249,2.5,"SANTA BARBARA MUNICIPAL AIRPORT, CA US",0,222,94,64,55,33,69
USW00023190,2007-04-16,34.4241,-119.84249,2.5,"SANTA BARBARA MUNICIPAL AIRPORT, CA US",0,172,78,30,76,65,93
USW00023190,2007-04-17,34.4241,-119.84249,2.5,"SANTA BARBARA MUNICIPAL AIRPORT, CA US",0,172,78,25,76,57,96
USW00023190,2007-04-18,34.4241,-119.84249,2.5,"SANTA BARBARA MUNICIPAL AIRPORT, CA US",0,222,50,55,40,14,63
USW00023190,2007-04-19,34.4241,-119.84249,2.5,"SANTA BARBARA MUNICIPAL AIRPORT, CA US",0,211,56,33,40,22,77
USW00023190,2007-04-20,34.4241,-119.84249,2.5,"SANTA BARBARA MUNICIPAL AIRPORT, CA US",249,150,61,36,78,64,93
USW00023190,2007-04-21,34.4241,-119.84249,2.5,"SANTA BARBARA MUNICIPAL AIRPORT, CA US",0,156,44,23,78,62,92
USW00023190,2007-04-22,34.4241,-119.84249,2.5,"SANTA BARBARA MUNICIPAL AIRPORT, CA US",33,133,89,14,87,77,97
USW00023190,2007-04-23,34.4241,-119.84249,2.5,"SANTA BARBARA MUNICIPAL AIRPORT, CA US",0,189,67,20,71,47,93
USW00023190,2007-04-24,34.4241,-119.84249,2.5,"SANTA BARBARA MUNICIPAL AIRPORT, CA US",0,206,67,19,75,49,93
USW00023190,2007-04-25,34.4241,-119.84249,2.5,"SANTA BARBARA MUNICIPAL AIRPORT, CA US",0,206,78,22,77,57,90
USW00023190,2007-04-26,34.4241,-119.84249,2.5,"SANTA BARBARA MUNICIPAL AIRPORT, CA US",0,183,100,30,74,58,90
USW00023190,2007-04-27,34.4241,-119.84249,2.5,"SANTA BARBARA MUNICIPAL AIRPORT, CA US",0,217,89,21,75,51,93
USW00023190,2007-04-28,34.4241,-119.84249,2.5,"SANTA BARBARA MUNICIPAL AIRPORT, CA US",0,189,106,27,87,75,97
USW00023190,2007-04-29,34.4241,-119.84249,2.5,"SANTA BARBARA MUNICIPAL AIRPORT, CA US",0,178,111,31,89,73,97
USW00023190,2007-04-30,34.4241,-119.84249,2.5,"SANTA BARBARA MUNICIPAL AIRPORT, CA US",0,161,106,27,86,72,97
USW00023190,2007-05-01,34.4241,-119.84249,2.5,"SANTA BARBARA MUNICIPAL AIRPORT, CA US",0,178,94,29,83,65,96
USW00023190,2007-05-02,34.4241,-119.84249,2.5,"SANTA BARBARA MUNICIPAL AIRPORT, CA US",0,222,83,37,67,41,93
USW00023190,2007-05-03,34.4241,-119.84249,2.5,"SANTA BARBARA MUNICIPAL AIRPORT, CA US",0,239,106,54,42,24,64
USW00023190,2007-05-04,34.4241,-119.84249,2.5,"SANTA BARBARA MUNICIPAL AIRPORT, CA US",0,206,94,56,64,47,77
USW00023190,2007-05-05,34.4241,-119.84249,2.5,"SANTA BARBARA MUNICIPAL AIRPORT, CA US",0,233,89,36,44,19,72
USW00023190,2007-05-06,34.4241,-119.84249,2.5,"SANTA BARBARA MUNICIPAL AIRPORT, CA US",0,250,89,30,39,22,72
USW00023190,2007-05-07,34.4241,-119.84249,2.5,"SANTA BARBARA MUNICIPAL AIRPORT, CA US",0,322,78,34,32,11,71
USW00023190,2007-05-08,34.4241,-119.84249,2.5,"SANTA BARBARA MUNICIPAL AIRPORT, CA US",0,306,94,20,58,20,90
USW00023190,2007-05-09,34.4241,-119.84249,2.5,"SANTA BARBARA MUNICIPAL AIRPORT, CA US",0,200,111,28,82,61,96
USW00023190,2007-05-10,34.4241,-119.84249,2.5,"SANTA BARBARA MUNICIPAL AIRPORT, CA US",0,200,89,26,82,60,100
USW00023190,2007-05-11,34.4241,-119.84249,2.5,"SANTA BARBARA MUNICIPAL AIRPORT, CA US",0,172,89,32,76,58,93
USW00023190,2007-05-12,34.4241,-119.84249,2.5,"SANTA BARBARA MUNICIPAL AIRPORT, CA US",0,194,72,24,73,52,90
USW00023190,2007-05-13,34.4241,-119.84249,2.5,"SANTA BARBARA MUNICIPAL AIRPORT, CA US",0,189,67,19,76,52,93
USW00023190,2007-05-14,34.4241,-119.84249,2.5,"SANTA BARBARA MUNICIPAL AIRPORT, CA US",0,167,72,24,81,62,93
USW00023190,2007-05-15,34.4241,-119.84249,2.5,"SANTA BARBARA MUNICIPAL AIRPORT, CA US",0,161,111,30,82,65,89
USW00023190,2007-05-16,34.4241,-119.84249,2.5,"SANTA BARBARA MUNICIPAL AIRPORT, CA US",0,156,106,23,82,72,92
USW00023190,2007-05-17,34.4241,-119.84249,2.5,"SANTA BARBARA MUNICIPAL AIRPORT, CA US",0,167,100,22,83,65,97
USW00023190,2007-05-18,34.4241,-119.84249,2.5,"SANTA BARBARA MUNICIPAL AIRPORT, CA US",0,178,100,23,80,65,90
USW00023190,2007-05-19,34.4241,-119.84249,2.5,"SANTA BARBARA MUNICIPAL AIRPORT, CA US",0,178,89,26,81,67,93
USW00023190,2007-05-20,34.4241,-119.84249,2.5,"SANTA BARBARA MUNICIPAL AIRPORT, CA US",0,189,106,26,81,70,90
USW00023190,2007-05-21,34.4241,-119.84249,2.5,"SANTA BARBARA MUNICIPAL AIRPORT, CA US",0,178,100,16,76,63,90
USW00023190,2007-05-22,34.4241,-119.84249,2.5,"SANTA BARBARA MUNICIPAL AIRPORT, CA US",0,178,100,25,85,67,100
USW00023190,2007-05-23,34.4241,-119.84249,2.5,"SANTA BARBARA MUNICIPAL AIRPORT, CA US",0,189,122,35,80,65,93
USW00023190,2007-05-24,34.4241,-119.84249,2.5,"SANTA BARBARA MUNICIPAL AIRPORT, CA US",0,172,111,36,85,70,96
USW00023190,2007-05-25,34.4241,-119.84249,2.5,"SANTA BARBARA MUNICIPAL AIRPORT, CA US",0,178,117,30,82,65,90
USW00023190,2007-05-26,34.4241,-119.84249,2.5,"SANTA BARBARA MUNICIPAL AIRPORT, CA US",0,178,111,23,83,68,90
USW00023190,2007-05-27,34.4241,-119.84249,2.5,"SANTA BARBARA MUNICIPAL AIRPORT, CA US",0,172,94,21,83,67,93
USW00023190,2007-05-28,34.4241,-119.84249,2.5,"SANTA BARBARA MUNICIPAL AIRPORT, CA US",0,172,94,27,80,67,90
USW00023190,2007-05-29,34.4241,-119.84249,2.5,"SANTA BARBARA MUNICIPAL AIRPORT, CA US",0,189,89,23,76,56,90
USW00023190,2007-05-30,34.4241,-119.84249,2.5,"SANTA BARBARA MUNICIPAL AIRPORT, CA US",0,183,72,26,76,60,90
USW00023190,2007-05-31,34.4241,-119.84249,2.5,"SANTA BARBARA MUNICIPAL AIRPORT, CA US",0,200,78,25,75,59,93
USW00023190,2007-06-01,34.4241,-119.84249,2.5,"SANTA BARBARA MUNICIPAL AIRPORT, CA US",0,183,89,26,79,63,90
USW00023190,2007-06-02,34.4241,-119.84249,2.5,"SANTA BARBARA MUNICIPAL AIRPORT, CA US",0,194,100,26,81,66,93
USW00023190,2007-06-03,34.4241,-119.84249,2.5,"SANTA BARBARA MUNICIPAL AIRPORT, CA US",0,183,122,26,85,70,93
USW00023190,2007-06-04,34.4241,-119.84249,2.5,"SANTA BARBARA MUNICIPAL AIRPORT, CA US",0,178,111,22,84,73,93
USW00023190,2007-06-05,34.4241,-119.84249,2.5,"SANTA BARBARA MUNICIPAL AIRPORT, CA US",0,233,89,34,68,33,96
USW00023190,2007-06-06,34.4241,-119.84249,2.5,"SANTA BARBARA MUNICIPAL AIRPORT, CA US",0,244,128,60,39,28,49
USW00023190,2007-06-07,34.4241,-119.84249,2.5,"SANTA BARBARA MUNICIPAL AIRPORT, CA US",0,261,117,39,45,25,83
USW00023190,2007-06-08,34.4241,-119.84249,2.5,"SANTA BARBARA MUNICIPAL AIRPORT, CA US",0,211,100,29,70,46,87
USW00023190,2007-06-09,34.4241,-119.84249,2.5,"SANTA BARBARA MUNICIPAL AIRPORT, CA US",0,200,111,29,78,59,90
USW00023190,2007-06-10,34.4241,-119.84249,2.5,"SANTA BARBARA MUNICIPAL AIRPORT, CA US",0,189,106,30,83,68,96
USW00023190,2007-06-11,34.4241,-119.84249,2.5,"SANTA BARBARA MUNICIPAL AIRPORT, CA US",0,189,117,23,82,63,93
USW00023190,2007-06-12,34.4241,-119.84249,2.5,"SANTA BARBARA MUNICIPAL AIRPORT, CA US",0,200,106,29,78,61,93
USW00023190,2007-06-13,34.4241,-119.84249,2.5,"SANTA BARBARA MUNICIPAL AIRPORT, CA US",0,211,117,26,82,61,93
USW00023190,2007-06-14,34.4241,-119.84249,2.5,"SANTA BARBARA MUNICIPAL AIRPORT, CA US",0,206,133,31,84,71,97
USW00023190,2007-06-15,34.4241,-119.84249,2.5,"SANTA BARBARA MUNICIPAL AIRPORT, CA US",0,206,139,29,83,66,97
USW00023190,2007-06-16,34.4241,-119.84249,2.5,"SANTA BARBARA MUNICIPAL AIRPORT, CA US",0,206,117,26,83,65,93
USW00023190,2007-06-17,34.4241,-119.84249,2.5,"SANTA BARBARA MUNICIPAL AIRPORT, CA US",0,189,128,30,80,68,97
USW00023190,2007-06-18,34.4241,-119.84249,2.5,"SANTA BARBARA MUNICIPAL AIRPORT, CA US",0,206,128,30,81,63,93
USW00023190,2007-06-19,34.4241,-119.84249,2.5,"SANTA BARBARA MUNICIPAL AIRPORT, CA US",0,206,100,31,78,59,93
USW00023190,2007-06-20,34.4241,-119.84249,2.5,"SANTA BARBARA MUNICIPAL AIRPORT, CA US",0,206,94,27,79,59,93
USW00023190,2007-06-21,34.4241,-119.84249,2.5,"SANTA BARBARA MUNICIPAL AIRPORT, CA US",0,228,100,21,75,52,93
USW00023190,2007-06-22,34.4241,-119.84249,2.5,"SANTA BARBARA MUNICIPAL AIRPORT, CA US",0,233,100,19,74,55,93
USW00023190,2007-06-23,34.4241,-119.84249,2.5,"SANTA BARBARA MUNICIPAL AIRPORT, CA US",0,217,111,21,79,66,90
USW00023190,2007-06-24,34.4241,-119.84249,2.5,"SANTA BARBARA MUNICIPAL AIRPORT, CA US",0,200,122,21,81,65,90
USW00023190,2007-06-25,34.4241,-119.84249,2.5,"SANTA BARBARA MUNICIPAL AIRPORT, CA US",0,222,106,22,76,57,93
USW00023190,2007-06-26,34.4241,-119.84249,2.5,"SANTA BARBARA MUNICIPAL AIRPORT, CA US",0,211,128,25,78,57,90
USW00023190,2007-06-27,34.4241,-119.84249,2.5,"SANTA BARBARA MUNICIPAL AIRPORT, CA US",0,217,106,18,78,55,93
USW00023190,2007-06-28,34.4241,-119.84249,2.5,"SANTA BARBARA MUNICIPAL AIRPORT, CA US",0,233,106,17,75,50,90
USW00023190,2007-06-29,34.4241,-119.84249,2.5,"SANTA BARBARA MUNICIPAL AIRPORT, CA US",0,239,122,18,75,55,87
USW00023190,2007-06-30,34.4241,-119.84249,2.5,"SANTA BARBARA MUNICIPAL AIRPORT, CA US",0,233,133,23,73,51,87
USW00023190,2007-07-01,34.4241,-119.84249,2.5,"SANTA BARBARA MUNICIPAL AIRPORT, CA US",0,267,128,18,72,44,90
USW00023190,2007-07-02,34.4241,-119.84249,2.5,"SANTA BARBARA MUNICIPAL AIRPORT, CA US",0,244,122,17,73,52,90
USW00023190,2007-07-03,34.4241,-119.84249,2.5,"SANTA BARBARA MUNICIPAL AIRPORT, CA US",0,272,117,20,72,44,90
USW00023190,2007-07-04,34.4241,-119.84249,2.5,"SANTA BARBARA MUNICIPAL AIRPORT, CA US",0,250,128,16,74,52,90
USW00023190,2007-07-05,34.4241,-119.84249,2.5,"SANTA BARBARA MUNICIPAL AIRPORT, CA US",0,206,144,23,83,65,97
USW00023190,2007-07-06,34.4241,-119.84249,2.5,"SANTA BARBARA MUNICIPAL AIRPORT, CA US",0,200,139,34,83,68,93
USW00023190,2007-07-07,34.4241,-119.84249,2.5,"SANTA BARBARA MUNICIPAL AIRPORT, CA US",0,239,139,25,79,56,97
USW00023190,2007-07-08,34.4241,-119.84249,2.5,"SANTA BARBARA MUNICIPAL AIRPORT, CA US",0,206,122,26,79,63,90
USW00023190,2007-07-09,34.4241,-119.84249,2.5,"SANTA BARBARA MUNICIPAL AIRPORT, CA US",0,217,139,20,80,64,93
USW00023190,2007-07-10,34.4241,-119.84249,2.5,"SANTA BARBARA MUNICIPAL AIRPORT, CA US",0,206,150,23,78,68,84
USW00023190,2007-07-11,34.4241,-119.84249,2.5,"SANTA BARBARA MUNICIPAL AIRPORT, CA US",0,222,133,28,74,53,93
USW00023190,2007-07-12,34.4241,-119.84249,2.5,"SANTA BARBARA MUNICIPAL AIRPORT, CA US",0,244,111,26,69,50,90
USW00023190,2007-07-13,34.4241,-119.84249,2.5,"SANTA BARBARA MUNICIPAL AIRPORT, CA US",0,283,122,19,69,44,84
USW00023190,2007-07-14,34.4241,-119.84249,2.5,"SANTA BARBARA MUNICIPAL AIRPORT, CA US",0,244,133,18,75,54,90
USW00023190,2007-07-15,34.4241,-119.84249,2.5,"SANTA BARBARA MUNICIPAL AIRPORT, CA US",0,233,161,26,77,57,90
USW00023190,2007-07-16,34.4241,-119.84249,2.5,"SANTA BARBARA MUNICIPAL AIRPORT, CA US",0,217,156,25,79,66,93
USW00023190,2007-07-17,34.4241,-119.84249,2.5,"SANTA BARBARA MUNICIPAL AIRPORT, CA US",0,244,139,18,73,52,87
USW00023190,2007-07-18,34.4241,-119.84249,2.5,"SANTA BARBARA MUNICIPAL AIRPORT, CA US",0,289,128,25,72,47,90
USW00023190,2007-07-19,34.4241,-119.84249,2.5,"SANTA BARBARA MUNICIPAL AIRPORT, CA US",0,261,144,21,73,50,90
USW00023190,2007-07-20,34.4241,-119.84249,2.5,"SANTA BARBARA MUNICIPAL AIRPORT, CA US",0,250,144,24,75,52,87
USW00023190,2007-07-21,34.4241,-119.84249,2.5,"SANTA BARBARA MUNICIPAL AIRPORT, CA US",0,228,156,30,83,68,93
USW00023190,2007-07-22,34.4241,-119.84249,2.5,"SANTA BARBARA MUNICIPAL AIRPORT, CA US",0,217,156,22,85,71,93
USW00023190,2007-07-23,34.4241,-119.84249,2.5,"SANTA BARBARA MUNICIPAL AIRPORT, CA US",0,239,161,22,79,64,90
USW00023190,2007-07-24,34.4241,-119.84249,2.5,"SANTA BARBARA MUNICIPAL AIRPORT, CA US",0,239,156,24,81,60,97
USW00023190,2007-07-25,34.4241,-119.84249,2.5,"SANTA BARBARA MUNICIPAL AIRPORT, CA US",0,228,150,22,77,57,96
USW00023190,2007-07-26,34.4241,-119.84249,2.5,"SANTA BARBARA MUNICIPAL AIRPORT, CA US",0,250,139,22,73,43,93
USW00023190,2007-07-27,34.4241,-119.84249,2.5,"SANTA BARBARA MUNICIPAL AIRPORT, CA US",0,244,156,25,74,52,90
USW00023190,2007-07-28,34.4241,-119.84249,2.5,"SANTA BARBARA MUNICIPAL AIRPORT, CA US",0,233,150,24,80,61,96
USW00023190,2007-07-29,34.4241,-119.84249,2.5,"SANTA BARBARA MUNICIPAL AIRPORT, CA US",0,222,150,23,80,68,93
USW00023190,2007-07-30,34.4241,-119.84249,2.5,"SANTA BARBARA MUNICIPAL AIRPORT, CA US",0,228,133,25,79,61,93
USW00023190,2007-07-31,34.4241,-119.84249,2.5,"SANTA BARBARA MUNICIPAL AIRPORT, CA US",0,222,156,25,81,64,93
USW00023190,2007-08-01,34.4241,-119.84249,2.5,"SANTA BARBARA MUNICIPAL AIRPORT, CA US",0,217,150,22,85,70,96
USW00023190,2007-08-02,34.4241,-119.84249,2.5,"SANTA BARBARA MUNICIPAL AIRPORT, CA US",0,217,161,24,82,68,90
USW00023190,2007-08-03,34.4241,-119.84249,2.5,"SANTA BARBARA MUNICIPAL AIRPORT, CA US",0,217,167,26,82,68,93
USW00023190,2007-08-04,34.4241,-119.84249,2.5,"SANTA BARBARA MUNICIPAL AIRPORT, CA US",0,239,161,26,82,62,93
USW00023190,2007-08-05,34.4241,-119.84249,2.5,"SANTA BARBARA MUNICIPAL AIRPORT, CA US",0,233,156,24,78,62,93
USW00023190,2007-08-06,34.4241,-119.84249,2.5,"SANTA BARBARA MUNICIPAL AIRPORT, CA US",0,233,133,22,75,55,93
USW00023190,2007-08-07,34.4241,-119.84249,2.5,"SANTA BARBARA MUNICIPAL AIRPORT, CA US",0,233,111,15,70,51,89
USW00023190,2007-08-08,34.4241,-119.84249,2.5,"SANTA BARBARA MUNICIPAL AIRPORT, CA US",0,250,117,17,69,45,84
USW00023190,2007-08-09,34.4241,-119.84249,2.5,"SANTA BARBARA MUNICIPAL AIRPORT, CA US",0,233,150,27,75,55,90
USW00023190,2007-08-10,34.4241,-119.84249,2.5,"SANTA BARBARA MUNICIPAL AIRPORT, CA US",0,206,150,27,81,68,90
USW00023190,2007-08-11,34.4241,-119.84249,2.5,"SANTA BARBARA MUNICIPAL AIRPORT, CA US",0,211,144,23,80,64,93
USW00023190,2007-08-12,34.4241,-119.84249,2.5,"SANTA BARBARA MUNICIPAL AIRPORT, CA US",0,244,133,22,77,50,90
USW00023190,2007-08-13,34.4241,-119.84249,2.5,"SANTA BARBARA MUNICIPAL AIRPORT, CA US",0,250,117,16,71,48,90
USW00023190,2007-08-14,34.4241,-119.84249,2.5,"SANTA BARBARA MUNICIPAL AIRPORT, CA US",0,267,139,21,68,44,84
USW00023190,2007-08-15,34.4241,-119.84249,2.5,"SANTA BARBARA MUNICIPAL AIRPORT, CA US",0,256,150,16,71,47,87
USW00023190,2007-08-16,34.4241,-119.84249,2.5,"SANTA BARBARA MUNICIPAL AIRPORT, CA US",0,228,156,16,74,59,86
USW00023190,2007-08-17,34.4241,-119.84249,2.5,"SANTA BARBARA MUNICIPAL AIRPORT, CA US",0,261,150,18,72,47,87
USW00023190,2007-08-18,34.4241,-119.84249,2.5,"SANTA BARBARA MUNICIPAL AIRPORT, CA US",0,267,122,16,70,37,93
USW00023190,2007-08-19,34.4241,-119.84249,2.5,"SANTA BARBARA MUNICIPAL AIRPORT, CA US",0,261,122,17,74,45,90
USW00023190,2007-08-20,34.4241,-119.84249,2.5,"SANTA BARBARA MUNICIPAL AIRPORT, CA US",0,272,106,16,77,42,93
USW00023190,2007-08-21,34.4241,-119.84249,2.5,"SANTA BARBARA MUNICIPAL AIRPORT, CA US",0,233,133,21,79,53,93
USW00023190,2007-08-22,34.4241,-119.84249,2.5,"SANTA BARBARA MUNICIPAL AIRPORT, CA US",0,206,122,17,84,66,96
USW00023190,2007-08-23,34.4241,-119.84249,2.5,"SANTA BARBARA MUNICIPAL AIRPORT, CA US",0,206,133,24,84,65,100
USW00023190,2007-08-24,34.4241,-119.84249,2.5,"SANTA BARBARA MUNICIPAL AIRPORT, CA US",0,211,133,23,82,63,97
USW00023190,2007-08-25,34.4241,-119.84249,2.5,"SANTA BARBARA MUNICIPAL AIRPORT, CA US",0,228,117,27,74,57,93
USW00023190,2007-08-26,34.4241,-119.84249,2.5,"SANTA BARBARA MUNICIPAL AIRPORT, CA US",0,228,167,19,75,57,90
USW00023190,2007-08-27,34.4241,-119.84249,2.5,"SANTA BARBARA MUNICIPAL AIRPORT, CA US",0,233,150,23,77,57,90
USW00023190,2007-08-28,34.4241,-119.84249,2.5,"SANTA BARBARA MUNICIPAL AIRPORT, CA US",0,222,144,24,82,66,93
USW00023190,2007-08-29,34.4241,-119.84249,2.5,"SANTA BARBARA MUNICIPAL AIRPORT, CA US",0,233,144,20,79,59,97
USW00023190,2007-08-30,34.4241,-119.84249,2.5,"SANTA BARBARA MUNICIPAL AIRPORT, CA US",0,256,156,26,78,54,96
USW00023190,2007-08-31,34.4241,-119.84249,2.5,"SANTA BARBARA MUNICIPAL AIRPORT, CA US",0,261,144,16,77,60,96
USW00023190,2007-09-01,34.4241,-119.84249,2.5,"SANTA BARBARA MUNICIPAL AIRPORT, CA US",0,267,167,19,76,58,90
USW00023190,2007-09-02,34.4241,-119.84249,2.5,"SANTA BARBARA MUNICIPAL AIRPORT, CA US",0,311,161,15,69,40,90
USW00023190,2007-09-03,34.4241,-119.84249,2.5,"SANTA BARBARA MUNICIPAL AIRPORT, CA US",0,300,167,20,71,39,90
USW00023190,2007-09-04,34.4241,-119.84249,2.5,"SANTA BARBARA MUNICIPAL AIRPORT, CA US",0,244,150,22,69,56,81
USW00023190,2007-09-05,34.4241,-119.84249,2.5,"SANTA BARBARA MUNICIPAL AIRPORT, CA US",0,222,122,23,81,61,96
USW00023190,2007-09-06,34.4241,-119.84249,2.5,"SANTA BARBARA MUNICIPAL AIRPORT, CA US",0,217,139,31,75,61,97
USW00023190,2007-09-07,34.4241,-119.84249,2.5,"SANTA BARBARA MUNICIPAL AIRPORT, CA US",0,217,122,18,67,55,84
USW00023190,2007-09-08,34.4241,-119.84249,2.5,"SANTA BARBARA MUNICIPAL AIRPORT, CA US",0,222,106,26,70,52,89
USW00023190,2007-09-09,34.4241,-119.84249,2.5,"SANTA BARBARA MUNICIPAL AIRPORT, CA US",0,233,106,24,72,50,92
USW00023190,2007-09-10,34.4241,-119.84249,2.5,"SANTA BARBARA MUNICIPAL AIRPORT, CA US",0,239,94,16,71,51,89
USW00023190,2007-09-11,34.4241,-119.84249,2.5,"SANTA BARBARA MUNICIPAL AIRPORT, CA US",0,250,111,19,72,48,90
USW00023190,2007-09-12,34.4241,-119.84249,2.5,"SANTA BARBARA MUNICIPAL AIRPORT, CA US",0,244,89,14,76,55,89
USW00023190,2007-09-13,34.4241,-119.84249,2.5,"SANTA BARBARA MUNICIPAL AIRPORT, CA US",0,250,100,16,69,50,90
USW00023190,2007-09-14,34.4241,-119.84249,2.5,"SANTA BARBARA MUNICIPAL AIRPORT, CA US",0,233,100,18,72,55,89
USW00023190,2007-09-15,34.4241,-119.84249,2.5,"SANTA BARBARA MUNICIPAL AIRPORT, CA US",0,239,106,16,75,51,86
USW00023190,2007-09-16,34.4241,-119.84249,2.5,"SANTA BARBARA MUNICIPAL AIRPORT, CA US",0,211,100,17,75,55,89
USW00023190,2007-09-17,34.4241,-119.84249,2.5,"SANTA BARBARA MUNICIPAL AIRPORT, CA US",0,217,122,24,77,59,90
USW00023190,2007-09-18,34.4241,-119.84249,2.5,"SANTA BARBARA MUNICIPAL AIRPORT, CA US",0,217,100,22,79,61,93
USW00023190,2007-09-19,34.4241,-119.84249,2.5,"SANTA BARBARA MUNICIPAL AIRPORT, CA US",0,222,106,26,65,39,93
USW00023190,2007-09-20,34.4241,-119.84249,2.5,"SANTA BARBARA MUNICIPAL AIRPORT, CA US",0,189,67,21,61,47,80
USW00023190,2007-09-21,34.4241,-119.84249,2.5,"SANTA BARBARA MUNICIPAL AIRPORT, CA US",48,200,100,24,68,47,87
USW00023190,2007-09-22,34.4241,-119.84249,2.5,"SANTA BARBARA MUNICIPAL AIRPORT, CA US",3,206,111,16,78,63,90
USW00023190,2007-09-23,34.4241,-119.84249,2.5,"SANTA BARBARA MUNICIPAL AIRPORT, CA US",0,206,100,24,77,57,93
USW00023190,2007-09-24,34.4241,-119.84249,2.5,"SANTA BARBARA MUNICIPAL AIRPORT, CA US",0,217,106,21,77,55,90
USW00023190,2007-09-25,34.4241,-119.84249,2.5,"SANTA BARBARA MUNICIPAL AIRPORT, CA US",0,233,100,17,75,48,90
USW00023190,2007-09-26,34.4241,-119.84249,2.5,"SANTA BARBARA MUNICIPAL AIRPORT, CA US",0,256,100,15,73,45,93
USW00023190,2007-09-27,34.4241,-119.84249,2.5,"SANTA BARBARA MUNICIPAL AIRPORT, CA US",0,206,106,20,82,61,93
USW00023190,2007-09-28,34.4241,-119.84249,2.5,"SANTA BARBARA MUNICIPAL AIRPORT, CA US",0,206,117,17,71,57,90
USW00023190,2007-09-29,34.4241,-119.84249,2.5,"SANTA BARBARA MUNICIPAL AIRPORT, CA US",0,211,89,11,72,51,86
USW00023190,2007-09-30,34.4241,-119.84249,2.5,"SANTA BARBARA MUNICIPAL AIRPORT, CA US",0,239,78,16,67,40,86
USW00023190,2007-10-01,34.4241,-119.84249,2.5,"SANTA BARBARA MUNICIPAL AIRPORT, CA US",0,239,78,12,76,48,90
USW00023190,2007-10-02,34.4241,-119.84249,2.5,"SANTA BARBARA MUNICIPAL AIRPORT, CA US",0,250,83,17,66,37,87
USW00023190,2007-10-03,34.4241,-119.84249,2.5,"SANTA BARBARA MUNICIPAL AIRPORT, CA US",0,239,89,13,73,46,90
USW00023190,2007-10-04,34.4241,-119.84249,2.5,"SANTA BARBARA MUNICIPAL AIRPORT, CA US",0,211,89,21,69,42,90
USW00023190,2007-10-05,34.4241,-119.84249,2.5,"SANTA BARBARA MUNICIPAL AIRPORT, CA US",0,217,94,54,47,31,68
USW00023190,2007-10-06,34.4241,-119.84249,2.5,"SANTA BARBARA MUNICIPAL AIRPORT, CA US",0,222,100,36,42,22,72
USW00023190,2007-10-07,34.4241,-119.84249,2.5,"SANTA BARBARA MUNICIPAL AIRPORT, CA US",0,256,56,14,45,15,80
USW00023190,2007-10-08,34.4241,-119.84249,2.5,"SANTA BARBARA MUNICIPAL AIRPORT, CA US",0,272,50,12,41,13,71
USW00023190,2007-10-09,34.4241,-119.84249,2.5,"SANTA BARBARA MUNICIPAL AIRPORT, CA US",0,189,56,22,74,56,93
USW00023190,2007-10-10,34.4241,-119.84249,2.5,"SANTA BARBARA MUNICIPAL AIRPORT, CA US",0,200,56,21,77,65,89
USW00023190,2007-10-11,34.4241,-119.84249,2.5,"SANTA BARBARA MUNICIPAL AIRPORT, CA US",0,206,67,14,79,53,93
USW00023190,2007-10-12,34.4241,-119.84249,2.5,"SANTA BARBARA MUNICIPAL AIRPORT, CA US",71,194,94,13,80,43,97
USW00023190,2007-10-13,34.4241,-119.84249,2.5,"SANTA BARBARA MUNICIPAL AIRPORT, CA US",0,194,111,18,82,66,97
USW00023190,2007-10-14,34.4241,-119.84249,2.5,"SANTA BARBARA MUNICIPAL AIRPORT, CA US",0,194,83,20,87,73,100
USW00023190,2007-10-15,34.4241,-119.84249,2.5,"SANTA BARBARA MUNICIPAL AIRPORT, CA US",0,172,106,18,85,70,96
USW00023190,2007-10-16,34.4241,-119.84249,2.5,"SANTA BARBARA MUNICIPAL AIRPORT, CA US",0,239,83,39,65,33,97
USW00023190,2007-10-17,34.4241,-119.84249,2.5,"SANTA BARBARA MUNICIPAL AIRPORT, CA US",0,244,128,47,63,37,97
USW00023190,2007-10-18,34.4241,-119.84249,2.5,"SANTA BARBARA MUNICIPAL AIRPORT, CA US",0,261,94,17,62,38,83
USW00023190,2007-10-19,34.4241,-119.84249,2.5,"SANTA BARBARA MUNICIPAL AIRPORT, CA US",0,239,94,13,65,40,86
USW00023190,2007-10-20,34.4241,-119.84249,2.5,"SANTA BARBARA MUNICIPAL AIRPORT, CA US",0,300,144,43,34,12,72
USW00023190,2007-10-21,34.4241,-119.84249,2.5,"SANTA BARBARA MUNICIPAL AIRPORT, CA US",0,250,83,19,38,15,84
USW00023190,2007-10-22,34.4241,-119.84249,2.5,"SANTA BARBARA MUNICIPAL AIRPORT, CA US",0,272,61,10,38,12,68
USW00023190,2007-10-23,34.4241,-119.84249,2.5,"SANTA BARBARA MUNICIPAL AIRPORT, CA US",0,300,83,12,38,10,67
USW00023190,2007-10-24,34.4241,-119.84249,2.5,"SANTA BARBARA MUNICIPAL AIRPORT, CA US",0,339,89,9,44,11,77
USW00023190,2007-10-25,34.4241,-119.84249,2.5,"SANTA BARBARA MUNICIPAL AIRPORT, CA US",0,256,89,9,67,33,93
USW00023190,2007-10-26,34.4241,-119.84249,2.5,"SANTA BARBARA MUNICIPAL AIRPORT, CA US",0,189,67,15,82,61,93
USW00023190,2007-10-27,34.4241,-119.84249,2.5,"SANTA BARBARA MUNICIPAL AIRPORT, CA US",3,183,106,22,83,70,93
USW00023190,2007-10-28,34.4241,-119.84249,2.5,"SANTA BARBARA MUNICIPAL AIRPORT, CA US",0,256,83,11,76,37,93
USW00023190,2007-10-29,34.4241,-119.84249,2.5,"SANTA BARBARA MUNICIPAL AIRPORT, CA US",0,244,117,19,68,43,93
USW00023190,2007-10-30,34.4241,-119.84249,2.5,"SANTA BARBARA MUNICIPAL AIRPORT, CA US",0,200,94,15,74,51,87
USW00023190,2007-10-31,34.4241,-119.84249,2.5,"SANTA BARBARA MUNICIPAL AIRPORT, CA US",0,194,67,16,81,61,96
USW00023190,2007-11-01,34.4241,-119.84249,2.5,"SANTA BARBARA MUNICIPAL AIRPORT, CA US",0,150,117,13,93,84,97
USW00023190,2007-11-02,34.4241,-119.84249,2.5,"SANTA BARBARA MUNICIPAL AIRPORT, CA US",0,161,111,18,92,75,97
USW00023190,2007-11-03,34.4241,-119.84249,2.5,"SANTA BARBARA MUNICIPAL AIRPORT, CA US",0,167,106,17,92,75,100
USW00023190,2007-11-04,34.4241,-119.84249,2.5,"SANTA BARBARA MUNICIPAL AIRPORT, CA US",0,150,100,15,91,75,100
USW00023190,2007-11-05,34.4241,-119.84249,2.5,"SANTA BARBARA MUNICIPAL AIRPORT, CA US",0,161,78,13,85,70,93
USW00023190,2007-11-06,34.4241,-119.84249,2.5,"SANTA BARBARA MUNICIPAL AIRPORT, CA US",0,161,61,13,86,75,96
USW00023190,2007-11-07,34.4241,-119.84249,2.5,"SANTA BARBARA MUNICIPAL AIRPORT, CA US",0,156,72,21,87,72,97
USW00023190,2007-11-08,34.4241,-119.84249,2.5,"SANTA BARBARA MUNICIPAL AIRPORT, CA US",0,161,61,8,82,69,97
USW00023190,2007-11-09,34.4241,-119.84249,2.5,"SANTA BARBARA MUNICIPAL AIRPORT, CA US",0,183,72,17,79,68,93
USW00023190,2007-11-10,34.4241,-119.84249,2.5,"SANTA BARBARA MUNICIPAL AIRPORT, CA US",0,189,56,12,75,56,89
USW00023190,2007-11-11,34.4241,-119.84249,2.5,"SANTA BARBARA MUNICIPAL AIRPORT, CA US",0,183,83,16,79,46,96
USW00023190,2007-11-12,34.4241,-119.84249,2.5,"SANTA BARBARA MUNICIPAL AIRPORT, CA US",0,239,78,13,77,37,97
USW00023190,2007-11-13,34.4241,-119.84249,2.5,"SANTA BARBARA MUNICIPAL AIRPORT, CA US",0,250,61,13,61,29,83
USW00023190,2007-11-14,34.4241,-119.84249,2.5,"SANTA BARBARA MUNICIPAL AIRPORT, CA US",0,289,83,11,56,18,90
USW00023190,2007-11-15,34.4241,-119.84249,2.5,"SANTA BARBARA MUNICIPAL AIRPORT, CA US",0,289,83,10,62,23,92
USW00023190,2007-11-16,34.4241,-119.84249,2.5,"SANTA BARBARA MUNICIPAL AIRPORT, CA US",0,167,89,18,89,78,100
USW00023190,2007-11-17,34.4241,-119.84249,2.5,"SANTA BARBARA MUNICIPAL AIRPORT, CA US",0,156,94,12,86,78,93
USW00023190,2007-11-18,34.4241,-119.84249,2.5,"SANTA BARBARA MUNICIPAL AIRPORT, CA US",0,133,106,12,94,87,100
USW00023190,2007-11-19,34.4241,-119.84249,2.5,"SANTA BARBARA MUNICIPAL AIRPORT, CA US",0,133,89,11,95,84,100
USW00023190,2007-11-20,34.4241,-119.84249,2.5,"SANTA BARBARA MUNICIPAL AIRPORT, CA US",0,167,78,15,87,73,100
USW00023190,2007-11-21,34.4241,-119.84249,2.5,"SANTA BARBARA MUNICIPAL AIRPORT, CA US",0,183,67,13,79,60,93
USW00023190,2007-11-22,34.4241,-119.84249,2.5,"SANTA BARBARA MUNICIPAL AIRPORT, CA US",0,167,39,14,82,67,93
USW00023190,2007-11-23,34.4241,-119.84249,2.5,"SANTA BARBARA MUNICIPAL AIRPORT, CA US",0,178,33,11,77,56,93
USW00023190,2007-11-24,34.4241,-119.84249,2.5,"SANTA BARBARA MUNICIPAL AIRPORT, CA US",0,222,11,9,62,18,93
USW00023190,2007-11-25,34.4241,-119.84249,2.5,"SANTA BARBARA MUNICIPAL AIRPORT, CA US",0,189,28,9,63,37,77
USW00023190,2007-11-26,34.4241,-119.84249,2.5,"SANTA BARBARA MUNICIPAL AIRPORT, CA US",0,200,22,12,65,31,89
USW00023190,2007-11-27,34.4241,-119.84249,2.5,"SANTA BARBARA MUNICIPAL AIRPORT, CA US",0,194,11,6,61,30,80
USW00023190,2007-11-28,34.4241,-119.84249,2.5,"SANTA BARBARA MUNICIPAL AIRPORT, CA US",0,228,39,14,49,19,73
USW00023190,2007-11-29,34.4241,-119.84249,2.5,"SANTA BARBARA MUNICIPAL AIRPORT, CA US",0,222,33,9,45,21,70
USW00023190,2007-11-30,34.4241,-119.84249,2.5,"SANTA BARBARA MUNICIPAL AIRPORT, CA US",0,161,61,18,64,45,79
USW00023190,2007-12-01,34.4241,-119.84249,2.5,"SANTA BARBARA MUNICIPAL AIRPORT, CA US",0,167,17,31,51,32,79
USW00023190,2007-12-02,34.4241,-119.84249,2.5,"SANTA BARBARA MUNICIPAL AIRPORT, CA US",0,150,6,11,72,51,93
USW00023190,2007-12-03,34.4241,-119.84249,2.5,"SANTA BARBARA MUNICIPAL AIRPORT, CA US",0,183,0,9,75,47,93
USW00023190,2007-12-04,34.4241,-119.84249,2.5,"SANTA BARBARA MUNICIPAL AIRPORT, CA US",0,261,6,12,57,31,86
USW00023190,2007-12-05,34.4241,-119.84249,2.5,"SANTA BARBARA MUNICIPAL AIRPORT, CA US",0,239,78,9,72,35,96
USW00023190,2007-12-06,34.4241,-119.84249,2.5,"SANTA BARBARA MUNICIPAL AIRPORT, CA US",41,172,100,23,85,68,97
USW00023190,2007-12-07,34.4241,-119.84249,2.5,"SANTA BARBARA MUNICIPAL AIRPORT, CA US",18,,,48,82,68,93
USW00023190,2007-12-08,34.4241,-119.84249,2.5,"SANTA BARBARA MUNICIPAL AIRPORT, CA US",0,150,44,42,60,43,77
USW00023190,2007-12-09,34.4241,-119.84249,2.5,"SANTA BARBARA MUNICIPAL AIRPORT, CA US",0,,,0,,100,0
USW00023190,2007-12-10,34.4241,-119.84249,2.5,"SANTA BARBARA MUNICIPAL AIRPORT, CA US",0,,,10,60,42,79
USW00023190,2007-12-11,34.4241,-119.84249,2.5,"SANTA BARBARA MUNICIPAL AIRPORT, CA US",0,,,10,48,28,86
USW00023190,2007-12-12,34.4241,-119.84249,2.5,"SANTA BARBARA MUNICIPAL AIRPORT, CA US",0,,,11,67,44,86
USW00023190,2007-12-13,34.4241,-119.84249,2.5,"SANTA BARBARA MUNICIPAL AIRPORT, CA US",0,150,-11,9,68,33,89
USW00023190,2007-12-14,34.4241,-119.84249,2.5,"SANTA BARBARA MUNICIPAL AIRPORT, CA US",0,156,0,9,73,46,89
USW00023190,2007-12-15,34.4241,-119.84249,2.5,"SANTA BARBARA MUNICIPAL AIRPORT, CA US",0,167,0,7,69,41,89
USW00023190,2007-12-16,34.4241,-119.84249,2.5,"SANTA BARBARA MUNICIPAL AIRPORT, CA US",0,167,0,7,69,36,85
USW00023190,2007-12-17,34.4241,-119.84249,2.5,"SANTA BARBARA MUNICIPAL AIRPORT, CA US",13,150,17,12,83,64,96
USW00023190,2007-12-18,34.4241,-119.84249,2.5,"SANTA BARBARA MUNICIPAL AIRPORT, CA US",427,139,117,28,94,90,97
USW00023190,2007-12-19,34.4241,-119.84249,2.5,"SANTA BARBARA MUNICIPAL AIRPORT, CA US",46,150,94,14,91,83,97
USW00023190,2007-12-20,34.4241,-119.84249,2.5,"SANTA BARBARA MUNICIPAL AIRPORT, CA US",5,156,67,21,77,46,96
USW00023190,2007-12-21,34.4241,-119.84249,2.5,"SANTA BARBARA MUNICIPAL AIRPORT, CA US",0,144,22,22,56,36,83
USW00023190,2007-12-22,34.4241,-119.84249,2.5,"SANTA BARBARA MUNICIPAL AIRPORT, CA US",0,150,-6,9,75,44,92
USW00023190,2007-12-23,34.4241,-119.84249,2.5,"SANTA BARBARA MUNICIPAL AIRPORT, CA US",0,189,11,8,62,22,89
USW00023190,2007-12-24,34.4241,-119.84249,2.5,"SANTA BARBARA MUNICIPAL AIRPORT, CA US",0,267,33,25,50,15,86
USW00023190,2007-12-25,34.4241,-119.84249,2.5,"SANTA BARBARA MUNICIPAL AIRPORT, CA US",0,189,28,25,55,14,86
USW00023190,2007-12-26,34.4241,-119.84249,2.5,"SANTA BARBARA MUNICIPAL AIRPORT, CA US",0,189,11,29,42,20,85
USW00023190,2007-12-27,34.4241,-119.84249,2.5,"SANTA BARBARA MUNICIPAL AIRPORT, CA US",0,128,17,24,38,18,70
USW00023190,2007-12-28,34.4241,-119.84249,2.5,"SANTA BARBARA MUNICIPAL AIRPORT, CA US",0,117,17,8,74,41,93
USW00023190,2007-12-29,34.4241,-119.84249,2.5,"SANTA BARBARA MUNICIPAL AIRPORT, CA US",0,139,39,12,84,67,97
USW00023190,2007-12-30,34.4241,-119.84249,2.5,"SANTA BARBARA MUNICIPAL AIRPORT, CA US",0,144,17,12,87,72,97
USW00023190,2007-12-31,34.4241,-119.84249,2.5,"SANTA BARBARA MUNICIPAL AIRPORT, CA US",0,189,11,10,67,32,100
USW00023190,2008-01-01,34.4241,-119.84249,2.5,"SANTA BARBARA MUNICIPAL AIRPORT, CA US",0,200,6,10,62,32,86
USW00023190,2008-01-02,34.4241,-119.84249,2.5,"SANTA BARBARA MUNICIPAL AIRPORT, CA US",0,206,17,11,48,16,79
USW00023190,2008-01-03,34.4241,-119.84249,2.5,"SANTA BARBARA MUNICIPAL AIRPORT, CA US",0,161,44,21,65,36,86
USW00023190,2008-01-04,34.4241,-119.84249,2.5,"SANTA BARBARA MUNICIPAL AIRPORT, CA US",538,144,106,52,88,69,97
USW00023190,2008-01-05,34.4241,-119.84249,2.5,"SANTA BARBARA MUNICIPAL AIRPORT, CA US",53,139,100,17,88,74,93
USW00023190,2008-01-06,34.4241,-119.84249,2.5,"SANTA BARBARA MUNICIPAL AIRPORT, CA US",117,128,78,21,84,67,93
USW00023190,2008-01-07,34.4241,-119.84249,2.5,"SANTA BARBARA MUNICIPAL AIRPORT, CA US",5,167,44,23,68,42,93
USW00023190,2008-01-08,34.4241,-119.84249,2.5,"SANTA BARBARA MUNICIPAL AIRPORT, CA US",0,144,33,12,76,51,93
USW00023190,2008-01-09,34.4241,-119.84249,2.5,"SANTA BARBARA MUNICIPAL AIRPORT, CA US",0,150,56,14,84,69,97
USW00023190,2008-01-10,34.4241,-119.84249,2.5,"SANTA BARBARA MUNICIPAL AIRPORT, CA US",0,150,39,9,86,67,97
USW00023190,2008-01-11,34.4241,-119.84249,2.5,"SANTA BARBARA MUNICIPAL AIRPORT, CA US",0,206,61,15,71,45,93
USW00023190,2008-01-12,34.4241,-119.84249,2.5,"SANTA BARBARA MUNICIPAL AIRPORT, CA US",0,233,28,18,57,25,86
USW00023190,2008-01-13,34.4241,-119.84249,2.5,"SANTA BARBARA MUNICIPAL AIRPORT, CA US",0,222,39,5,56,25,82
USW00023190,2008-01-14,34.4241,-119.84249,2.5,"SANTA BARBARA MUNICIPAL AIRPORT, CA US",0,206,17,9,57,22,89
USW00023190,2008-01-15,34.4241,-119.84249,2.5,"SANTA BARBARA MUNICIPAL AIRPORT, CA US",0,172,17,13,76,47,93
USW00023190,2008-01-16,34.4241,-119.84249,2.5,"SANTA BARBARA MUNICIPAL AIRPORT, CA US",0,178,11,9,78,44,93
USW00023190,2008-01-17,34.4241,-119.84249,2.5,"SANTA BARBARA MUNICIPAL AIRPORT, CA US",0,144,6,9,76,45,93
USW00023190,2008-01-18,34.4241,-119.84249,2.5,"SANTA BARBARA MUNICIPAL AIRPORT, CA US",0,178,6,5,58,24,89
USW00023190,2008-01-19,34.4241,-119.84249,2.5,"SANTA BARBARA MUNICIPAL AIRPORT, CA US",0,183,11,9,63,27,89
USW00023190,2008-01-20,34.4241,-119.84249,2.5,"SANTA BARBARA MUNICIPAL AIRPORT, CA US",0,144,6,16,73,56,89
USW00023190,2008-01-21,34.4241,-119.84249,2.5,"SANTA BARBARA MUNICIPAL AIRPORT, CA US",25,128,6,18,70,53,86
USW00023190,2008-01-22,34.4241,-119.84249,2.5,"SANTA BARBARA MUNICIPAL AIRPORT, CA US",117,122,78,44,85,77,93
USW00023190,2008-01-23,34.4241,-119.84249,2.5,"SANTA BARBARA MUNICIPAL AIRPORT, CA US",1057,106,39,33,89,80,96
USW00023190,2008-01-24,34.4241,-119.84249,2.5,"SANTA BARBARA MUNICIPAL AIRPORT, CA US",178,111,39,35,84,68,96
USW00023190,2008-01-25,34.4241,-119.84249,2.5,"SANTA BARBARA MUNICIPAL AIRPORT, CA US",8,139,100,69,81,67,87
USW00023190,2008-01-26,34.4241,-119.84249,2.5,"SANTA BARBARA MUNICIPAL AIRPORT, CA US",163,167,111,71,67,51,93
USW00023190,2008-01-27,34.4241,-119.84249,2.5,"SANTA BARBARA MUNICIPAL AIRPORT, CA US",381,144,111,53,86,74,97
USW00023190,2008-01-28,34.4241,-119.84249,2.5,"SANTA BARBARA MUNICIPAL AIRPORT, CA US",10,139,39,40,67,44,93
USW00023190,2008-01-29,34.4241,-119.84249,2.5,"SANTA BARBARA MUNICIPAL AIRPORT, CA US",0,139,17,14,66,40,86
USW00023190,2008-01-30,34.4241,-119.84249,2.5,"SANTA BARBARA MUNICIPAL AIRPORT, CA US",0,167,56,51,44,26,77
USW00023190,2008-01-31,34.4241,-119.84249,2.5,"SANTA BARBARA MUNICIPAL AIRPORT, CA US",0,156,22,12,62,38,83
USW00023190,2008-02-01,34.4241,-119.84249,2.5,"SANTA BARBARA MUNICIPAL AIRPORT, CA US",0,178,56,32,60,41,82
USW00023190,2008-02-02,34.4241,-119.84249,2.5,"SANTA BARBARA MUNICIPAL AIRPORT, CA US",0,167,33,17,54,38,80
USW00023190,2008-02-03,34.4241,-119.84249,2.5,"SANTA BARBARA MUNICIPAL AIRPORT, CA US",157,150,78,43,77,58,97
USW00023190,2008-02-04,34.4241,-119.84249,2.5,"SANTA BARBARA MUNICIPAL AIRPORT, CA US",0,156,44,33,45,31,68
USW00023190,2008-02-05,34.4241,-119.84249,2.5,"SANTA BARBARA MUNICIPAL AIRPORT, CA US",0,150,11,13,60,32,82
USW00023190,2008-02-06,34.4241,-119.84249,2.5,"SANTA BARBARA MUNICIPAL AIRPORT, CA US",0,189,22,14,72,31,89
USW00023190,2008-02-07,34.4241,-119.84249,2.5,"SANTA BARBARA MUNICIPAL AIRPORT, CA US",0,161,33,9,79,58,89
USW00023190,2008-02-08,34.4241,-119.84249,2.5,"SANTA BARBARA MUNICIPAL AIRPORT, CA US",0,206,33,9,76,32,93
USW00023190,2008-02-09,34.4241,-119.84249,2.5,"SANTA BARBARA MUNICIPAL AIRPORT, CA US",0,228,44,10,59,22,89
USW00023190,2008-02-10,34.4241,-119.84249,2.5,"SANTA BARBARA MUNICIPAL AIRPORT, CA US",0,222,50,7,70,36,93
USW00023190,2008-02-11,34.4241,-119.84249,2.5,"SANTA BARBARA MUNICIPAL AIRPORT, CA US",0,206,44,9,69,36,90
USW00023190,2008-02-12,34.4241,-119.84249,2.5,"SANTA BARBARA MUNICIPAL AIRPORT, CA US",0,256,44,13,69,20,93
USW00023190,2008-02-13,34.4241,-119.84249,2.5,"SANTA BARBARA MUNICIPAL AIRPORT, CA US",0,139,72,19,86,80,97
USW00023190,2008-02-14,34.4241,-119.84249,2.5,"SANTA BARBARA MUNICIPAL AIRPORT, CA US",8,178,50,24,55,14,90
USW00023190,2008-02-15,34.4241,-119.84249,2.5,"SANTA BARBARA MUNICIPAL AIRPORT, CA US",0,167,17,17,64,38,89
USW00023190,2008-02-16,34.4241,-119.84249,2.5,"SANTA BARBARA MUNICIPAL AIRPORT, CA US",0,144,28,17,80,62,90
USW00023190,2008-02-17,34.4241,-119.84249,2.5,"SANTA BARBARA MUNICIPAL AIRPORT, CA US",0,150,50,16,82,67,93
USW00023190,2008-02-18,34.4241,-119.84249,2.5,"SANTA BARBARA MUNICIPAL AIRPORT, CA US",0,133,61,13,86,74,97
USW00023190,2008-02-19,34.4241,-119.84249,2.5,"SANTA BARBARA MUNICIPAL AIRPORT, CA US",0,144,61,15,82,69,90
USW00023190,2008-02-20,34.4241,-119.84249,2.5,"SANTA BARBARA MUNICIPAL AIRPORT, CA US",74,167,89,36,76,50,96
USW00023190,2008-02-21,34.4241,-119.84249,2.5,"SANTA BARBARA MUNICIPAL AIRPORT, CA US",41,139,78,44,79,69,90
USW00023190,2008-02-22,34.4241,-119.84249,2.5,"SANTA BARBARA MUNICIPAL AIRPORT, CA US",10,150,72,32,79,56,92
USW00023190,2008-02-23,34.4241,-119.84249,2.5,"SANTA BARBARA MUNICIPAL AIRPORT, CA US",142,139,28,47,78,64,93
USW00023190,2008-02-24,34.4241,-119.84249,2.5,"SANTA BARBARA MUNICIPAL AIRPORT, CA US",74,156,83,35,85,67,93
USW00023190,2008-02-25,34.4241,-119.84249,2.5,"SANTA BARBARA MUNICIPAL AIRPORT, CA US",0,183,67,17,75,48,90
USW00023190,2008-02-26,34.4241,-119.84249,2.5,"SANTA BARBARA MUNICIPAL AIRPORT, CA US",0,233,50,12,65,26,92
USW00023190,2008-02-27,34.4241,-119.84249,2.5,"SANTA BARBARA MUNICIPAL AIRPORT, CA US",0,200,61,12,77,49,90
USW00023190,2008-02-28,34.4241,-119.84249,2.5,"SANTA BARBARA MUNICIPAL AIRPORT, CA US",0,183,67,14,86,56,97
USW00023190,2008-02-29,34.4241,-119.84249,2.5,"SANTA BARBARA MUNICIPAL AIRPORT, CA US",0,144,111,25,84,75,93
USW00023190,2008-03-01,34.4241,-119.84249,2.5,"SANTA BARBARA MUNICIPAL AIRPORT, CA US",0,144,72,17,82,72,93
USW00023190,2008-03-02,34.4241,-119.84249,2.5,"SANTA BARBARA MUNICIPAL AIRPORT, CA US",0,183,67,21,55,32,83
USW00023190,2008-03-03,34.4241,-119.84249,2.5,"SANTA BARBARA MUNICIPAL AIRPORT, CA US",0,183,39,13,60,31,86
USW00023190,2008-03-04,34.4241,-119.84249,2.5,"SANTA BARBARA MUNICIPAL AIRPORT, CA US",0,194,50,12,64,28,90
USW00023190,2008-03-05,34.4241,-119.84249,2.5,"SANTA BARBARA MUNICIPAL AIRPORT, CA US",0,178,56,18,78,63,89
USW00023190,2008-03-06,34.4241,-119.84249,2.5,"SANTA BARBARA MUNICIPAL AIRPORT, CA US",0,194,50,10,64,35,93
USW00023190,2008-03-07,34.4241,-119.84249,2.5,"SANTA BARBARA MUNICIPAL AIRPORT, CA US",0,194,50,12,68,36,90
USW00023190,2008-03-08,34.4241,-119.84249,2.5,"SANTA BARBARA MUNICIPAL AIRPORT, CA US",0,239,89,37,54,32,86
USW00023190,2008-03-09,34.4241,-119.84249,2.5,"SANTA BARBARA MUNICIPAL AIRPORT, CA US",0,217,72,17,55,29,83
USW00023190,2008-03-10,34.4241,-119.84249,2.5,"SANTA BARBARA MUNICIPAL AIRPORT, CA US",0,239,61,13,56,18,83
USW00023190,2008-03-11,34.4241,-119.84249,2.5,"SANTA BARBARA MUNICIPAL AIRPORT, CA US",0,222,94,15,65,35,87
USW00023190,2008-03-12,34.4241,-119.84249,2.5,"SANTA BARBARA MUNICIPAL AIRPORT, CA US",0,244,83,22,63,37,89
USW00023190,2008-03-13,34.4241,-119.84249,2.5,"SANTA BARBARA MUNICIPAL AIRPORT, CA US",0,256,111,44,53,40,72
USW00023190,2008-03-14,34.4241,-119.84249,2.5,"SANTA BARBARA MUNICIPAL AIRPORT, CA US",0,222,78,44,54,26,80
USW00023190,2008-03-15,34.4241,-119.84249,2.5,"SANTA BARBARA MUNICIPAL AIRPORT, CA US",3,172,72,53,53,32,71
USW00023190,2008-03-16,34.4241,-119.84249,2.5,"SANTA BARBARA MUNICIPAL AIRPORT, CA US",0,189,67,60,41,24,63
USW00023190,2008-03-17,34.4241,-119.84249,2.5,"SANTA BARBARA MUNICIPAL AIRPORT, CA US",0,200,50,32,40,25,72
USW00023190,2008-03-18,34.4241,-119.84249,2.5,"SANTA BARBARA MUNICIPAL AIRPORT, CA US",0,167,50,16,72,53,93
USW00023190,2008-03-19,34.4241,-119.84249,2.5,"SANTA BARBARA MUNICIPAL AIRPORT, CA US",0,144,78,13,85,74,97
USW00023190,2008-03-20,34.4241,-119.84249,2.5,"SANTA BARBARA MUNICIPAL AIRPORT, CA US",0,206,56,19,72,32,93
USW00023190,2008-03-21,34.4241,-119.84249,2.5,"SANTA BARBARA MUNICIPAL AIRPORT, CA US",0,211,44,14,67,26,90
USW00023190,2008-03-22,34.4241,-119.84249,2.5,"SANTA BARBARA MUNICIPAL AIRPORT, CA US",0,233,44,17,61,26,93
USW00023190,2008-03-23,34.4241,-119.84249,2.5,"SANTA BARBARA MUNICIPAL AIRPORT, CA US",0,261,56,14,70,31,93
USW00023190,2008-03-24,34.4241,-119.84249,2.5,"SANTA BARBARA MUNICIPAL AIRPORT, CA US",0,222,61,11,77,41,89
USW00023190,2008-03-25,34.4241,-119.84249,2.5,"SANTA BARBARA MUNICIPAL AIRPORT, CA US",0,200,72,21,71,45,90
USW00023190,2008-03-26,34.4241,-119.84249,2.5,"SANTA BARBARA MUNICIPAL AIRPORT, CA US",0,244,100,34,62,36,90
USW00023190,2008-03-27,34.4241,-119.84249,2.5,"SANTA BARBARA MUNICIPAL AIRPORT, CA US",0,261,89,38,40,16,80
USW00023190,2008-03-28,34.4241,-119.84249,2.5,"SANTA BARBARA MUNICIPAL AIRPORT, CA US",0,217,56,30,57,37,80
USW00023190,2008-03-29,34.4241,-119.84249,2.5,"SANTA BARBARA MUNICIPAL AIRPORT, CA US",0,178,72,19,73,57,80
USW00023190,2008-03-30,34.4241,-119.84249,2.5,"SANTA BARBARA MUNICIPAL AIRPORT, CA US",0,172,61,44,52,38,76
USW00023190,2008-03-31,34.4241,-119.84249,2.5,"SANTA BARBARA MUNICIPAL AIRPORT, CA US",0,144,33,18,71,53,86
USW00023190,2008-04-01,34.4241,-119.84249,2.5,"SANTA BARBARA MUNICIPAL AIRPORT, CA US",0,150,44,18,75,60,89
USW00023190,2008-04-02,34.4241,-119.84249,2.5,"SANTA BARBARA MUNICIPAL AIRPORT, CA US",25,144,44,21,81,67,93
USW00023190,2008-04-03,34.4241,-119.84249,2.5,"SANTA BARBARA MUNICIPAL AIRPORT, CA US",3,167,100,19,87,70,96
USW00023190,2008-04-04,34.4241,-119.84249,2.5,"SANTA BARBARA MUNICIPAL AIRPORT, CA US",0,133,94,18,91,83,97
USW00023190,2008-04-05,34.4241,-119.84249,2.5,"SANTA BARBARA MUNICIPAL AIRPORT, CA US",0,172,72,21,74,54,93
USW00023190,2008-04-06,34.4241,-119.84249,2.5,"SANTA BARBARA MUNICIPAL AIRPORT, CA US",0,161,61,21,75,50,93
USW00023190,2008-04-07,34.4241,-119.84249,2.5,"SANTA BARBARA MUNICIPAL AIRPORT, CA US",0,183,61,21,70,48,86
USW00023190,2008-04-08,34.4241,-119.84249,2.5,"SANTA BARBARA MUNICIPAL AIRPORT, CA US",0,194,39,39,61,41,93
USW00023190,2008-04-09,34.4241,-119.84249,2.5,"SANTA BARBARA MUNICIPAL AIRPORT, CA US",0,200,67,47,53,37,66
USW00023190,2008-04-10,34.4241,-119.84249,2.5,"SANTA BARBARA MUNICIPAL AIRPORT, CA US",0,200,56,16,72,39,89
USW00023190,2008-04-11,34.4241,-119.84249,2.5,"SANTA BARBARA MUNICIPAL AIRPORT, CA US",0,261,61,14,54,26,86
USW00023190,2008-04-12,34.4241,-119.84249,2.5,"SANTA BARBARA MUNICIPAL AIRPORT, CA US",0,317,61,16,43,10,83
USW00023190,2008-04-13,34.4241,-119.84249,2.5,"SANTA BARBARA MUNICIPAL AIRPORT, CA US",0,322,83,16,52,12,90
USW00023190,2008-04-14,34.4241,-119.84249,2.5,"SANTA BARBARA MUNICIPAL AIRPORT, CA US",0,128,94,21,68,47,93
USW00023190,2008-04-15,34.4241,-119.84249,2.5,"SANTA BARBARA MUNICIPAL AIRPORT, CA US",0,211,67,40,52,21,83
USW00023190,2008-04-16,34.4241,-119.84249,2.5,"SANTA BARBARA MUNICIPAL AIRPORT, CA US",0,183,72,,64,41,86
USW00023190,2008-04-17,34.4241,-119.84249,2.5,"SANTA BARBARA MUNICIPAL AIRPORT, CA US",0,233,56,16,61,24,100
USW00023190,2008-04-18,34.4241,-119.84249,2.5,"SANTA BARBARA MUNICIPAL AIRPORT, CA US",0,183,78,19,80,52,100
USW00023190,2008-04-19,34.4241,-119.84249,2.5,"SANTA BARBARA MUNICIPAL AIRPORT, CA US",0,178,72,39,64,41,90
USW00023190,2008-04-20,34.4241,-119.84249,2.5,"SANTA BARBARA MUNICIPAL AIRPORT, CA US",0,183,39,29,55,38,77
USW00023190,2008-04-21,34.4241,-119.84249,2.5,"SANTA BARBARA MUNICIPAL AIRPORT, CA US",0,183,39,15,59,35,74
USW00023190,2008-04-22,34.4241,-119.84249,2.5,"SANTA BARBARA MUNICIPAL AIRPORT, CA US",0,222,44,21,59,39,83
USW00023190,2008-04-23,34.4241,-119.84249,2.5,"SANTA BARBARA MUNICIPAL AIRPORT, CA US",0,200,78,45,55,39,67
USW00023190,2008-04-24,34.4241,-119.84249,2.5,"SANTA BARBARA MUNICIPAL AIRPORT, CA US",0,211,83,30,55,8,77
USW00023190,2008-04-25,34.4241,-119.84249,2.5,"SANTA BARBARA MUNICIPAL AIRPORT, CA US",0,256,50,28,43,18,77
USW00023190,2008-04-26,34.4241,-119.84249,2.5,"SANTA BARBARA MUNICIPAL AIRPORT, CA US",0,289,122,18,47,19,87
USW00023190,2008-04-27,34.4241,-119.84249,2.5,"SANTA BARBARA MUNICIPAL AIRPORT, CA US",0,328,100,14,52,12,89
USW00023190,2008-04-28,34.4241,-119.84249,2.5,"SANTA BARBARA MUNICIPAL AIRPORT, CA US",0,272,117,15,70,28,90
USW00023190,2008-04-29,34.4241,-119.84249,2.5,"SANTA BARBARA MUNICIPAL AIRPORT, CA US",0,278,106,28,62,28,90
USW00023190,2008-04-30,34.4241,-119.84249,2.5,"SANTA BARBARA MUNICIPAL AIRPORT, CA US",0,206,78,34,45,28,74
USW00023190,2008-05-01,34.4241,-119.84249,2.5,"SANTA BARBARA MUNICIPAL AIRPORT, CA US",0,211,83,22,55,26,86
USW00023190,2008-05-02,34.4241,-119.84249,2.5,"SANTA BARBARA MUNICIPAL AIRPORT, CA US",0,222,72,17,64,32,87
USW00023190,2008-05-03,34.4241,-119.84249,2.5,"SANTA BARBARA MUNICIPAL AIRPORT, CA US",0,206,89,22,71,44,90
USW00023190,2008-05-04,34.4241,-119.84249,2.5,"SANTA BARBARA MUNICIPAL AIRPORT, CA US",0,172,94,28,76,62,87
USW00023190,2008-05-05,34.4241,-119.84249,2.5,"SANTA BARBARA MUNICIPAL AIRPORT, CA US",0,183,111,20,72,56,86
USW00023190,2008-05-06,34.4241,-119.84249,2.5,"SANTA BARBARA MUNICIPAL AIRPORT, CA US",0,167,89,22,77,67,90
USW00023190,2008-05-07,34.4241,-119.84249,2.5,"SANTA BARBARA MUNICIPAL AIRPORT, CA US",0,172,89,22,73,58,89
USW00023190,2008-05-08,34.4241,-119.84249,2.5,"SANTA BARBARA MUNICIPAL AIRPORT, CA US",0,178,61,18,75,60,90
USW00023190,2008-05-09,34.4241,-119.84249,2.5,"SANTA BARBARA MUNICIPAL AIRPORT, CA US",0,150,78,16,80,67,90
USW00023190,2008-05-10,34.4241,-119.84249,2.5,"SANTA BARBARA MUNICIPAL AIRPORT, CA US",0,183,72,19,78,60,92
USW00023190,2008-05-11,34.4241,-119.84249,2.5,"SANTA BARBARA MUNICIPAL AIRPORT, CA US",0,150,106,20,86,75,96
USW00023190,2008-05-12,34.4241,-119.84249,2.5,"SANTA BARBARA MUNICIPAL AIRPORT, CA US",0,172,89,22,77,58,93
USW00023190,2008-05-13,34.4241,-119.84249,2.5,"SANTA BARBARA MUNICIPAL AIRPORT, CA US",0,211,67,27,69,47,90
USW00023190,2008-05-14,34.4241,-119.84249,2.5,"SANTA BARBARA MUNICIPAL AIRPORT, CA US",0,222,100,24,69,47,90
USW00023190,2008-05-15,34.4241,-119.84249,2.5,"SANTA BARBARA MUNICIPAL AIRPORT, CA US",0,289,111,18,64,35,87
USW00023190,2008-05-16,34.4241,-119.84249,2.5,"SANTA BARBARA MUNICIPAL AIRPORT, CA US",0,289,133,30,66,40,90
USW00023190,2008-05-17,34.4241,-119.84249,2.5,"SANTA BARBARA MUNICIPAL AIRPORT, CA US",0,272,133,17,70,42,90
USW00023190,2008-05-18,34.4241,-119.84249,2.5,"SANTA BARBARA MUNICIPAL AIRPORT, CA US",0,267,150,17,68,45,90
USW00023190,2008-05-19,34.4241,-119.84249,2.5,"SANTA BARBARA MUNICIPAL AIRPORT, CA US",0,233,133,20,75,53,90
USW00023190,2008-05-20,34.4241,-119.84249,2.5,"SANTA BARBARA MUNICIPAL AIRPORT, CA US",0,194,117,19,81,63,90
USW00023190,2008-05-21,34.4241,-119.84249,2.5,"SANTA BARBARA MUNICIPAL AIRPORT, CA US",0,244,117,65,43,28,72
USW00023190,2008-05-22,34.4241,-119.84249,2.5,"SANTA BARBARA MUNICIPAL AIRPORT, CA US",0,244,100,54,46,30,72
USW00023190,2008-05-23,34.4241,-119.84249,2.5,"SANTA BARBARA MUNICIPAL AIRPORT, CA US",20,144,78,12,79,72,90
USW00023190,2008-05-24,34.4241,-119.84249,2.5,"SANTA BARBARA MUNICIPAL AIRPORT, CA US",5,183,89,21,71,46,86
USW00023190,2008-05-25,34.4241,-119.84249,2.5,"SANTA BARBARA MUNICIPAL AIRPORT, CA US",0,167,83,19,68,53,83
USW00023190,2008-05-26,34.4241,-119.84249,2.5,"SANTA BARBARA MUNICIPAL AIRPORT, CA US",0,183,72,24,72,50,86
USW00023190,2008-05-27,34.4241,-119.84249,2.5,"SANTA BARBARA MUNICIPAL AIRPORT, CA US",0,194,72,25,70,49,86
USW00023190,2008-05-28,34.4241,-119.84249,2.5,"SANTA BARBARA MUNICIPAL AIRPORT, CA US",0,206,67,22,65,47,90
USW00023190,2008-05-29,34.4241,-119.84249,2.5,"SANTA BARBARA MUNICIPAL AIRPORT, CA US",0,228,89,20,60,27,83
USW00023190,2008-05-30,34.4241,-119.84249,2.5,"SANTA BARBARA MUNICIPAL AIRPORT, CA US",0,217,89,23,64,47,80
USW00023190,2008-05-31,34.4241,-119.84249,2.5,"SANTA BARBARA MUNICIPAL AIRPORT, CA US",0,206,89,18,71,53,87
USW00023190,2008-06-01,34.4241,-119.84249,2.5,"SANTA BARBARA MUNICIPAL AIRPORT, CA US",0,211,94,23,73,49,90
USW00023190,2008-06-02,34.4241,-119.84249,2.5,"SANTA BARBARA MUNICIPAL AIRPORT, CA US",0,217,94,22,69,49,83
USW00023190,2008-06-03,34.4241,-119.84249,2.5,"SANTA BARBARA MUNICIPAL AIRPORT, CA US",0,189,89,27,73,61,86
USW00023190,2008-06-04,34.4241,-119.84249,2.5,"SANTA BARBARA MUNICIPAL AIRPORT, CA US",0,244,117,34,60,37,83
USW00023190,2008-06-05,34.4241,-119.84249,2.5,"SANTA BARBARA MUNICIPAL AIRPORT, CA US",0,289,111,27,58,23,81
USW00023190,2008-06-06,34.4241,-119.84249,2.5,"SANTA BARBARA MUNICIPAL AIRPORT, CA US",0,217,111,22,63,45,81
USW00023190,2008-06-07,34.4241,-119.84249,2.5,"SANTA BARBARA MUNICIPAL AIRPORT, CA US",0,217,106,22,67,47,80
USW00023190,2008-06-08,34.4241,-119.84249,2.5,"SANTA BARBARA MUNICIPAL AIRPORT, CA US",0,206,106,24,71,61,83
USW00023190,2008-06-09,34.4241,-119.84249,2.5,"SANTA BARBARA MUNICIPAL AIRPORT, CA US",0,200,128,30,82,68,93
USW00023190,2008-06-10,34.4241,-119.84249,2.5,"SANTA BARBARA MUNICIPAL AIRPORT, CA US",0,194,133,22,81,66,90
USW00023190,2008-06-11,34.4241,-119.84249,2.5,"SANTA BARBARA MUNICIPAL AIRPORT, CA US",0,206,133,28,70,55,84
USW00023190,2008-06-12,34.4241,-119.84249,2.5,"SANTA BARBARA MUNICIPAL AIRPORT, CA US",0,217,139,31,71,57,83
USW00023190,2008-06-13,34.4241,-119.84249,2.5,"SANTA BARBARA MUNICIPAL AIRPORT, CA US",0,200,139,22,77,65,84
USW00023190,2008-06-14,34.4241,-119.84249,2.5,"SANTA BARBARA MUNICIPAL AIRPORT, CA US",0,200,133,20,80,65,90
USW00023190,2008-06-15,34.4241,-119.84249,2.5,"SANTA BARBARA MUNICIPAL AIRPORT, CA US",0,217,122,25,77,57,93
USW00023190,2008-06-16,34.4241,-119.84249,2.5,"SANTA BARBARA MUNICIPAL AIRPORT, CA US",0,239,111,19,74,50,87
USW00023190,2008-06-17,34.4241,-119.84249,2.5,"SANTA BARBARA MUNICIPAL AIRPORT, CA US",0,239,128,19,72,46,87
USW00023190,2008-06-18,34.4241,-119.84249,2.5,"SANTA BARBARA MUNICIPAL AIRPORT, CA US",0,367,111,19,58,8,84
USW00023190,2008-06-19,34.4241,-119.84249,2.5,"SANTA BARBARA MUNICIPAL AIRPORT, CA US",0,294,150,22,65,36,87
USW00023190,2008-06-20,34.4241,-119.84249,2.5,"SANTA BARBARA MUNICIPAL AIRPORT, CA US",0,311,150,16,58,34,81
USW00023190,2008-06-21,34.4241,-119.84249,2.5,"SANTA BARBARA MUNICIPAL AIRPORT, CA US",0,322,172,18,57,23,84
USW00023190,2008-06-22,34.4241,-119.84249,2.5,"SANTA BARBARA MUNICIPAL AIRPORT, CA US",0,311,172,26,52,18,81
USW00023190,2008-06-23,34.4241,-119.84249,2.5,"SANTA BARBARA MUNICIPAL AIRPORT, CA US",0,272,156,32,64,41,80
USW00023190,2008-06-24,34.4241,-119.84249,2.5,"SANTA BARBARA MUNICIPAL AIRPORT, CA US",0,228,139,22,69,49,84
USW00023190,2008-06-25,34.4241,-119.84249,2.5,"SANTA BARBARA MUNICIPAL AIRPORT, CA US",0,228,117,20,71,53,86
USW00023190,2008-06-26,34.4241,-119.84249,2.5,"SANTA BARBARA MUNICIPAL AIRPORT, CA US",0,211,133,24,74,59,87
USW00023190,2008-06-27,34.4241,-119.84249,2.5,"SANTA BARBARA MUNICIPAL AIRPORT, CA US",0,222,144,25,74,59,87
USW00023190,2008-06-28,34.4241,-119.84249,2.5,"SANTA BARBARA MUNICIPAL AIRPORT, CA US",0,222,122,26,74,57,87
USW00023190,2008-06-29,34.4241,-119.84249,2.5,"SANTA BARBARA MUNICIPAL AIRPORT, CA US",0,211,106,26,77,59,90
USW00023190,2008-06-30,34.4241,-119.84249,2.5,"SANTA BARBARA MUNICIPAL AIRPORT, CA US",0,256,111,18,74,50,93
USW00023190,2008-07-01,34.4241,-119.84249,2.5,"SANTA BARBARA MUNICIPAL AIRPORT, CA US",0,250,128,21,71,48,87
USW00023190,2008-07-02,34.4241,-119.84249,2.5,"SANTA BARBARA MUNICIPAL AIRPORT, CA US",0,239,133,16,72,50,87
USW00023190,2008-07-03,34.4241,-119.84249,2.5,"SANTA BARBARA MUNICIPAL AIRPORT, CA US",0,222,139,21,72,61,84
USW00023190,2008-07-04,34.4241,-119.84249,2.5,"SANTA BARBARA MUNICIPAL AIRPORT, CA US",0,289,156,21,65,38,87
USW00023190,2008-07-05,34.4241,-119.84249,2.5,"SANTA BARBARA MUNICIPAL AIRPORT, CA US",0,250,139,23,72,50,87
USW00023190,2008-07-06,34.4241,-119.84249,2.5,"SANTA BARBARA MUNICIPAL AIRPORT, CA US",0,222,133,18,77,57,93
USW00023190,2008-07-07,34.4241,-119.84249,2.5,"SANTA BARBARA MUNICIPAL AIRPORT, CA US",0,211,139,27,82,66,93
USW00023190,2008-07-08,34.4241,-119.84249,2.5,"SANTA BARBARA MUNICIPAL AIRPORT, CA US",0,206,144,26,84,70,93
USW00023190,2008-07-09,34.4241,-119.84249,2.5,"SANTA BARBARA MUNICIPAL AIRPORT, CA US",0,211,144,23,81,68,90
USW00023190,2008-07-10,34.4241,-119.84249,2.5,"SANTA BARBARA MUNICIPAL AIRPORT, CA US",0,228,156,25,81,68,93
USW00023190,2008-07-11,34.4241,-119.84249,2.5,"SANTA BARBARA MUNICIPAL AIRPORT, CA US",0,239,178,21,75,62,84
USW00023190,2008-07-12,34.4241,-119.84249,2.5,"SANTA BARBARA MUNICIPAL AIRPORT, CA US",0,244,172,31,76,60,87
USW00023190,2008-07-13,34.4241,-119.84249,2.5,"SANTA BARBARA MUNICIPAL AIRPORT, CA US",0,228,161,25,76,64,87
USW00023190,2008-07-14,34.4241,-119.84249,2.5,"SANTA BARBARA MUNICIPAL AIRPORT, CA US",0,239,172,31,73,57,87
USW00023190,2008-07-15,34.4241,-119.84249,2.5,"SANTA BARBARA MUNICIPAL AIRPORT, CA US",0,250,172,22,70,50,84
USW00023190,2008-07-16,34.4241,-119.84249,2.5,"SANTA BARBARA MUNICIPAL AIRPORT, CA US",0,250,161,22,73,54,84
USW00023190,2008-07-17,34.4241,-119.84249,2.5,"SANTA BARBARA MUNICIPAL AIRPORT, CA US",0,239,144,17,74,57,87
USW00023190,2008-07-18,34.4241,-119.84249,2.5,"SANTA BARBARA MUNICIPAL AIRPORT, CA US",0,228,144,24,73,55,87
USW00023190,2008-07-19,34.4241,-119.84249,2.5,"SANTA BARBARA MUNICIPAL AIRPORT, CA US",0,222,156,24,79,66,86
USW00023190,2008-07-20,34.4241,-119.84249,2.5,"SANTA BARBARA MUNICIPAL AIRPORT, CA US",0,228,156,17,76,57,90
USW00023190,2008-07-21,34.4241,-119.84249,2.5,"SANTA BARBARA MUNICIPAL AIRPORT, CA US",0,233,133,20,74,53,87
USW00023190,2008-07-22,34.4241,-119.84249,2.5,"SANTA BARBARA MUNICIPAL AIRPORT, CA US",0,222,150,28,74,57,87
USW00023190,2008-07-23,34.4241,-119.84249,2.5,"SANTA BARBARA MUNICIPAL AIRPORT, CA US",0,217,144,30,79,64,90
USW00023190,2008-07-24,34.4241,-119.84249,2.5,"SANTA BARBARA MUNICIPAL AIRPORT, CA US",0,211,150,22,77,59,90
USW00023190,2008-07-25,34.4241,-119.84249,2.5,"SANTA BARBARA MUNICIPAL AIRPORT, CA US",0,233,150,22,74,57,90
USW00023190,2008-07-26,34.4241,-119.84249,2.5,"SANTA BARBARA MUNICIPAL AIRPORT, CA US",0,250,150,17,73,60,86
USW00023190,2008-07-27,34.4241,-119.84249,2.5,"SANTA BARBARA MUNICIPAL AIRPORT, CA US",0,233,172,31,75,62,87
USW00023190,2008-07-28,34.4241,-119.84249,2.5,"SANTA BARBARA MUNICIPAL AIRPORT, CA US",0,233,161,23,78,61,87
USW00023190,2008-07-29,34.4241,-119.84249,2.5,"SANTA BARBARA MUNICIPAL AIRPORT, CA US",0,222,161,22,75,63,84
USW00023190,2008-07-30,34.4241,-119.84249,2.5,"SANTA BARBARA MUNICIPAL AIRPORT, CA US",0,222,133,20,77,64,90
USW00023190,2008-07-31,34.4241,-119.84249,2.5,"SANTA BARBARA MUNICIPAL AIRPORT, CA US",0,222,167,25,80,66,90
USW00023190,2008-08-01,34.4241,-119.84249,2.5,"SANTA BARBARA MUNICIPAL AIRPORT, CA US",0,222,150,21,78,66,87
USW00023190,2008-08-02,34.4241,-119.84249,2.5,"SANTA BARBARA MUNICIPAL AIRPORT, CA US",0,222,161,23,80,64,90
USW00023190,2008-08-03,34.4241,-119.84249,2.5,"SANTA BARBARA MUNICIPAL AIRPORT, CA US",0,233,172,25,79,64,90
USW00023190,2008-08-04,34.4241,-119.84249,2.5,"SANTA BARBARA MUNICIPAL AIRPORT, CA US",0,244,150,14,74,55,87
USW00023190,2008-08-05,34.4241,-119.84249,2.5,"SANTA BARBARA MUNICIPAL AIRPORT, CA US",0,239,161,16,77,62,87
USW00023190,2008-08-06,34.4241,-119.84249,2.5,"SANTA BARBARA MUNICIPAL AIRPORT, CA US",0,250,156,20,72,52,87
USW00023190,2008-08-07,34.4241,-119.84249,2.5,"SANTA BARBARA MUNICIPAL AIRPORT, CA US",0,250,172,26,73,55,84
USW00023190,2008-08-08,34.4241,-119.84249,2.5,"SANTA BARBARA MUNICIPAL AIRPORT, CA US",0,239,172,27,73,56,84
USW00023190,2008-08-09,34.4241,-119.84249,2.5,"SANTA BARBARA MUNICIPAL AIRPORT, CA US",0,239,144,28,72,52,86
USW00023190,2008-08-10,34.4241,-119.84249,2.5,"SANTA BARBARA MUNICIPAL AIRPORT, CA US",0,239,133,23,74,54,87
USW00023190,2008-08-11,34.4241,-119.84249,2.5,"SANTA BARBARA MUNICIPAL AIRPORT, CA US",0,211,156,30,78,66,87
USW00023190,2008-08-12,34.4241,-119.84249,2.5,"SANTA BARBARA MUNICIPAL AIRPORT, CA US",0,222,156,30,78,65,90
USW00023190,2008-08-13,34.4241,-119.84249,2.5,"SANTA BARBARA MUNICIPAL AIRPORT, CA US",0,228,156,22,79,61,90
USW00023190,2008-08-14,34.4241,-119.84249,2.5,"SANTA BARBARA MUNICIPAL AIRPORT, CA US",0,244,161,29,79,62,93
USW00023190,2008-08-15,34.4241,-119.84249,2.5,"SANTA BARBARA MUNICIPAL AIRPORT, CA US",0,233,172,20,82,69,90
USW00023190,2008-08-16,34.4241,-119.84249,2.5,"SANTA BARBARA MUNICIPAL AIRPORT, CA US",0,228,167,26,80,66,93
USW00023190,2008-08-17,34.4241,-119.84249,2.5,"SANTA BARBARA MUNICIPAL AIRPORT, CA US",0,228,167,26,80,66,90
USW00023190,2008-08-18,34.4241,-119.84249,2.5,"SANTA BARBARA MUNICIPAL AIRPORT, CA US",0,222,150,26,79,64,87
USW00023190,2008-08-19,34.4241,-119.84249,2.5,"SANTA BARBARA MUNICIPAL AIRPORT, CA US",0,222,128,22,76,63,93
USW00023190,2008-08-20,34.4241,-119.84249,2.5,"SANTA BARBARA MUNICIPAL AIRPORT, CA US",0,233,139,17,76,61,87
USW00023190,2008-08-21,34.4241,-119.84249,2.5,"SANTA BARBARA MUNICIPAL AIRPORT, CA US",0,239,161,22,76,64,87
USW00023190,2008-08-22,34.4241,-119.84249,2.5,"SANTA BARBARA MUNICIPAL AIRPORT, CA US",0,239,167,25,78,62,87
USW00023190,2008-08-23,34.4241,-119.84249,2.5,"SANTA BARBARA MUNICIPAL AIRPORT, CA US",0,222,172,29,80,66,90
USW00023190,2008-08-24,34.4241,-119.84249,2.5,"SANTA BARBARA MUNICIPAL AIRPORT, CA US",0,239,167,22,77,57,87
USW00023190,2008-08-25,34.4241,-119.84249,2.5,"SANTA BARBARA MUNICIPAL AIRPORT, CA US",0,244,167,25,79,54,90
USW00023190,2008-08-26,34.4241,-119.84249,2.5,"SANTA BARBARA MUNICIPAL AIRPORT, CA US",0,250,156,20,76,55,90
USW00023190,2008-08-27,34.4241,-119.84249,2.5,"SANTA BARBARA MUNICIPAL AIRPORT, CA US",0,222,167,25,81,68,90
USW00023190,2008-08-28,34.4241,-119.84249,2.5,"SANTA BARBARA MUNICIPAL AIRPORT, CA US",0,206,161,23,85,76,90
USW00023190,2008-08-29,34.4241,-119.84249,2.5,"SANTA BARBARA MUNICIPAL AIRPORT, CA US",0,244,172,26,79,62,90
USW00023190,2008-08-30,34.4241,-119.84249,2.5,"SANTA BARBARA MUNICIPAL AIRPORT, CA US",0,239,172,20,82,69,93
USW00023190,2008-08-31,34.4241,-119.84249,2.5,"SANTA BARBARA MUNICIPAL AIRPORT, CA US",0,244,167,27,78,64,87
USW00023190,2008-09-01,34.4241,-119.84249,2.5,"SANTA BARBARA MUNICIPAL AIRPORT, CA US",0,244,167,25,74,60,87
USW00023190,2008-09-02,34.4241,-119.84249,2.5,"SANTA BARBARA MUNICIPAL AIRPORT, CA US",0,233,150,21,81,69,90
USW00023190,2008-09-03,34.4241,-119.84249,2.5,"SANTA BARBARA MUNICIPAL AIRPORT, CA US",0,239,172,22,81,62,93
USW00023190,2008-09-04,34.4241,-119.84249,2.5,"SANTA BARBARA MUNICIPAL AIRPORT, CA US",0,233,167,26,81,64,93
USW00023190,2008-09-05,34.4241,-119.84249,2.5,"SANTA BARBARA MUNICIPAL AIRPORT, CA US",0,233,167,30,79,64,90
USW00023190,2008-09-06,34.4241,-119.84249,2.5,"SANTA BARBARA MUNICIPAL AIRPORT, CA US",0,222,167,28,80,66,90
USW00023190,2008-09-07,34.4241,-119.84249,2.5,"SANTA BARBARA MUNICIPAL AIRPORT, CA US",0,217,172,24,81,70,87
USW00023190,2008-09-08,34.4241,-119.84249,2.5,"SANTA BARBARA MUNICIPAL AIRPORT, CA US",0,217,167,22,80,66,90
USW00023190,2008-09-09,34.4241,-119.84249,2.5,"SANTA BARBARA MUNICIPAL AIRPORT, CA US",0,228,150,20,78,63,90
USW00023190,2008-09-10,34.4241,-119.84249,2.5,"SANTA BARBARA MUNICIPAL AIRPORT, CA US",0,211,139,24,76,61,84
USW00023190,2008-09-11,34.4241,-119.84249,2.5,"SANTA BARBARA MUNICIPAL AIRPORT, CA US",0,222,106,23,76,61,90
USW00023190,2008-09-12,34.4241,-119.84249,2.5,"SANTA BARBARA MUNICIPAL AIRPORT, CA US",0,206,172,16,76,68,81
USW00023190,2008-09-13,34.4241,-119.84249,2.5,"SANTA BARBARA MUNICIPAL AIRPORT, CA US",0,211,139,23,74,61,84
USW00023190,2008-09-14,34.4241,-119.84249,2.5,"SANTA BARBARA MUNICIPAL AIRPORT, CA US",0,211,117,22,78,63,90
USW00023190,2008-09-15,34.4241,-119.84249,2.5,"SANTA BARBARA MUNICIPAL AIRPORT, CA US",0,261,106,12,73,54,90
USW00023190,2008-09-16,34.4241,-119.84249,2.5,"SANTA BARBARA MUNICIPAL AIRPORT, CA US",0,250,128,21,75,54,87
USW00023190,2008-09-17,34.4241,-119.84249,2.5,"SANTA BARBARA MUNICIPAL AIRPORT, CA US",0,244,122,19,73,54,84
USW00023190,2008-09-18,34.4241,-119.84249,2.5,"SANTA BARBARA MUNICIPAL AIRPORT, CA US",0,261,133,18,70,47,87
USW00023190,2008-09-19,34.4241,-119.84249,2.5,"SANTA BARBARA MUNICIPAL AIRPORT, CA US",0,261,128,11,65,39,87
USW00023190,2008-09-20,34.4241,-119.84249,2.5,"SANTA BARBARA MUNICIPAL AIRPORT, CA US",0,244,117,19,68,39,80
USW00023190,2008-09-21,34.4241,-119.84249,2.5,"SANTA BARBARA MUNICIPAL AIRPORT, CA US",0,222,117,15,75,59,90
USW00023190,2008-09-22,34.4241,-119.84249,2.5,"SANTA BARBARA MUNICIPAL AIRPORT, CA US",0,228,106,20,77,59,87
USW00023190,2008-09-23,34.4241,-119.84249,2.5,"SANTA BARBARA MUNICIPAL AIRPORT, CA US",0,211,117,18,82,68,90
USW00023190,2008-09-24,34.4241,-119.84249,2.5,"SANTA BARBARA MUNICIPAL AIRPORT, CA US",0,211,144,20,81,64,90
USW00023190,2008-09-25,34.4241,-119.84249,2.5,"SANTA BARBARA MUNICIPAL AIRPORT, CA US",0,239,122,14,81,62,93
USW00023190,2008-09-26,34.4241,-119.84249,2.5,"SANTA BARBARA MUNICIPAL AIRPORT, CA US",0,261,128,16,74,47,90
USW00023190,2008-09-27,34.4241,-119.84249,2.5,"SANTA BARBARA MUNICIPAL AIRPORT, CA US",0,222,150,21,85,63,93
USW00023190,2008-09-28,34.4241,-119.84249,2.5,"SANTA BARBARA MUNICIPAL AIRPORT, CA US",0,206,133,24,83,71,93
USW00023190,2008-09-29,34.4241,-119.84249,2.5,"SANTA BARBARA MUNICIPAL AIRPORT, CA US",0,244,139,15,78,55,93
USW00023190,2008-09-30,34.4241,-119.84249,2.5,"SANTA BARBARA MUNICIPAL AIRPORT, CA US",0,294,117,13,69,35,90
USW00023190,2008-10-01,34.4241,-119.84249,2.5,"SANTA BARBARA MUNICIPAL AIRPORT, CA US",0,322,139,13,65,26,86
USW00023190,2008-10-02,34.4241,-119.84249,2.5,"SANTA BARBARA MUNICIPAL AIRPORT, CA US",0,283,144,19,64,41,84
USW00023190,2008-10-03,34.4241,-119.84249,2.5,"SANTA BARBARA MUNICIPAL AIRPORT, CA US",0,217,139,27,76,63,87
USW00023190,2008-10-04,34.4241,-119.84249,2.5,"SANTA BARBARA MUNICIPAL AIRPORT, CA US",0,206,156,18,75,63,90
USW00023190,2008-10-05,34.4241,-119.84249,2.5,"SANTA BARBARA MUNICIPAL AIRPORT, CA US",0,211,106,18,76,63,87
USW00023190,2008-10-06,34.4241,-119.84249,2.5,"SANTA BARBARA MUNICIPAL AIRPORT, CA US",0,250,94,15,69,43,93
USW00023190,2008-10-07,34.4241,-119.84249,2.5,"SANTA BARBARA MUNICIPAL AIRPORT, CA US",0,306,106,11,62,23,87
USW00023190,2008-10-08,34.4241,-119.84249,2.5,"SANTA BARBARA MUNICIPAL AIRPORT, CA US",0,306,106,13,68,22,87
USW00023190,2008-10-09,34.4241,-119.84249,2.5,"SANTA BARBARA MUNICIPAL AIRPORT, CA US",0,239,100,18,62,15,90
USW00023190,2008-10-10,34.4241,-119.84249,2.5,"SANTA BARBARA MUNICIPAL AIRPORT, CA US",0,278,67,40,27,10,48
USW00023190,2008-10-11,34.4241,-119.84249,2.5,"SANTA BARBARA MUNICIPAL AIRPORT, CA US",0,228,83,40,29,12,44
USW00023190,2008-10-12,34.4241,-119.84249,2.5,"SANTA BARBARA MUNICIPAL AIRPORT, CA US",0,200,50,16,40,18,61
USW00023190,2008-10-13,34.4241,-119.84249,2.5,"SANTA BARBARA MUNICIPAL AIRPORT, CA US",0,228,33,15,39,16,65
USW00023190,2008-10-14,34.4241,-119.84249,2.5,"SANTA BARBARA MUNICIPAL AIRPORT, CA US",0,261,50,13,49,15,87
USW00023190,2008-10-15,34.4241,-119.84249,2.5,"SANTA BARBARA MUNICIPAL AIRPORT, CA US",0,289,61,8,47,13,83
USW00023190,2008-10-16,34.4241,-119.84249,2.5,"SANTA BARBARA MUNICIPAL AIRPORT, CA US",0,289,78,13,48,18,71
USW00023190,2008-10-17,34.4241,-119.84249,2.5,"SANTA BARBARA MUNICIPAL AIRPORT, CA US",0,278,78,17,62,19,90
USW00023190,2008-10-18,34.4241,-119.84249,2.5,"SANTA BARBARA MUNICIPAL AIRPORT, CA US",0,194,106,28,77,61,87
USW00023190,2008-10-19,34.4241,-119.84249,2.5,"SANTA BARBARA MUNICIPAL AIRPORT, CA US",0,194,72,14,81,59,93
USW00023190,2008-10-20,34.4241,-119.84249,2.5,"SANTA BARBARA MUNICIPAL AIRPORT, CA US",0,189,72,13,82,68,93
USW00023190,2008-10-21,34.4241,-119.84249,2.5,"SANTA BARBARA MUNICIPAL AIRPORT, CA US",0,244,61,7,75,39,90
USW00023190,2008-10-22,34.4241,-119.84249,2.5,"SANTA BARBARA MUNICIPAL AIRPORT, CA US",0,328,67,11,47,12,86
USW00023190,2008-10-23,34.4241,-119.84249,2.5,"SANTA BARBARA MUNICIPAL AIRPORT, CA US",0,322,78,13,34,7,57
USW00023190,2008-10-24,34.4241,-119.84249,2.5,"SANTA BARBARA MUNICIPAL AIRPORT, CA US",0,261,61,9,41,14,78
USW00023190,2008-10-25,34.4241,-119.84249,2.5,"SANTA BARBARA MUNICIPAL AIRPORT, CA US",0,222,78,13,73,49,93
USW00023190,2008-10-26,34.4241,-119.84249,2.5,"SANTA BARBARA MUNICIPAL AIRPORT, CA US",0,178,94,17,84,70,93
USW00023190,2008-10-27,34.4241,-119.84249,2.5,"SANTA BARBARA MUNICIPAL AIRPORT, CA US",0,228,89,16,84,55,97
USW00023190,2008-10-28,34.4241,-119.84249,2.5,"SANTA BARBARA MUNICIPAL AIRPORT, CA US",0,256,61,11,77,42,90
USW00023190,2008-10-29,34.4241,-119.84249,2.5,"SANTA BARBARA MUNICIPAL AIRPORT, CA US",0,244,67,9,74,46,93
USW00023190,2008-10-30,34.4241,-119.84249,2.5,"SANTA BARBARA MUNICIPAL AIRPORT, CA US",0,222,128,39,76,61,87
USW00023190,2008-10-31,34.4241,-119.84249,2.5,"SANTA BARBARA MUNICIPAL AIRPORT, CA US",10,244,161,17,67,41,87
USW00023190,2008-11-01,34.4241,-119.84249,2.5,"SANTA BARBARA MUNICIPAL AIRPORT, CA US",28,211,156,16,73,55,84
USW00023190,2008-11-02,34.4241,-119.84249,2.5,"SANTA BARBARA MUNICIPAL AIRPORT, CA US",97,222,111,26,72,43,93
USW00023190,2008-11-03,34.4241,-119.84249,2.5,"SANTA BARBARA MUNICIPAL AIRPORT, CA US",58,206,89,27,73,53,90
USW00023190,2008-11-04,34.4241,-119.84249,2.5,"SANTA BARBARA MUNICIPAL AIRPORT, CA US",41,228,94,28,55,22,93
USW00023190,2008-11-05,34.4241,-119.84249,2.5,"SANTA BARBARA MUNICIPAL AIRPORT, CA US",0,217,44,17,56,25,80
USW00023190,2008-11-06,34.4241,-119.84249,2.5,"SANTA BARBARA MUNICIPAL AIRPORT, CA US",0,228,56,6,53,19,72
USW00023190,2008-11-07,34.4241,-119.84249,2.5,"SANTA BARBARA MUNICIPAL AIRPORT, CA US",0,256,72,9,60,27,80
USW00023190,2008-11-08,34.4241,-119.84249,2.5,"SANTA BARBARA MUNICIPAL AIRPORT, CA US",0,256,72,20,61,36,83
USW00023190,2008-11-09,34.4241,-119.84249,2.5,"SANTA BARBARA MUNICIPAL AIRPORT, CA US",0,206,133,63,53,38,67
USW00023190,2008-11-10,34.4241,-119.84249,2.5,"SANTA BARBARA MUNICIPAL AIRPORT, CA US",0,178,78,21,64,46,83
USW00023190,2008-11-11,34.4241,-119.84249,2.5,"SANTA BARBARA MUNICIPAL AIRPORT, CA US",0,189,56,9,70,50,86
USW00023190,2008-11-12,34.4241,-119.84249,2.5,"SANTA BARBARA MUNICIPAL AIRPORT, CA US",0,233,83,13,63,34,83
USW00023190,2008-11-13,34.4241,-119.84249,2.5,"SANTA BARBARA MUNICIPAL AIRPORT, CA US",0,250,78,17,64,31,93
USW00023190,2008-11-14,34.4241,-119.84249,2.5,"SANTA BARBARA MUNICIPAL AIRPORT, CA US",0,289,89,11,54,24,80
USW00023190,2008-11-15,34.4241,-119.84249,2.5,"SANTA BARBARA MUNICIPAL AIRPORT, CA US",0,289,89,14,49,19,74
USW00023190,2008-11-16,34.4241,-119.84249,2.5,"SANTA BARBARA MUNICIPAL AIRPORT, CA US",0,306,72,10,44,12,77
USW00023190,2008-11-17,34.4241,-119.84249,2.5,"SANTA BARBARA MUNICIPAL AIRPORT, CA US",0,289,72,5,42,12,66
USW00023190,2008-11-18,34.4241,-119.84249,2.5,"SANTA BARBARA MUNICIPAL AIRPORT, CA US",0,222,67,12,73,49,93
USW00023190,2008-11-19,34.4241,-119.84249,2.5,"SANTA BARBARA MUNICIPAL AIRPORT, CA US",0,222,56,10,79,34,93
USW00023190,2008-11-20,34.4241,-119.84249,2.5,"SANTA BARBARA MUNICIPAL AIRPORT, CA US",0,206,61,10,73,47,86
USW00023190,2008-11-21,34.4241,-119.84249,2.5,"SANTA BARBARA MUNICIPAL AIRPORT, CA US",0,256,56,10,59,24,87
USW00023190,2008-11-22,34.4241,-119.84249,2.5,"SANTA BARBARA MUNICIPAL AIRPORT, CA US",0,239,61,5,61,27,87
USW00023190,2008-11-23,34.4241,-119.84249,2.5,"SANTA BARBARA MUNICIPAL AIRPORT, CA US",0,172,94,30,76,68,84
USW00023190,2008-11-24,34.4241,-119.84249,2.5,"SANTA BARBARA MUNICIPAL AIRPORT, CA US",0,200,94,15,70,49,84
USW00023190,2008-11-25,34.4241,-119.84249,2.5,"SANTA BARBARA MUNICIPAL AIRPORT, CA US",76,183,83,15,77,56,87
USW00023190,2008-11-26,34.4241,-119.84249,2.5,"SANTA BARBARA MUNICIPAL AIRPORT, CA US",157,183,117,26,86,73,90
USW00023190,2008-11-27,34.4241,-119.84249,2.5,"SANTA BARBARA MUNICIPAL AIRPORT, CA US",0,206,94,15,78,55,96
USW00023190,2008-11-28,34.4241,-119.84249,2.5,"SANTA BARBARA MUNICIPAL AIRPORT, CA US",0,178,67,8,82,67,90
USW00023190,2008-11-29,34.4241,-119.84249,2.5,"SANTA BARBARA MUNICIPAL AIRPORT, CA US",0,189,72,10,85,70,96
USW00023190,2008-11-30,34.4241,-119.84249,2.5,"SANTA BARBARA MUNICIPAL AIRPORT, CA US",0,189,67,13,85,65,97
USW00023190,2008-12-01,34.4241,-119.84249,2.5,"SANTA BARBARA MUNICIPAL AIRPORT, CA US",0,206,56,10,83,61,93
USW00023190,2008-12-02,34.4241,-119.84249,2.5,"SANTA BARBARA MUNICIPAL AIRPORT, CA US",0,167,111,21,81,72,93
USW00023190,2008-12-03,34.4241,-119.84249,2.5,"SANTA BARBARA MUNICIPAL AIRPORT, CA US",0,172,106,16,78,65,86
USW00023190,2008-12-04,34.4241,-119.84249,2.5,"SANTA BARBARA MUNICIPAL AIRPORT, CA US",0,183,67,12,75,56,93
USW00023190,2008-12-05,34.4241,-119.84249,2.5,"SANTA BARBARA MUNICIPAL AIRPORT, CA US",0,211,33,6,70,34,89
USW00023190,2008-12-06,34.4241,-119.84249,2.5,"SANTA BARBARA MUNICIPAL AIRPORT, CA US",0,217,44,13,62,23,86
USW00023190,2008-12-07,34.4241,-119.84249,2.5,"SANTA BARBARA MUNICIPAL AIRPORT, CA US",0,194,83,14,74,49,86
USW00023190,2008-12-08,34.4241,-119.84249,2.5,"SANTA BARBARA MUNICIPAL AIRPORT, CA US",0,183,50,17,68,48,86
USW00023190,2008-12-09,34.4241,-119.84249,2.5,"SANTA BARBARA MUNICIPAL AIRPORT, CA US",0,189,39,14,64,36,89
USW00023190,2008-12-10,34.4241,-119.84249,2.5,"SANTA BARBARA MUNICIPAL AIRPORT, CA US",0,206,22,9,54,15,83
USW00023190,2008-12-11,34.4241,-119.84249,2.5,"SANTA BARBARA MUNICIPAL AIRPORT, CA US",0,217,44,7,59,25,80
USW00023190,2008-12-12,34.4241,-119.84249,2.5,"SANTA BARBARA MUNICIPAL AIRPORT, CA US",0,178,72,12,77,58,89
USW00023190,2008-12-13,34.4241,-119.84249,2.5,"SANTA BARBARA MUNICIPAL AIRPORT, CA US",0,167,67,33,58,33,86
USW00023190,2008-12-14,34.4241,-119.84249,2.5,"SANTA BARBARA MUNICIPAL AIRPORT, CA US",102,150,28,31,58,36,86
USW00023190,2008-12-15,34.4241,-119.84249,2.5,"SANTA BARBARA MUNICIPAL AIRPORT, CA US",323,144,39,25,79,60,89
USW00023190,2008-12-16,34.4241,-119.84249,2.5,"SANTA BARBARA MUNICIPAL AIRPORT, CA US",18,122,17,9,78,59,93
USW00023190,2008-12-17,34.4241,-119.84249,2.5,"SANTA BARBARA MUNICIPAL AIRPORT, CA US",5,133,72,18,59,33,86
USW00023190,2008-12-18,34.4241,-119.84249,2.5,"SANTA BARBARA MUNICIPAL AIRPORT, CA US",0,144,33,30,51,29,86
USW00023190,2008-12-19,34.4241,-119.84249,2.5,"SANTA BARBARA MUNICIPAL AIRPORT, CA US",0,167,11,18,63,41,86
USW00023190,2008-12-20,34.4241,-119.84249,2.5,"SANTA BARBARA MUNICIPAL AIRPORT, CA US",0,150,11,18,69,47,86
USW00023190,2008-12-21,34.4241,-119.84249,2.5,"SANTA BARBARA MUNICIPAL AIRPORT, CA US",0,167,28,10,69,44,89
USW00023190,2008-12-22,34.4241,-119.84249,2.5,"SANTA BARBARA MUNICIPAL AIRPORT, CA US",64,167,72,38,69,44,89
USW00023190,2008-12-23,34.4241,-119.84249,2.5,"SANTA BARBARA MUNICIPAL AIRPORT, CA US",0,156,56,34,59,42,82
USW00023190,2008-12-24,34.4241,-119.84249,2.5,"SANTA BARBARA MUNICIPAL AIRPORT, CA US",8,128,61,51,71,62,83
USW00023190,2008-12-25,34.4241,-119.84249,2.5,"SANTA BARBARA MUNICIPAL AIRPORT, CA US",18,156,89,60,63,45,89
USW00023190,2008-12-26,34.4241,-119.84249,2.5,"SANTA BARBARA MUNICIPAL AIRPORT, CA US",0,150,28,40,40,24,65
USW00023190,2008-12-27,34.4241,-119.84249,2.5,"SANTA BARBARA MUNICIPAL AIRPORT, CA US",0,139,0,11,59,40,86
USW00023190,2008-12-28,34.4241,-119.84249,2.5,"SANTA BARBARA MUNICIPAL AIRPORT, CA US",0,150,0,10,70,46,86
USW00023190,2008-12-29,34.4241,-119.84249,2.5,"SANTA BARBARA MUNICIPAL AIRPORT, CA US",0,172,17,5,73,41,89
USW00023190,2008-12-30,34.4241,-119.84249,2.5,"SANTA BARBARA MUNICIPAL AIRPORT, CA US",0,206,22,10,65,32,89
USW00023190,2008-12-31,34.4241,-119.84249,2.5,"SANTA BARBARA MUNICIPAL AIRPORT, CA US",0,144,17,9,83,69,93
USW00023190,2009-01-01,34.4241,-119.84249,2.5,"SANTA BARBARA MUNICIPAL AIRPORT, CA US",0,128,56,9,89,77,97
USW00023190,2009-01-02,34.4241,-119.84249,2.5,"SANTA BARBARA MUNICIPAL AIRPORT, CA US",0,144,44,10,82,67,93
USW00023190,2009-01-03,34.4241,-119.84249,2.5,"SANTA BARBARA MUNICIPAL AIRPORT, CA US",0,150,44,13,76,62,90
USW00023190,2009-01-04,34.4241,-119.84249,2.5,"SANTA BARBARA MUNICIPAL AIRPORT, CA US",0,150,17,7,72,36,89
USW00023190,2009-01-05,34.4241,-119.84249,2.5,"SANTA BARBARA MUNICIPAL AIRPORT, CA US",0,156,0,13,71,49,85
USW00023190,2009-01-06,34.4241,-119.84249,2.5,"SANTA BARBARA MUNICIPAL AIRPORT, CA US",0,161,28,10,77,53,89
USW00023190,2009-01-07,34.4241,-119.84249,2.5,"SANTA BARBARA MUNICIPAL AIRPORT, CA US",0,161,33,9,79,54,93
USW00023190,2009-01-08,34.4241,-119.84249,2.5,"SANTA BARBARA MUNICIPAL AIRPORT, CA US",0,133,44,11,90,81,96
USW00023190,2009-01-09,34.4241,-119.84249,2.5,"SANTA BARBARA MUNICIPAL AIRPORT, CA US",0,194,50,10,75,28,93
USW00023190,2009-01-10,34.4241,-119.84249,2.5,"SANTA BARBARA MUNICIPAL AIRPORT, CA US",0,194,17,10,58,27,83
USW00023190,2009-01-11,34.4241,-119.84249,2.5,"SANTA BARBARA MUNICIPAL AIRPORT, CA US",0,233,17,11,52,14,79
USW00023190,2009-01-12,34.4241,-119.84249,2.5,"SANTA BARBARA MUNICIPAL AIRPORT, CA US",0,250,22,12,47,16,76
USW00023190,2009-01-13,34.4241,-119.84249,2.5,"SANTA BARBARA MUNICIPAL AIRPORT, CA US",0,261,39,8,51,17,74
USW00023190,2009-01-14,34.4241,-119.84249,2.5,"SANTA BARBARA MUNICIPAL AIRPORT, CA US",0,261,28,9,49,16,76
USW00023190,2009-01-15,34.4241,-119.84249,2.5,"SANTA BARBARA MUNICIPAL AIRPORT, CA US",0,261,22,5,46,12,76
USW00023190,2009-01-16,34.4241,-119.84249,2.5,"SANTA BARBARA MUNICIPAL AIRPORT, CA US",0,261,22,7,45,14,76
USW00023190,2009-01-17,34.4241,-119.84249,2.5,"SANTA BARBARA MUNICIPAL AIRPORT, CA US",0,261,22,9,48,14,76
USW00023190,2009-01-18,34.4241,-119.84249,2.5,"SANTA BARBARA MUNICIPAL AIRPORT, CA US",0,256,28,5,48,18,79
USW00023190,2009-01-19,34.4241,-119.84249,2.5,"SANTA BARBARA MUNICIPAL AIRPORT, CA US",0,250,39,9,45,15,70
USW00023190,2009-01-20,34.4241,-119.84249,2.5,"SANTA BARBARA MUNICIPAL AIRPORT, CA US",0,256,50,7,42,15,68
USW00023190,2009-01-21,34.4241,-119.84249,2.5,"SANTA BARBARA MUNICIPAL AIRPORT, CA US",8,222,106,13,53,25,81
USW00023190,2009-01-22,34.4241,-119.84249,2.5,"SANTA BARBARA MUNICIPAL AIRPORT, CA US",41,194,122,16,79,59,93
USW00023190,2009-01-23,34.4241,-119.84249,2.5,"SANTA BARBARA MUNICIPAL AIRPORT, CA US",84,167,133,27,86,70,93
USW00023190,2009-01-24,34.4241,-119.84249,2.5,"SANTA BARBARA MUNICIPAL AIRPORT, CA US",28,156,72,16,85,72,93
USW00023190,2009-01-25,34.4241,-119.84249,2.5,"SANTA BARBARA MUNICIPAL AIRPORT, CA US",0,167,72,42,61,39,86
USW00023190,2009-01-26,34.4241,-119.84249,2.5,"SANTA BARBARA MUNICIPAL AIRPORT, CA US",0,167,56,35,49,28,71
USW00023190,2009-01-27,34.4241,-119.84249,2.5,"SANTA BARBARA MUNICIPAL AIRPORT, CA US",0,156,22,17,58,33,83
USW00023190,2009-01-28,34.4241,-119.84249,2.5,"SANTA BARBARA MUNICIPAL AIRPORT, CA US",0,194,11,13,66,29,86
USW00023190,2009-01-29,34.4241,-119.84249,2.5,"SANTA BARBARA MUNICIPAL AIRPORT, CA US",0,211,17,12,58,24,83
USW00023190,2009-01-30,34.4241,-119.84249,2.5,"SANTA BARBARA MUNICIPAL AIRPORT, CA US",0,228,17,11,57,19,83
USW00023190,2009-01-31,34.4241,-119.84249,2.5,"SANTA BARBARA MUNICIPAL AIRPORT, CA US",0,206,17,7,75,36,93
USW00023190,2009-02-01,34.4241,-119.84249,2.5,"SANTA BARBARA MUNICIPAL AIRPORT, CA US",0,178,22,12,82,62,93
USW00023190,2009-02-02,34.4241,-119.84249,2.5,"SANTA BARBARA MUNICIPAL AIRPORT, CA US",0,261,28,10,52,13,93
USW00023190,2009-02-03,34.4241,-119.84249,2.5,"SANTA BARBARA MUNICIPAL AIRPORT, CA US",0,256,22,8,48,11,76
USW00023190,2009-02-04,34.4241,-119.84249,2.5,"SANTA BARBARA MUNICIPAL AIRPORT, CA US",0,206,28,27,51,28,70
USW00023190,2009-02-05,34.4241,-119.84249,2.5,"SANTA BARBARA MUNICIPAL AIRPORT, CA US",160,144,117,34,82,64,90
USW00023190,2009-02-06,34.4241,-119.84249,2.5,"SANTA BARBARA MUNICIPAL AIRPORT, CA US",183,139,111,25,85,72,93
USW00023190,2009-02-07,34.4241,-119.84249,2.5,"SANTA BARBARA MUNICIPAL AIRPORT, CA US",104,139,56,14,78,57,90
USW00023190,2009-02-08,34.4241,-119.84249,2.5,"SANTA BARBARA MUNICIPAL AIRPORT, CA US",5,161,44,27,75,56,93
USW00023190,2009-02-09,34.4241,-119.84249,2.5,"SANTA BARBARA MUNICIPAL AIRPORT, CA US",74,139,44,35,68,44,93
USW00023190,2009-02-10,34.4241,-119.84249,2.5,"SANTA BARBARA MUNICIPAL AIRPORT, CA US",0,156,22,29,57,36,86
USW00023190,2009-02-11,34.4241,-119.84249,2.5,"SANTA BARBARA MUNICIPAL AIRPORT, CA US",3,128,17,11,79,64,89
USW00023190,2009-02-12,34.4241,-119.84249,2.5,"SANTA BARBARA MUNICIPAL AIRPORT, CA US",0,167,44,38,58,41,82
USW00023190,2009-02-13,34.4241,-119.84249,2.5,"SANTA BARBARA MUNICIPAL AIRPORT, CA US",127,122,33,15,78,61,89
USW00023190,2009-02-14,34.4241,-119.84249,2.5,"SANTA BARBARA MUNICIPAL AIRPORT, CA US",0,133,6,14,71,55,89
USW00023190,2009-02-15,34.4241,-119.84249,2.5,"SANTA BARBARA MUNICIPAL AIRPORT, CA US",0,144,44,49,68,51,86
USW00023190,2009-02-16,34.4241,-119.84249,2.5,"SANTA BARBARA MUNICIPAL AIRPORT, CA US",211,144,78,47,79,62,89
USW00023190,2009-02-17,34.4241,-119.84249,2.5,"SANTA BARBARA MUNICIPAL AIRPORT, CA US",61,139,61,20,79,57,90
USW00023190,2009-02-18,34.4241,-119.84249,2.5,"SANTA BARBARA MUNICIPAL AIRPORT, CA US",0,156,33,10,74,53,89
USW00023190,2009-02-19,34.4241,-119.84249,2.5,"SANTA BARBARA MUNICIPAL AIRPORT, CA US",0,200,22,14,65,31,89
USW00023190,2009-02-20,34.4241,-119.84249,2.5,"SANTA BARBARA MUNICIPAL AIRPORT, CA US",0,189,39,6,72,43,89
USW00023190,2009-02-21,34.4241,-119.84249,2.5,"SANTA BARBARA MUNICIPAL AIRPORT, CA US",5,183,56,14,69,41,90
USW00023190,2009-02-22,34.4241,-119.84249,2.5,"SANTA BARBARA MUNICIPAL AIRPORT, CA US",13,189,122,17,78,52,90
USW00023190,2009-02-23,34.4241,-119.84249,2.5,"SANTA BARBARA MUNICIPAL AIRPORT, CA US",13,211,89,21,72,51,89
USW00023190,2009-02-24,34.4241,-119.84249,2.5,"SANTA BARBARA MUNICIPAL AIRPORT, CA US",0,178,50,15,80,60,93
USW00023190,2009-02-25,34.4241,-119.84249,2.5,"SANTA BARBARA MUNICIPAL AIRPORT, CA US",0,211,72,31,70,42,93
USW00023190,2009-02-26,34.4241,-119.84249,2.5,"SANTA BARBARA MUNICIPAL AIRPORT, CA US",0,217,67,34,65,44,86
USW00023190,2009-02-27,34.4241,-119.84249,2.5,"SANTA BARBARA MUNICIPAL AIRPORT, CA US",0,167,83,12,78,60,93
USW00023190,2009-02-28,34.4241,-119.84249,2.5,"SANTA BARBARA MUNICIPAL AIRPORT, CA US",0,228,67,12,65,31,90
USW00023190,2009-03-01,34.4241,-119.84249,2.5,"SANTA BARBARA MUNICIPAL AIRPORT, CA US",0,228,61,24,54,23,85
USW00023190,2009-03-02,34.4241,-119.84249,2.5,"SANTA BARBARA MUNICIPAL AIRPORT, CA US",0,200,128,23,70,49,83
USW00023190,2009-03-03,34.4241,-119.84249,2.5,"SANTA BARBARA MUNICIPAL AIRPORT, CA US",0,172,67,19,77,54,93
USW00023190,2009-03-04,34.4241,-119.84249,2.5,"SANTA BARBARA MUNICIPAL AIRPORT, CA US",79,156,50,16,77,60,89
USW00023190,2009-03-05,34.4241,-119.84249,2.5,"SANTA BARBARA MUNICIPAL AIRPORT, CA US",0,156,22,26,70,42,89
USW00023190,2009-03-06,34.4241,-119.84249,2.5,"SANTA BARBARA MUNICIPAL AIRPORT, CA US",0,189,33,27,63,43,86
USW00023190,2009-03-07,34.4241,-119.84249,2.5,"SANTA BARBARA MUNICIPAL AIRPORT, CA US",0,156,33,15,69,50,86
USW00023190,2009-03-08,34.4241,-119.84249,2.5,"SANTA BARBARA MUNICIPAL AIRPORT, CA US",0,156,44,13,75,58,89
USW00023190,2009-03-09,34.4241,-119.84249,2.5,"SANTA BARBARA MUNICIPAL AIRPORT, CA US",0,172,61,30,62,49,86
USW00023190,2009-03-10,34.4241,-119.84249,2.5,"SANTA BARBARA MUNICIPAL AIRPORT, CA US",0,156,33,17,64,44,82
USW00023190,2009-03-11,34.4241,-119.84249,2.5,"SANTA BARBARA MUNICIPAL AIRPORT, CA US",0,150,44,17,72,58,86
USW00023190,2009-03-12,34.4241,-119.84249,2.5,"SANTA BARBARA MUNICIPAL AIRPORT, CA US",0,167,56,13,71,50,86
USW00023190,2009-03-13,34.4241,-119.84249,2.5,"SANTA BARBARA MUNICIPAL AIRPORT, CA US",0,178,50,15,76,56,86
USW00023190,2009-03-14,34.4241,-119.84249,2.5,"SANTA BARBARA MUNICIPAL AIRPORT, CA US",0,167,61,26,72,56,90
USW00023190,2009-03-15,34.4241,-119.84249,2.5,"SANTA BARBARA MUNICIPAL AIRPORT, CA US",0,167,56,15,70,54,86
USW00023190,2009-03-16,34.4241,-119.84249,2.5,"SANTA BARBARA MUNICIPAL AIRPORT, CA US",0,178,56,12,74,56,90
USW00023190,2009-03-17,34.4241,-119.84249,2.5,"SANTA BARBARA MUNICIPAL AIRPORT, CA US",0,217,61,10,75,51,90
USW00023190,2009-03-18,34.4241,-119.84249,2.5,"SANTA BARBARA MUNICIPAL AIRPORT, CA US",0,244,61,13,67,35,87
USW00023190,2009-03-19,34.4241,-119.84249,2.5,"SANTA BARBARA MUNICIPAL AIRPORT, CA US",0,161,106,22,87,77,93
USW00023190,2009-03-20,34.4241,-119.84249,2.5,"SANTA BARBARA MUNICIPAL AIRPORT, CA US",0,144,117,14,87,78,93
USW00023190,2009-03-21,34.4241,-119.84249,2.5,"SANTA BARBARA MUNICIPAL AIRPORT, CA US",25,150,111,14,84,72,93
USW00023190,2009-03-22,34.4241,-119.84249,2.5,"SANTA BARBARA MUNICIPAL AIRPORT, CA US",66,161,89,62,56,32,89
USW00023190,2009-03-23,34.4241,-119.84249,2.5,"SANTA BARBARA MUNICIPAL AIRPORT, CA US",0,178,39,22,45,26,65
USW00023190,2009-03-24,34.4241,-119.84249,2.5,"SANTA BARBARA MUNICIPAL AIRPORT, CA US",0,200,33,18,49,21,75
USW00023190,2009-03-25,34.4241,-119.84249,2.5,"SANTA BARBARA MUNICIPAL AIRPORT, CA US",0,217,44,22,54,27,86
USW00023190,2009-03-26,34.4241,-119.84249,2.5,"SANTA BARBARA MUNICIPAL AIRPORT, CA US",0,261,117,36,47,31,75
USW00023190,2009-03-27,34.4241,-119.84249,2.5,"SANTA BARBARA MUNICIPAL AIRPORT, CA US",0,211,89,22,63,27,86
USW00023190,2009-03-28,34.4241,-119.84249,2.5,"SANTA BARBARA MUNICIPAL AIRPORT, CA US",0,217,67,17,64,37,89
USW00023190,2009-03-29,34.4241,-119.84249,2.5,"SANTA BARBARA MUNICIPAL AIRPORT, CA US",0,161,78,25,79,67,89
USW00023190,2009-03-30,34.4241,-119.84249,2.5,"SANTA BARBARA MUNICIPAL AIRPORT, CA US",0,189,56,21,60,29,86
USW00023190,2009-03-31,34.4241,-119.84249,2.5,"SANTA BARBARA MUNICIPAL AIRPORT, CA US",0,183,44,11,68,43,86
USW00023190,2009-04-01,34.4241,-119.84249,2.5,"SANTA BARBARA MUNICIPAL AIRPORT, CA US",0,189,67,24,75,56,86
USW00023190,2009-04-02,34.4241,-119.84249,2.5,"SANTA BARBARA MUNICIPAL AIRPORT, CA US",0,156,83,14,77,67,89
USW00023190,2009-04-03,34.4241,-119.84249,2.5,"SANTA BARBARA MUNICIPAL AIRPORT, CA US",0,244,67,42,42,13,75
USW00023190,2009-04-04,34.4241,-119.84249,2.5,"SANTA BARBARA MUNICIPAL AIRPORT, CA US",0,194,39,21,46,24,71
USW00023190,2009-04-05,34.4241,-119.84249,2.5,"SANTA BARBARA MUNICIPAL AIRPORT, CA US",0,239,33,21,39,10,73
USW00023190,2009-04-06,34.4241,-119.84249,2.5,"SANTA BARBARA MUNICIPAL AIRPORT, CA US",0,211,44,18,61,23,86
USW00023190,2009-04-07,34.4241,-119.84249,2.5,"SANTA BARBARA MUNICIPAL AIRPORT, CA US",91,167,67,22,80,60,93
USW00023190,2009-04-08,34.4241,-119.84249,2.5,"SANTA BARBARA MUNICIPAL AIRPORT, CA US",46,167,61,38,73,52,93
USW00023190,2009-04-09,34.4241,-119.84249,2.5,"SANTA BARBARA MUNICIPAL AIRPORT, CA US",0,167,50,29,73,58,93
USW00023190,2009-04-10,34.4241,-119.84249,2.5,"SANTA BARBARA MUNICIPAL AIRPORT, CA US",0,178,100,26,65,49,77
USW00023190,2009-04-11,34.4241,-119.84249,2.5,"SANTA BARBARA MUNICIPAL AIRPORT, CA US",0,206,78,36,56,42,74
USW00023190,2009-04-12,34.4241,-119.84249,2.5,"SANTA BARBARA MUNICIPAL AIRPORT, CA US",0,183,67,17,74,52,89
USW00023190,2009-04-13,34.4241,-119.84249,2.5,"SANTA BARBARA MUNICIPAL AIRPORT, CA US",0,194,94,18,74,54,86
USW00023190,2009-04-14,34.4241,-119.84249,2.5,"SANTA BARBARA MUNICIPAL AIRPORT, CA US",0,217,83,52,56,20,90
USW00023190,2009-04-15,34.4241,-119.84249,2.5,"SANTA BARBARA MUNICIPAL AIRPORT, CA US",0,183,72,82,47,23,66
USW00023190,2009-04-16,34.4241,-119.84249,2.5,"SANTA BARBARA MUNICIPAL AIRPORT, CA US",0,206,39,39,53,36,80
USW00023190,2009-04-17,34.4241,-119.84249,2.5,"SANTA BARBARA MUNICIPAL AIRPORT, CA US",0,206,61,17,68,39,86
USW00023190,2009-04-18,34.4241,-119.84249,2.5,"SANTA BARBARA MUNICIPAL AIRPORT, CA US",0,222,78,19,65,35,89
USW00023190,2009-04-19,34.4241,-119.84249,2.5,"SANTA BARBARA MUNICIPAL AIRPORT, CA US",0,306,67,18,61,21,90
USW00023190,2009-04-20,34.4241,-119.84249,2.5,"SANTA BARBARA MUNICIPAL AIRPORT, CA US",0,339,100,13,46,12,83
USW00023190,2009-04-21,34.4241,-119.84249,2.5,"SANTA BARBARA MUNICIPAL AIRPORT, CA US",0,278,111,21,65,29,90
USW00023190,2009-04-22,34.4241,-119.84249,2.5,"SANTA BARBARA MUNICIPAL AIRPORT, CA US",0,178,122,25,83,70,93
USW00023190,2009-04-23,34.4241,-119.84249,2.5,"SANTA BARBARA MUNICIPAL AIRPORT, CA US",0,161,122,25,79,70,90
USW00023190,2009-04-24,34.4241,-119.84249,2.5,"SANTA BARBARA MUNICIPAL AIRPORT, CA US",0,172,94,19,67,28,87
USW00023190,2009-04-25,34.4241,-119.84249,2.5,"SANTA BARBARA MUNICIPAL AIRPORT, CA US",0,222,39,44,46,22,66
USW00023190,2009-04-26,34.4241,-119.84249,2.5,"SANTA BARBARA MUNICIPAL AIRPORT, CA US",0,183,61,23,60,43,77
USW00023190,2009-04-27,34.4241,-119.84249,2.5,"SANTA BARBARA MUNICIPAL AIRPORT, CA US",0,183,67,21,64,41,83
USW00023190,2009-04-28,34.4241,-119.84249,2.5,"SANTA BARBARA MUNICIPAL AIRPORT, CA US",0,194,50,22,56,36,82
USW00023190,2009-04-29,34.4241,-119.84249,2.5,"SANTA BARBARA MUNICIPAL AIRPORT, CA US",0,194,44,19,62,42,82
USW00023190,2009-04-30,34.4241,-119.84249,2.5,"SANTA BARBARA MUNICIPAL AIRPORT, CA US",0,178,67,18,67,48,89
USW00023190,2009-05-01,34.4241,-119.84249,2.5,"SANTA BARBARA MUNICIPAL AIRPORT, CA US",0,300,111,29,65,41,83
USW00023190,2009-05-02,34.4241,-119.84249,2.5,"SANTA BARBARA MUNICIPAL AIRPORT, CA US",0,228,117,43,77,50,90
USW00023190,2009-05-03,34.4241,-119.84249,2.5,"SANTA BARBARA MUNICIPAL AIRPORT, CA US",0,317,106,42,68,28,93
USW00023190,2009-05-04,34.4241,-119.84249,2.5,"SANTA BARBARA MUNICIPAL AIRPORT, CA US",0,289,150,39,54,27,75
USW00023190,2009-05-05,34.4241,-119.84249,2.5,"SANTA BARBARA MUNICIPAL AIRPORT, CA US",0,294,128,53,54,35,84
USW00023190,2009-05-06,34.4241,-119.84249,2.5,"SANTA BARBARA MUNICIPAL AIRPORT, CA US",0,378,156,49,42,21,70
USW00023190,2009-05-07,34.4241,-119.84249,2.5,"SANTA BARBARA MUNICIPAL AIRPORT, CA US",0,383,206,56,27,8,48
USW00023190,2009-05-08,34.4241,-119.84249,2.5,"SANTA BARBARA MUNICIPAL AIRPORT, CA US",0,267,122,30,69,18,90
USW00023190,2009-05-09,34.4241,-119.84249,2.5,"SANTA BARBARA MUNICIPAL AIRPORT, CA US",0,183,117,22,81,68,93
USW00023190,2009-05-10,34.4241,-119.84249,2.5,"SANTA BARBARA MUNICIPAL AIRPORT, CA US",0,183,111,22,82,67,93
USW00023190,2009-05-11,34.4241,-119.84249,2.5,"SANTA BARBARA MUNICIPAL AIRPORT, CA US",0,178,106,16,83,70,93
USW00023190,2009-05-12,34.4241,-119.84249,2.5,"SANTA BARBARA MUNICIPAL AIRPORT, CA US",0,189,100,20,75,61,93
USW00023190,2009-05-13,34.4241,-119.84249,2.5,"SANTA BARBARA MUNICIPAL AIRPORT, CA US",0,267,83,27,66,20,90
USW00023190,2009-05-14,34.4241,-119.84249,2.5,"SANTA BARBARA MUNICIPAL AIRPORT, CA US",0,256,117,26,67,48,84
USW00023190,2009-05-15,34.4241,-119.84249,2.5,"SANTA BARBARA MUNICIPAL AIRPORT, CA US",0,194,128,27,80,68,90
USW00023190,2009-05-16,34.4241,-119.84249,2.5,"SANTA BARBARA MUNICIPAL AIRPORT, CA US",0,200,122,18,85,70,93
USW00023190,2009-05-17,34.4241,-119.84249,2.5,"SANTA BARBARA MUNICIPAL AIRPORT, CA US",0,206,122,22,85,71,93
USW00023190,2009-05-18,34.4241,-119.84249,2.5,"SANTA BARBARA MUNICIPAL AIRPORT, CA US",0,189,122,27,83,68,97
USW00023190,2009-05-19,34.4241,-119.84249,2.5,"SANTA BARBARA MUNICIPAL AIRPORT, CA US",0,178,122,25,83,68,93
USW00023190,2009-05-20,34.4241,-119.84249,2.5,"SANTA BARBARA MUNICIPAL AIRPORT, CA US",0,189,117,20,81,65,93
USW00023190,2009-05-21,34.4241,-119.84249,2.5,"SANTA BARBARA MUNICIPAL AIRPORT, CA US",0,194,106,26,78,63,92
USW00023190,2009-05-22,34.4241,-119.84249,2.5,"SANTA BARBARA MUNICIPAL AIRPORT, CA US",0,183,111,24,78,63,90
USW00023190,2009-05-23,34.4241,-119.84249,2.5,"SANTA BARBARA MUNICIPAL AIRPORT, CA US",0,189,117,21,72,56,84
USW00023190,2009-05-24,34.4241,-119.84249,2.5,"SANTA BARBARA MUNICIPAL AIRPORT, CA US",0,178,100,26,73,60,87
USW00023190,2009-05-25,34.4241,-119.84249,2.5,"SANTA BARBARA MUNICIPAL AIRPORT, CA US",0,178,83,22,75,58,86
USW00023190,2009-05-26,34.4241,-119.84249,2.5,"SANTA BARBARA MUNICIPAL AIRPORT, CA US",0,178,100,21,78,65,89
USW00023190,2009-05-27,34.4241,-119.84249,2.5,"SANTA BARBARA MUNICIPAL AIRPORT, CA US",0,194,100,19,77,63,87
USW00023190,2009-05-28,34.4241,-119.84249,2.5,"SANTA BARBARA MUNICIPAL AIRPORT, CA US",0,183,122,24,79,65,87
USW00023190,2009-05-29,34.4241,-119.84249,2.5,"SANTA BARBARA MUNICIPAL AIRPORT, CA US",0,172,133,20,78,70,87
USW00023190,2009-05-30,34.4241,-119.84249,2.5,"SANTA BARBARA MUNICIPAL AIRPORT, CA US",0,183,133,33,75,61,83
USW00023190,2009-05-31,34.4241,-119.84249,2.5,"SANTA BARBARA MUNICIPAL AIRPORT, CA US",0,194,133,25,76,63,87
USW00023190,2009-06-01,34.4241,-119.84249,2.5,"SANTA BARBARA MUNICIPAL AIRPORT, CA US",0,178,128,17,79,70,90
USW00023190,2009-06-02,34.4241,-119.84249,2.5,"SANTA BARBARA MUNICIPAL AIRPORT, CA US",0,206,139,20,77,59,87
USW00023190,2009-06-03,34.4241,-119.84249,2.5,"SANTA BARBARA MUNICIPAL AIRPORT, CA US",0,200,117,21,80,61,90
USW00023190,2009-06-04,34.4241,-119.84249,2.5,"SANTA BARBARA MUNICIPAL AIRPORT, CA US",0,217,106,26,69,49,90
USW00023190,2009-06-05,34.4241,-119.84249,2.5,"SANTA BARBARA MUNICIPAL AIRPORT, CA US",130,200,122,23,77,61,90
USW00023190,2009-06-06,34.4241,-119.84249,2.5,"SANTA BARBARA MUNICIPAL AIRPORT, CA US",0,211,139,28,73,59,87
USW00023190,2009-06-07,34.4241,-119.84249,2.5,"SANTA BARBARA MUNICIPAL AIRPORT, CA US",0,217,133,21,69,49,83
USW00023190,2009-06-08,34.4241,-119.84249,2.5,"SANTA BARBARA MUNICIPAL AIRPORT, CA US",0,200,117,19,71,59,87
USW00023190,2009-06-09,34.4241,-119.84249,2.5,"SANTA BARBARA MUNICIPAL AIRPORT, CA US",0,206,122,21,67,56,81
USW00023190,2009-06-10,34.4241,-119.84249,2.5,"SANTA BARBARA MUNICIPAL AIRPORT, CA US",0,217,117,19,67,49,84
USW00023190,2009-06-11,34.4241,-119.84249,2.5,"SANTA BARBARA MUNICIPAL AIRPORT, CA US",0,217,106,15,68,51,86
USW00023190,2009-06-12,34.4241,-119.84249,2.5,"SANTA BARBARA MUNICIPAL AIRPORT, CA US",0,206,122,15,68,59,83
USW00023190,2009-06-13,34.4241,-119.84249,2.5,"SANTA BARBARA MUNICIPAL AIRPORT, CA US",0,228,117,27,64,42,80
USW00023190,2009-06-14,34.4241,-119.84249,2.5,"SANTA BARBARA MUNICIPAL AIRPORT, CA US",0,239,106,30,63,46,80
USW00023190,2009-06-15,34.4241,-119.84249,2.5,"SANTA BARBARA MUNICIPAL AIRPORT, CA US",0,200,111,21,74,63,86
USW00023190,2009-06-16,34.4241,-119.84249,2.5,"SANTA BARBARA MUNICIPAL AIRPORT, CA US",0,222,144,27,72,53,87
USW00023190,2009-06-17,34.4241,-119.84249,2.5,"SANTA BARBARA MUNICIPAL AIRPORT, CA US",0,217,122,23,74,55,87
USW00023190,2009-06-18,34.4241,-119.84249,2.5,"SANTA BARBARA MUNICIPAL AIRPORT, CA US",0,222,122,21,74,57,87
USW00023190,2009-06-19,34.4241,-119.84249,2.5,"SANTA BARBARA MUNICIPAL AIRPORT, CA US",0,211,156,30,81,68,90
USW00023190,2009-06-20,34.4241,-119.84249,2.5,"SANTA BARBARA MUNICIPAL AIRPORT, CA US",0,233,133,26,62,46,87
USW00023190,2009-06-21,34.4241,-119.84249,2.5,"SANTA BARBARA MUNICIPAL AIRPORT, CA US",0,233,94,27,58,41,77
USW00023190,2009-06-22,34.4241,-119.84249,2.5,"SANTA BARBARA MUNICIPAL AIRPORT, CA US",0,206,106,24,75,61,93
USW00023190,2009-06-23,34.4241,-119.84249,2.5,"SANTA BARBARA MUNICIPAL AIRPORT, CA US",0,200,139,29,81,70,90
USW00023190,2009-06-24,34.4241,-119.84249,2.5,"SANTA BARBARA MUNICIPAL AIRPORT, CA US",0,206,117,20,82,63,93
USW00023190,2009-06-25,34.4241,-119.84249,2.5,"SANTA BARBARA MUNICIPAL AIRPORT, CA US",0,200,111,27,83,68,93
USW00023190,2009-06-26,34.4241,-119.84249,2.5,"SANTA BARBARA MUNICIPAL AIRPORT, CA US",0,194,133,,81,70,90
USW00023190,2009-06-27,34.4241,-119.84249,2.5,"SANTA BARBARA MUNICIPAL AIRPORT, CA US",0,206,139,26,84,65,93
USW00023190,2009-06-28,34.4241,-119.84249,2.5,"SANTA BARBARA MUNICIPAL AIRPORT, CA US",0,200,139,26,87,71,97
USW00023190,2009-06-29,34.4241,-119.84249,2.5,"SANTA BARBARA MUNICIPAL AIRPORT, CA US",0,194,139,24,86,73,97
USW00023190,2009-06-30,34.4241,-119.84249,2.5,"SANTA BARBARA MUNICIPAL AIRPORT, CA US",0,200,133,33,83,68,93
USW00023190,2009-07-01,34.4241,-119.84249,2.5,"SANTA BARBARA MUNICIPAL AIRPORT, CA US",0,200,133,32,82,63,93
USW00023190,2009-07-02,34.4241,-119.84249,2.5,"SANTA BARBARA MUNICIPAL AIRPORT, CA US",0,206,133,35,84,63,97
USW00023190,2009-07-03,34.4241,-119.84249,2.5,"SANTA BARBARA MUNICIPAL AIRPORT, CA US",0,206,133,32,82,68,93
USW00023190,2009-07-04,34.4241,-119.84249,2.5,"SANTA BARBARA MUNICIPAL AIRPORT, CA US",0,206,106,30,80,61,97
USW00023190,2009-07-05,34.4241,-119.84249,2.5,"SANTA BARBARA MUNICIPAL AIRPORT, CA US",0,222,106,23,77,55,93
USW00023190,2009-07-06,34.4241,-119.84249,2.5,"SANTA BARBARA MUNICIPAL AIRPORT, CA US",0,228,117,19,78,55,93
USW00023190,2009-07-07,34.4241,-119.84249,2.5,"SANTA BARBARA MUNICIPAL AIRPORT, CA US",0,228,128,26,76,53,90
USW00023190,2009-07-08,34.4241,-119.84249,2.5,"SANTA BARBARA MUNICIPAL AIRPORT, CA US",0,217,139,24,78,63,93
USW00023190,2009-07-09,34.4241,-119.84249,2.5,"SANTA BARBARA MUNICIPAL AIRPORT, CA US",0,222,128,19,77,55,93
USW00023190,2009-07-10,34.4241,-119.84249,2.5,"SANTA BARBARA MUNICIPAL AIRPORT, CA US",0,233,117,20,75,53,93
USW00023190,2009-07-11,34.4241,-119.84249,2.5,"SANTA BARBARA MUNICIPAL AIRPORT, CA US",0,250,139,26,76,52,96
USW00023190,2009-07-12,34.4241,-119.84249,2.5,"SANTA BARBARA MUNICIPAL AIRPORT, CA US",0,250,144,21,74,52,93
USW00023190,2009-07-13,34.4241,-119.84249,2.5,"SANTA BARBARA MUNICIPAL AIRPORT, CA US",0,244,133,21,76,52,90
USW00023190,2009-07-14,34.4241,-119.84249,2.5,"SANTA BARBARA MUNICIPAL AIRPORT, CA US",0,211,144,28,82,66,93
USW00023190,2009-07-15,34.4241,-119.84249,2.5,"SANTA BARBARA MUNICIPAL AIRPORT, CA US",0,206,144,19,88,70,100
USW00023190,2009-07-16,34.4241,-119.84249,2.5,"SANTA BARBARA MUNICIPAL AIRPORT, CA US",0,206,144,26,86,68,100
USW00023190,2009-07-17,34.4241,-119.84249,2.5,"SANTA BARBARA MUNICIPAL AIRPORT, CA US",0,211,139,31,83,66,97
USW00023190,2009-07-18,34.4241,-119.84249,2.5,"SANTA BARBARA MUNICIPAL AIRPORT, CA US",0,239,144,25,81,59,93
USW00023190,2009-07-19,34.4241,-119.84249,2.5,"SANTA BARBARA MUNICIPAL AIRPORT, CA US",0,250,139,19,78,58,97
USW00023190,2009-07-20,34.4241,-119.84249,2.5,"SANTA BARBARA MUNICIPAL AIRPORT, CA US",0,261,144,20,76,50,93
USW00023190,2009-07-21,34.4241,-119.84249,2.5,"SANTA BARBARA MUNICIPAL AIRPORT, CA US",0,250,144,20,77,55,93
USW00023190,2009-07-22,34.4241,-119.84249,2.5,"SANTA BARBARA MUNICIPAL AIRPORT, CA US",0,239,128,,81,54,93
USW00023190,2009-07-23,34.4241,-119.84249,2.5,"SANTA BARBARA MUNICIPAL AIRPORT, CA US",0,228,133,19,76,57,90
USW00023190,2009-07-24,34.4241,-119.84249,2.5,"SANTA BARBARA MUNICIPAL AIRPORT, CA US",0,228,139,26,79,57,90
USW00023190,2009-07-25,34.4241,-119.84249,2.5,"SANTA BARBARA MUNICIPAL AIRPORT, CA US",0,233,128,20,77,57,93
USW00023190,2009-07-26,34.4241,-119.84249,2.5,"SANTA BARBARA MUNICIPAL AIRPORT, CA US",0,228,133,20,80,64,97
USW00023190,2009-07-27,34.4241,-119.84249,2.5,"SANTA BARBARA MUNICIPAL AIRPORT, CA US",0,217,144,21,85,68,100
USW00023190,2009-07-28,34.4241,-119.84249,2.5,"SANTA BARBARA MUNICIPAL AIRPORT, CA US",0,222,150,27,83,65,96
USW00023190,2009-07-29,34.4241,-119.84249,2.5,"SANTA BARBARA MUNICIPAL AIRPORT, CA US",0,206,150,21,84,70,96
USW00023190,2009-07-30,34.4241,-119.84249,2.5,"SANTA BARBARA MUNICIPAL AIRPORT, CA US",0,228,156,26,80,64,93
USW00023190,2009-07-31,34.4241,-119.84249,2.5,"SANTA BARBARA MUNICIPAL AIRPORT, CA US",0,222,156,29,83,68,93
USW00023190,2009-08-01,34.4241,-119.84249,2.5,"SANTA BARBARA MUNICIPAL AIRPORT, CA US",0,217,144,26,85,68,97
USW00023190,2009-08-02,34.4241,-119.84249,2.5,"SANTA BARBARA MUNICIPAL AIRPORT, CA US",0,217,156,24,81,61,96
USW00023190,2009-08-03,34.4241,-119.84249,2.5,"SANTA BARBARA MUNICIPAL AIRPORT, CA US",0,256,117,17,77,50,97
USW00023190,2009-08-04,34.4241,-119.84249,2.5,"SANTA BARBARA MUNICIPAL AIRPORT, CA US",0,278,133,19,74,39,90
USW00023190,2009-08-05,34.4241,-119.84249,2.5,"SANTA BARBARA MUNICIPAL AIRPORT, CA US",0,283,133,20,67,42,90
USW00023190,2009-08-06,34.4241,-119.84249,2.5,"SANTA BARBARA MUNICIPAL AIRPORT, CA US",0,244,117,30,73,50,93
USW00023190,2009-08-07,34.4241,-119.84249,2.5,"SANTA BARBARA MUNICIPAL AIRPORT, CA US",0,239,139,23,77,52,90
USW00023190,2009-08-08,34.4241,-119.84249,2.5,"SANTA BARBARA MUNICIPAL AIRPORT, CA US",0,228,117,17,77,53,93
USW00023190,2009-08-09,34.4241,-119.84249,2.5,"SANTA BARBARA MUNICIPAL AIRPORT, CA US",0,194,133,22,91,78,100
USW00023190,2009-08-10,34.4241,-119.84249,2.5,"SANTA BARBARA MUNICIPAL AIRPORT, CA US",0,206,133,31,88,70,100
USW00023190,2009-08-11,34.4241,-119.84249,2.5,"SANTA BARBARA MUNICIPAL AIRPORT, CA US",0,189,139,29,88,76,100
USW00023190,2009-08-12,34.4241,-119.84249,2.5,"SANTA BARBARA MUNICIPAL AIRPORT, CA US",0,194,133,25,90,73,100
USW00023190,2009-08-13,34.4241,-119.84249,2.5,"SANTA BARBARA MUNICIPAL AIRPORT, CA US",0,189,139,26,92,81,100
USW00023190,2009-08-14,34.4241,-119.84249,2.5,"SANTA BARBARA MUNICIPAL AIRPORT, CA US",0,200,128,17,84,70,97
USW00023190,2009-08-15,34.4241,-119.84249,2.5,"SANTA BARBARA MUNICIPAL AIRPORT, CA US",0,206,111,19,81,65,97
USW00023190,2009-08-16,34.4241,-119.84249,2.5,"SANTA BARBARA MUNICIPAL AIRPORT, CA US",0,189,133,19,89,73,100
USW00023190,2009-08-17,34.4241,-119.84249,2.5,"SANTA BARBARA MUNICIPAL AIRPORT, CA US",0,189,133,24,89,73,100
USW00023190,2009-08-18,34.4241,-119.84249,2.5,"SANTA BARBARA MUNICIPAL AIRPORT, CA US",0,189,139,21,87,73,96
USW00023190,2009-08-19,34.4241,-119.84249,2.5,"SANTA BARBARA MUNICIPAL AIRPORT, CA US",0,200,117,13,85,70,96
USW00023190,2009-08-20,34.4241,-119.84249,2.5,"SANTA BARBARA MUNICIPAL AIRPORT, CA US",0,194,111,22,84,71,93
USW00023190,2009-08-21,34.4241,-119.84249,2.5,"SANTA BARBARA MUNICIPAL AIRPORT, CA US",0,228,122,22,82,61,96
USW00023190,2009-08-22,34.4241,-119.84249,2.5,"SANTA BARBARA MUNICIPAL AIRPORT, CA US",0,228,150,16,81,66,93
USW00023190,2009-08-23,34.4241,-119.84249,2.5,"SANTA BARBARA MUNICIPAL AIRPORT, CA US",0,239,128,26,81,69,93
USW00023190,2009-08-24,34.4241,-119.84249,2.5,"SANTA BARBARA MUNICIPAL AIRPORT, CA US",0,217,139,16,83,61,96
USW00023190,2009-08-25,34.4241,-119.84249,2.5,"SANTA BARBARA MUNICIPAL AIRPORT, CA US",0,244,111,18,76,46,97
USW00023190,2009-08-26,34.4241,-119.84249,2.5,"SANTA BARBARA MUNICIPAL AIRPORT, CA US",0,261,94,17,75,31,93
USW00023190,2009-08-27,34.4241,-119.84249,2.5,"SANTA BARBARA MUNICIPAL AIRPORT, CA US",0,289,122,18,67,34,93
USW00023190,2009-08-28,34.4241,-119.84249,2.5,"SANTA BARBARA MUNICIPAL AIRPORT, CA US",0,294,156,18,68,30,93
USW00023190,2009-08-29,34.4241,-119.84249,2.5,"SANTA BARBARA MUNICIPAL AIRPORT, CA US",0,317,128,16,65,31,93
USW00023190,2009-08-30,34.4241,-119.84249,2.5,"SANTA BARBARA MUNICIPAL AIRPORT, CA US",0,289,144,16,73,42,93
USW00023190,2009-08-31,34.4241,-119.84249,2.5,"SANTA BARBARA MUNICIPAL AIRPORT, CA US",0,278,144,14,76,47,97
USW00023190,2009-09-01,34.4241,-119.84249,2.5,"SANTA BARBARA MUNICIPAL AIRPORT, CA US",0,283,144,18,74,49,93
USW00023190,2009-09-02,34.4241,-119.84249,2.5,"SANTA BARBARA MUNICIPAL AIRPORT, CA US",0,278,172,22,73,58,87
USW00023190,2009-09-03,34.4241,-119.84249,2.5,"SANTA BARBARA MUNICIPAL AIRPORT, CA US",0,283,161,17,75,46,93
USW00023190,2009-09-04,34.4241,-119.84249,2.5,"SANTA BARBARA MUNICIPAL AIRPORT, CA US",0,289,167,21,74,51,93
USW00023190,2009-09-05,34.4241,-119.84249,2.5,"SANTA BARBARA MUNICIPAL AIRPORT, CA US",0,256,133,16,72,43,93
USW00023190,2009-09-06,34.4241,-119.84249,2.5,"SANTA BARBARA MUNICIPAL AIRPORT, CA US",0,261,133,20,73,50,90
USW00023190,2009-09-07,34.4241,-119.84249,2.5,"SANTA BARBARA MUNICIPAL AIRPORT, CA US",0,244,150,20,77,55,90
USW00023190,2009-09-08,34.4241,-119.84249,2.5,"SANTA BARBARA MUNICIPAL AIRPORT, CA US",0,239,172,28,78,64,90
USW00023190,2009-09-09,34.4241,-119.84249,2.5,"SANTA BARBARA MUNICIPAL AIRPORT, CA US",0,239,144,23,80,62,90
USW00023190,2009-09-10,34.4241,-119.84249,2.5,"SANTA BARBARA MUNICIPAL AIRPORT, CA US",0,239,133,23,81,60,93
USW00023190,2009-09-11,34.4241,-119.84249,2.5,"SANTA BARBARA MUNICIPAL AIRPORT, CA US",0,239,161,27,84,68,93
USW00023190,2009-09-12,34.4241,-119.84249,2.5,"SANTA BARBARA MUNICIPAL AIRPORT, CA US",0,211,167,30,86,71,93
USW00023190,2009-09-13,34.4241,-119.84249,2.5,"SANTA BARBARA MUNICIPAL AIRPORT, CA US",0,217,144,21,81,66,96
USW00023190,2009-09-14,34.4241,-119.84249,2.5,"SANTA BARBARA MUNICIPAL AIRPORT, CA US",0,239,139,20,73,55,87
USW00023190,2009-09-15,34.4241,-119.84249,2.5,"SANTA BARBARA MUNICIPAL AIRPORT, CA US",0,239,128,26,77,57,90
USW00023190,2009-09-16,34.4241,-119.84249,2.5,"SANTA BARBARA MUNICIPAL AIRPORT, CA US",0,256,133,18,77,52,93
USW00023190,2009-09-17,34.4241,-119.84249,2.5,"SANTA BARBARA MUNICIPAL AIRPORT, CA US",0,250,139,15,81,56,96
USW00023190,2009-09-18,34.4241,-119.84249,2.5,"SANTA BARBARA MUNICIPAL AIRPORT, CA US",0,222,144,20,89,76,100
USW00023190,2009-09-19,34.4241,-119.84249,2.5,"SANTA BARBARA MUNICIPAL AIRPORT, CA US",0,222,167,24,87,76,93
USW00023190,2009-09-20,34.4241,-119.84249,2.5,"SANTA BARBARA MUNICIPAL AIRPORT, CA US",0,211,161,25,88,73,97
USW00023190,2009-09-21,34.4241,-119.84249,2.5,"SANTA BARBARA MUNICIPAL AIRPORT, CA US",0,211,150,21,87,73,97
USW00023190,2009-09-22,34.4241,-119.84249,2.5,"SANTA BARBARA MUNICIPAL AIRPORT, CA US",0,244,150,15,86,64,100
USW00023190,2009-09-23,34.4241,-119.84249,2.5,"SANTA BARBARA MUNICIPAL AIRPORT, CA US",0,289,122,16,77,41,93
USW00023190,2009-09-24,34.4241,-119.84249,2.5,"SANTA BARBARA MUNICIPAL AIRPORT, CA US",0,311,122,11,74,31,93
USW00023190,2009-09-25,34.4241,-119.84249,2.5,"SANTA BARBARA MUNICIPAL AIRPORT, CA US",0,272,133,15,78,54,97
USW00023190,2009-09-26,34.4241,-119.84249,2.5,"SANTA BARBARA MUNICIPAL AIRPORT, CA US",0,267,122,17,83,54,100
USW00023190,2009-09-27,34.4241,-119.84249,2.5,"SANTA BARBARA MUNICIPAL AIRPORT, CA US",0,206,161,21,90,73,100
USW00023190,2009-09-28,34.4241,-119.84249,2.5,"SANTA BARBARA MUNICIPAL AIRPORT, CA US",0,206,156,21,83,73,97
USW00023190,2009-09-29,34.4241,-119.84249,2.5,"SANTA BARBARA MUNICIPAL AIRPORT, CA US",0,217,133,25,66,52,81
USW00023190,2009-09-30,34.4241,-119.84249,2.5,"SANTA BARBARA MUNICIPAL AIRPORT, CA US",0,239,89,26,50,20,81
USW00023190,2009-10-01,34.4241,-119.84249,2.5,"SANTA BARBARA MUNICIPAL AIRPORT, CA US",0,306,78,16,46,8,86
USW00023190,2009-10-02,34.4241,-119.84249,2.5,"SANTA BARBARA MUNICIPAL AIRPORT, CA US",0,272,94,17,58,27,93
USW00023190,2009-10-03,34.4241,-119.84249,2.5,"SANTA BARBARA MUNICIPAL AIRPORT, CA US",0,261,128,28,63,31,90
USW00023190,2009-10-04,34.4241,-119.84249,2.5,"SANTA BARBARA MUNICIPAL AIRPORT, CA US",0,217,106,49,47,21,69
USW00023190,2009-10-05,34.4241,-119.84249,2.5,"SANTA BARBARA MUNICIPAL AIRPORT, CA US",0,189,61,17,63,45,83
USW00023190,2009-10-06,34.4241,-119.84249,2.5,"SANTA BARBARA MUNICIPAL AIRPORT, CA US",0,211,78,20,67,51,83
USW00023190,2009-10-07,34.4241,-119.84249,2.5,"SANTA BARBARA MUNICIPAL AIRPORT, CA US",0,194,83,20,78,63,96
USW00023190,2009-10-08,34.4241,-119.84249,2.5,"SANTA BARBARA MUNICIPAL AIRPORT, CA US",0,200,83,20,79,59,97
USW00023190,2009-10-09,34.4241,-119.84249,2.5,"SANTA BARBARA MUNICIPAL AIRPORT, CA US",0,189,78,15,83,68,96
USW00023190,2009-10-10,34.4241,-119.84249,2.5,"SANTA BARBARA MUNICIPAL AIRPORT, CA US",0,172,100,24,81,75,89
USW00023190,2009-10-11,34.4241,-119.84249,2.5,"SANTA BARBARA MUNICIPAL AIRPORT, CA US",0,178,139,15,76,65,93
USW00023190,2009-10-12,34.4241,-119.84249,2.5,"SANTA BARBARA MUNICIPAL AIRPORT, CA US",3,194,156,38,67,52,78
USW00023190,2009-10-13,34.4241,-119.84249,2.5,"SANTA BARBARA MUNICIPAL AIRPORT, CA US",424,183,156,55,92,78,97
USW00023190,2009-10-14,34.4241,-119.84249,2.5,"SANTA BARBARA MUNICIPAL AIRPORT, CA US",495,200,178,17,96,93,100
USW00023190,2009-10-15,34.4241,-119.84249,2.5,"SANTA BARBARA MUNICIPAL AIRPORT, CA US",0,233,144,13,88,71,100
USW00023190,2009-10-16,34.4241,-119.84249,2.5,"SANTA BARBARA MUNICIPAL AIRPORT, CA US",0,317,144,11,74,34,97
USW00023190,2009-10-17,34.4241,-119.84249,2.5,"SANTA BARBARA MUNICIPAL AIRPORT, CA US",0,261,144,10,82,49,96
USW00023190,2009-10-18,34.4241,-119.84249,2.5,"SANTA BARBARA MUNICIPAL AIRPORT, CA US",0,206,150,18,91,81,97
USW00023190,2009-10-19,34.4241,-119.84249,2.5,"SANTA BARBARA MUNICIPAL AIRPORT, CA US",0,239,144,36,68,40,90
USW00023190,2009-10-20,34.4241,-119.84249,2.5,"SANTA BARBARA MUNICIPAL AIRPORT, CA US",0,244,117,14,61,37,90
USW00023190,2009-10-21,34.4241,-119.84249,2.5,"SANTA BARBARA MUNICIPAL AIRPORT, CA US",0,244,100,11,71,37,93
USW00023190,2009-10-22,34.4241,-119.84249,2.5,"SANTA BARBARA MUNICIPAL AIRPORT, CA US",0,233,100,15,78,50,93
USW00023190,2009-10-23,34.4241,-119.84249,2.5,"SANTA BARBARA MUNICIPAL AIRPORT, CA US",0,244,100,12,78,46,96
USW00023190,2009-10-24,34.4241,-119.84249,2.5,"SANTA BARBARA MUNICIPAL AIRPORT, CA US",0,217,122,13,88,76,96
USW00023190,2009-10-25,34.4241,-119.84249,2.5,"SANTA BARBARA MUNICIPAL AIRPORT, CA US",0,250,111,12,85,62,100
USW00023190,2009-10-26,34.4241,-119.84249,2.5,"SANTA BARBARA MUNICIPAL AIRPORT, CA US",0,289,100,15,68,22,93
USW00023190,2009-10-27,34.4241,-119.84249,2.5,"SANTA BARBARA MUNICIPAL AIRPORT, CA US",0,250,133,48,38,11,87
USW00023190,2009-10-28,34.4241,-119.84249,2.5,"SANTA BARBARA MUNICIPAL AIRPORT, CA US",0,211,117,40,19,12,32
USW00023190,2009-10-29,34.4241,-119.84249,2.5,"SANTA BARBARA MUNICIPAL AIRPORT, CA US",0,206,44,14,41,15,64
USW00023190,2009-10-30,34.4241,-119.84249,2.5,"SANTA BARBARA MUNICIPAL AIRPORT, CA US",0,206,67,10,63,43,83
USW00023190,2009-10-31,34.4241,-119.84249,2.5,"SANTA BARBARA MUNICIPAL AIRPORT, CA US",0,239,67,13,70,33,93
USW00023190,2009-11-01,34.4241,-119.84249,2.5,"SANTA BARBARA MUNICIPAL AIRPORT, CA US",0,250,83,8,68,33,90
USW00023190,2009-11-02,34.4241,-119.84249,2.5,"SANTA BARBARA MUNICIPAL AIRPORT, CA US",0,244,78,13,76,43,97
USW00023190,2009-11-03,34.4241,-119.84249,2.5,"SANTA BARBARA MUNICIPAL AIRPORT, CA US",0,200,78,13,94,73,100
USW00023190,2009-11-04,34.4241,-119.84249,2.5,"SANTA BARBARA MUNICIPAL AIRPORT, CA US",0,178,106,21,85,73,93
USW00023190,2009-11-05,34.4241,-119.84249,2.5,"SANTA BARBARA MUNICIPAL AIRPORT, CA US",0,200,83,22,80,57,96
USW00023190,2009-11-06,34.4241,-119.84249,2.5,"SANTA BARBARA MUNICIPAL AIRPORT, CA US",0,217,94,22,83,51,100
USW00023190,2009-11-07,34.4241,-119.84249,2.5,"SANTA BARBARA MUNICIPAL AIRPORT, CA US",0,183,72,12,88,70,100
USW00023190,2009-11-08,34.4241,-119.84249,2.5,"SANTA BARBARA MUNICIPAL AIRPORT, CA US",0,189,83,12,86,70,100
USW00023190,2009-11-09,34.4241,-119.84249,2.5,"SANTA BARBARA MUNICIPAL AIRPORT, CA US",0,200,78,10,90,73,100
USW00023190,2009-11-10,34.4241,-119.84249,2.5,"SANTA BARBARA MUNICIPAL AIRPORT, CA US",0,233,61,8,73,40,96
USW00023190,2009-11-11,34.4241,-119.84249,2.5,"SANTA BARBARA MUNICIPAL AIRPORT, CA US",0,194,83,9,78,52,89
USW00023190,2009-11-12,34.4241,-119.84249,2.5,"SANTA BARBARA MUNICIPAL AIRPORT, CA US",0,194,94,18,77,56,93
USW00023190,2009-11-13,34.4241,-119.84249,2.5,"SANTA BARBARA MUNICIPAL AIRPORT, CA US",0,217,111,41,43,24,59
USW00023190,2009-11-14,34.4241,-119.84249,2.5,"SANTA BARBARA MUNICIPAL AIRPORT, CA US",0,189,67,17,52,27,83
USW00023190,2009-11-15,34.4241,-119.84249,2.5,"SANTA BARBARA MUNICIPAL AIRPORT, CA US",0,206,50,10,63,34,89
USW00023190,2009-11-16,34.4241,-119.84249,2.5,"SANTA BARBARA MUNICIPAL AIRPORT, CA US",0,211,33,9,51,22,82
USW00023190,2009-11-17,34.4241,-119.84249,2.5,"SANTA BARBARA MUNICIPAL AIRPORT, CA US",0,217,33,8,64,35,93
USW00023190,2009-11-18,34.4241,-119.84249,2.5,"SANTA BARBARA MUNICIPAL AIRPORT, CA US",0,200,39,20,61,34,93
USW00023190,2009-11-19,34.4241,-119.84249,2.5,"SANTA BARBARA MUNICIPAL AIRPORT, CA US",0,222,39,12,60,29,79
USW00023190,2009-11-20,34.4241,-119.84249,2.5,"SANTA BARBARA MUNICIPAL AIRPORT, CA US",0,172,39,11,77,56,93
USW00023190,2009-11-21,34.4241,-119.84249,2.5,"SANTA BARBARA MUNICIPAL AIRPORT, CA US",0,189,56,13,67,42,90
USW00023190,2009-11-22,34.4241,-119.84249,2.5,"SANTA BARBARA MUNICIPAL AIRPORT, CA US",0,194,33,13,71,49,85
USW00023190,2009-11-23,34.4241,-119.84249,2.5,"SANTA BARBARA MUNICIPAL AIRPORT, CA US",0,217,50,13,66,31,89
USW00023190,2009-11-24,34.4241,-119.84249,2.5,"SANTA BARBARA MUNICIPAL AIRPORT, CA US",0,239,44,11,51,13,85
USW00023190,2009-11-25,34.4241,-119.84249,2.5,"SANTA BARBARA MUNICIPAL AIRPORT, CA US",0,244,33,9,51,15,82
USW00023190,2009-11-26,34.4241,-119.84249,2.5,"SANTA BARBARA MUNICIPAL AIRPORT, CA US",0,261,33,10,58,18,80
USW00023190,2009-11-27,34.4241,-119.84249,2.5,"SANTA BARBARA MUNICIPAL AIRPORT, CA US",0,206,44,30,67,43,78
USW00023190,2009-11-28,34.4241,-119.84249,2.5,"SANTA BARBARA MUNICIPAL AIRPORT, CA US",0,200,89,48,45,27,69
USW00023190,2009-11-29,34.4241,-119.84249,2.5,"SANTA BARBARA MUNICIPAL AIRPORT, CA US",0,206,39,13,68,39,86
USW00023190,2009-11-30,34.4241,-119.84249,2.5,"SANTA BARBARA MUNICIPAL AIRPORT, CA US",0,206,28,8,77,42,93
USW00023190,2009-12-01,34.4241,-119.84249,2.5,"SANTA BARBARA MUNICIPAL AIRPORT, CA US",0,172,28,10,83,60,96
USW00023190,2009-12-02,34.4241,-119.84249,2.5,"SANTA BARBARA MUNICIPAL AIRPORT, CA US",0,161,56,12,84,65,97
USW00023190,2009-12-03,34.4241,-119.84249,2.5,"SANTA BARBARA MUNICIPAL AIRPORT, CA US",0,161,33,11,86,67,97
USW00023190,2009-12-04,34.4241,-119.84249,2.5,"SANTA BARBARA MUNICIPAL AIRPORT, CA US",0,183,33,10,77,37,97
USW00023190,2009-12-05,34.4241,-119.84249,2.5,"SANTA BARBARA MUNICIPAL AIRPORT, CA US",0,161,44,14,76,62,96
USW00023190,2009-12-06,34.4241,-119.84249,2.5,"SANTA BARBARA MUNICIPAL AIRPORT, CA US",0,144,28,9,72,58,89
USW00023190,2009-12-07,34.4241,-119.84249,2.5,"SANTA BARBARA MUNICIPAL AIRPORT, CA US",490,122,67,45,75,44,93
USW00023190,2009-12-08,34.4241,-119.84249,2.5,"SANTA BARBARA MUNICIPAL AIRPORT, CA US",0,133,0,16,50,26,75
USW00023190,2009-12-09,34.4241,-119.84249,2.5,"SANTA BARBARA MUNICIPAL AIRPORT, CA US",0,133,17,7,68,40,86
USW00023190,2009-12-10,34.4241,-119.84249,2.5,"SANTA BARBARA MUNICIPAL AIRPORT, CA US",107,144,33,18,77,49,96
USW00023190,2009-12-11,34.4241,-119.84249,2.5,"SANTA BARBARA MUNICIPAL AIRPORT, CA US",64,139,106,23,90,78,97
USW00023190,2009-12-12,34.4241,-119.84249,2.5,"SANTA BARBARA MUNICIPAL AIRPORT, CA US",175,150,122,34,93,87,100
USW00023190,2009-12-13,34.4241,-119.84249,2.5,"SANTA BARBARA MUNICIPAL AIRPORT, CA US",13,161,72,26,82,70,97
USW00023190,2009-12-14,34.4241,-119.84249,2.5,"SANTA BARBARA MUNICIPAL AIRPORT, CA US",0,156,39,10,83,64,96
USW00023190,2009-12-15,34.4241,-119.84249,2.5,"SANTA BARBARA MUNICIPAL AIRPORT, CA US",0,172,44,8,79,50,100
USW00023190,2009-12-16,34.4241,-119.84249,2.5,"SANTA BARBARA MUNICIPAL AIRPORT, CA US",0,183,33,7,77,43,97
USW00023190,2009-12-17,34.4241,-119.84249,2.5,"SANTA BARBARA MUNICIPAL AIRPORT, CA US",0,194,39,6,72,39,89
USW00023190,2009-12-18,34.4241,-119.84249,2.5,"SANTA BARBARA MUNICIPAL AIRPORT, CA US",0,217,33,5,74,36,93
USW00023190,2009-12-19,34.4241,-119.84249,2.5,"SANTA BARBARA MUNICIPAL AIRPORT, CA US",0,233,56,7,64,29,92
USW00023190,2009-12-20,34.4241,-119.84249,2.5,"SANTA BARBARA MUNICIPAL AIRPORT, CA US",0,211,72,2,70,37,90
USW00023190,2009-12-21,34.4241,-119.84249,2.5,"SANTA BARBARA MUNICIPAL AIRPORT, CA US",0,172,67,6,75,40,90
USW00023190,2009-12-22,34.4241,-119.84249,2.5,"SANTA BARBARA MUNICIPAL AIRPORT, CA US",0,150,72,58,49,35,83
USW00023190,2009-12-23,34.4241,-119.84249,2.5,"SANTA BARBARA MUNICIPAL AIRPORT, CA US",0,156,33,25,52,27,83
USW00023190,2009-12-24,34.4241,-119.84249,2.5,"SANTA BARBARA MUNICIPAL AIRPORT, CA US",0,167,11,5,75,32,93
USW00023190,2009-12-25,34.4241,-119.84249,2.5,"SANTA BARBARA MUNICIPAL AIRPORT, CA US",0,178,17,7,72,28,93
USW00023190,2009-12-26,34.4241,-119.84249,2.5,"SANTA BARBARA MUNICIPAL AIRPORT, CA US",0,144,39,13,84,72,93
USW00023190,2009-12-27,34.4241,-119.84249,2.5,"SANTA BARBARA MUNICIPAL AIRPORT, CA US",0,156,39,5,83,62,97
USW00023190,2009-12-28,34.4241,-119.84249,2.5,"SANTA BARBARA MUNICIPAL AIRPORT, CA US",0,189,50,4,65,32,92
USW00023190,2009-12-29,34.4241,-119.84249,2.5,"SANTA BARBARA MUNICIPAL AIRPORT, CA US",0,172,39,10,75,50,90
USW00023190,2009-12-30,34.4241,-119.84249,2.5,"SANTA BARBARA MUNICIPAL AIRPORT, CA US",25,128,67,12,93,86,100
USW00023190,2009-12-31,34.4241,-119.84249,2.5,"SANTA BARBARA MUNICIPAL AIRPORT, CA US",0,167,50,12,80,50,100
USW00023190,2010-01-01,34.4241,-119.84249,2.5,"SANTA BARBARA MUNICIPAL AIRPORT, CA US",0,167,44,10,80,58,96
USW00023190,2010-01-02,34.4241,-119.84249,2.5,"SANTA BARBARA MUNICIPAL AIRPORT, CA US",0,211,56,15,66,40,90
USW00023190,2010-01-03,34.4241,-119.84249,2.5,"SANTA BARBARA MUNICIPAL AIRPORT, CA US",0,244,50,5,61,14,86
USW00023190,2010-01-04,34.4241,-119.84249,2.5,"SANTA BARBARA MUNICIPAL AIRPORT, CA US",0,211,50,6,58,20,86
USW00023190,2010-01-05,34.4241,-119.84249,2.5,"SANTA BARBARA MUNICIPAL AIRPORT, CA US",0,211,33,8,69,25,87
USW00023190,2010-01-06,34.4241,-119.84249,2.5,"SANTA BARBARA MUNICIPAL AIRPORT, CA US",0,211,50,7,64,28,86
USW00023190,2010-01-07,34.4241,-119.84249,2.5,"SANTA BARBARA MUNICIPAL AIRPORT, CA US",0,194,50,5,73,41,93
USW00023190,2010-01-08,34.4241,-119.84249,2.5,"SANTA BARBARA MUNICIPAL AIRPORT, CA US",0,233,67,9,76,33,93
USW00023190,2010-01-09,34.4241,-119.84249,2.5,"SANTA BARBARA MUNICIPAL AIRPORT, CA US",0,211,67,11,67,38,93
USW00023190,2010-01-10,34.4241,-119.84249,2.5,"SANTA BARBARA MUNICIPAL AIRPORT, CA US",0,211,61,7,74,45,93
USW00023190,2010-01-11,34.4241,-119.84249,2.5,"SANTA BARBARA MUNICIPAL AIRPORT, CA US",0,233,61,5,68,26,93
USW00023190,2010-01-12,34.4241,-119.84249,2.5,"SANTA BARBARA MUNICIPAL AIRPORT, CA US",10,167,61,9,87,67,100
USW00023190,2010-01-13,34.4241,-119.84249,2.5,"SANTA BARBARA MUNICIPAL AIRPORT, CA US",84,206,94,38,71,47,100
USW00023190,2010-01-14,34.4241,-119.84249,2.5,"SANTA BARBARA MUNICIPAL AIRPORT, CA US",0,206,61,19,62,32,86
USW00023190,2010-01-15,34.4241,-119.84249,2.5,"SANTA BARBARA MUNICIPAL AIRPORT, CA US",0,222,67,7,61,22,86
USW00023190,2010-01-16,34.4241,-119.84249,2.5,"SANTA BARBARA MUNICIPAL AIRPORT, CA US",0,178,78,11,70,44,89
USW00023190,2010-01-17,34.4241,-119.84249,2.5,"SANTA BARBARA MUNICIPAL AIRPORT, CA US",231,156,78,16,88,67,96
USW00023190,2010-01-18,34.4241,-119.84249,2.5,"SANTA BARBARA MUNICIPAL AIRPORT, CA US",259,161,94,53,86,67,97
USW00023190,2010-01-19,34.4241,-119.84249,2.5,"SANTA BARBARA MUNICIPAL AIRPORT, CA US",152,161,89,46,77,56,90
USW00023190,2010-01-20,34.4241,-119.84249,2.5,"SANTA BARBARA MUNICIPAL AIRPORT, CA US",178,144,106,52,86,80,90
USW00023190,2010-01-21,34.4241,-119.84249,2.5,"SANTA BARBARA MUNICIPAL AIRPORT, CA US",389,139,83,63,82,72,93
USW00023190,2010-01-22,34.4241,-119.84249,2.5,"SANTA BARBARA MUNICIPAL AIRPORT, CA US",142,111,44,16,84,69,93
USW00023190,2010-01-23,34.4241,-119.84249,2.5,"SANTA BARBARA MUNICIPAL AIRPORT, CA US",0,150,28,20,75,51,93
USW00023190,2010-01-24,34.4241,-119.84249,2.5,"SANTA BARBARA MUNICIPAL AIRPORT, CA US",0,150,44,13,82,64,93
USW00023190,2010-01-25,34.4241,-119.84249,2.5,"SANTA BARBARA MUNICIPAL AIRPORT, CA US",0,156,50,9,82,60,93
USW00023190,2010-01-26,34.4241,-119.84249,2.5,"SANTA BARBARA MUNICIPAL AIRPORT, CA US",76,139,67,14,89,80,93
USW00023190,2010-01-27,34.4241,-119.84249,2.5,"SANTA BARBARA MUNICIPAL AIRPORT, CA US",0,167,61,14,79,60,97
USW00023190,2010-01-28,34.4241,-119.84249,2.5,"SANTA BARBARA MUNICIPAL AIRPORT, CA US",0,183,50,11,75,43,89
USW00023190,2010-01-29,34.4241,-119.84249,2.5,"SANTA BARBARA MUNICIPAL AIRPORT, CA US",0,167,56,11,84,70,93
USW00023190,2010-01-30,34.4241,-119.84249,2.5,"SANTA BARBARA MUNICIPAL AIRPORT, CA US",0,156,50,11,86,70,97
USW00023190,2010-01-31,34.4241,-119.84249,2.5,"SANTA BARBARA MUNICIPAL AIRPORT, CA US",0,161,39,11,80,58,96
USW00023190,2010-02-01,34.4241,-119.84249,2.5,"SANTA BARBARA MUNICIPAL AIRPORT, CA US",0,167,61,8,84,62,93
USW00023190,2010-02-02,34.4241,-119.84249,2.5,"SANTA BARBARA MUNICIPAL AIRPORT, CA US",0,161,78,11,83,65,93
USW00023190,2010-02-03,34.4241,-119.84249,2.5,"SANTA BARBARA MUNICIPAL AIRPORT, CA US",0,206,56,17,78,45,97
USW00023190,2010-02-04,34.4241,-119.84249,2.5,"SANTA BARBARA MUNICIPAL AIRPORT, CA US",0,161,100,34,80,72,90
USW00023190,2010-02-05,34.4241,-119.84249,2.5,"SANTA BARBARA MUNICIPAL AIRPORT, CA US",414,144,117,59,86,74,93
USW00023190,2010-02-06,34.4241,-119.84249,2.5,"SANTA BARBARA MUNICIPAL AIRPORT, CA US",76,144,94,24,84,64,96
USW00023190,2010-02-07,34.4241,-119.84249,2.5,"SANTA BARBARA MUNICIPAL AIRPORT, CA US",0,167,83,47,59,46,75
USW00023190,2010-02-08,34.4241,-119.84249,2.5,"SANTA BARBARA MUNICIPAL AIRPORT, CA US",0,161,44,15,71,52,86
USW00023190,2010-02-09,34.4241,-119.84249,2.5,"SANTA BARBARA MUNICIPAL AIRPORT, CA US",99,139,50,17,79,51,93
USW00023190,2010-02-10,34.4241,-119.84249,2.5,"SANTA BARBARA MUNICIPAL AIRPORT, CA US",0,189,28,15,68,40,89
USW00023190,2010-02-11,34.4241,-119.84249,2.5,"SANTA BARBARA MUNICIPAL AIRPORT, CA US",0,150,44,12,78,65,89
USW00023190,2010-02-12,34.4241,-119.84249,2.5,"SANTA BARBARA MUNICIPAL AIRPORT, CA US",0,161,56,16,82,67,92
USW00023190,2010-02-13,34.4241,-119.84249,2.5,"SANTA BARBARA MUNICIPAL AIRPORT, CA US",0,200,50,7,74,38,90
USW00023190,2010-02-14,34.4241,-119.84249,2.5,"SANTA BARBARA MUNICIPAL AIRPORT, CA US",0,222,50,10,74,35,93
USW00023190,2010-02-15,34.4241,-119.84249,2.5,"SANTA BARBARA MUNICIPAL AIRPORT, CA US",0,228,50,11,63,29,90
USW00023190,2010-02-16,34.4241,-119.84249,2.5,"SANTA BARBARA MUNICIPAL AIRPORT, CA US",0,233,67,9,66,30,93
USW00023190,2010-02-17,34.4241,-119.84249,2.5,"SANTA BARBARA MUNICIPAL AIRPORT, CA US",0,217,83,11,72,36,100
USW00023190,2010-02-18,34.4241,-119.84249,2.5,"SANTA BARBARA MUNICIPAL AIRPORT, CA US",0,150,111,18,86,78,100
USW00023190,2010-02-19,34.4241,-119.84249,2.5,"SANTA BARBARA MUNICIPAL AIRPORT, CA US",48,161,106,29,77,67,86
USW00023190,2010-02-20,34.4241,-119.84249,2.5,"SANTA BARBARA MUNICIPAL AIRPORT, CA US",0,183,72,26,73,60,93
USW00023190,2010-02-21,34.4241,-119.84249,2.5,"SANTA BARBARA MUNICIPAL AIRPORT, CA US",8,183,78,36,76,50,93
USW00023190,2010-02-22,34.4241,-119.84249,2.5,"SANTA BARBARA MUNICIPAL AIRPORT, CA US",0,189,83,33,60,37,77
USW00023190,2010-02-23,34.4241,-119.84249,2.5,"SANTA BARBARA MUNICIPAL AIRPORT, CA US",0,167,44,11,68,38,86
USW00023190,2010-02-24,34.4241,-119.84249,2.5,"SANTA BARBARA MUNICIPAL AIRPORT, CA US",91,133,94,15,89,74,97
USW00023190,2010-02-25,34.4241,-119.84249,2.5,"SANTA BARBARA MUNICIPAL AIRPORT, CA US",0,183,78,16,84,58,96
USW00023190,2010-02-26,34.4241,-119.84249,2.5,"SANTA BARBARA MUNICIPAL AIRPORT, CA US",191,178,89,29,85,62,97
USW00023190,2010-02-27,34.4241,-119.84249,2.5,"SANTA BARBARA MUNICIPAL AIRPORT, CA US",234,156,89,27,83,67,96
USW00023190,2010-02-28,34.4241,-119.84249,2.5,"SANTA BARBARA MUNICIPAL AIRPORT, CA US",0,178,56,18,72,52,89
USW00023190,2010-03-01,34.4241,-119.84249,2.5,"SANTA BARBARA MUNICIPAL AIRPORT, CA US",0,172,72,19,84,72,93
USW00023190,2010-03-02,34.4241,-119.84249,2.5,"SANTA BARBARA MUNICIPAL AIRPORT, CA US",0,156,94,16,82,69,93
USW00023190,2010-03-03,34.4241,-119.84249,2.5,"SANTA BARBARA MUNICIPAL AIRPORT, CA US",48,161,61,19,80,56,96
USW00023190,2010-03-04,34.4241,-119.84249,2.5,"SANTA BARBARA MUNICIPAL AIRPORT, CA US",0,189,72,28,58,32,86
USW00023190,2010-03-05,34.4241,-119.84249,2.5,"SANTA BARBARA MUNICIPAL AIRPORT, CA US",0,161,44,14,73,60,86
USW00023190,2010-03-06,34.4241,-119.84249,2.5,"SANTA BARBARA MUNICIPAL AIRPORT, CA US",112,156,89,29,80,62,93
USW00023190,2010-03-07,34.4241,-119.84249,2.5,"SANTA BARBARA MUNICIPAL AIRPORT, CA US",0,200,72,39,73,45,97
USW00023190,2010-03-08,34.4241,-119.84249,2.5,"SANTA BARBARA MUNICIPAL AIRPORT, CA US",0,189,94,45,61,45,83
USW00023190,2010-03-09,34.4241,-119.84249,2.5,"SANTA BARBARA MUNICIPAL AIRPORT, CA US",0,167,72,61,51,32,68
USW00023190,2010-03-10,34.4241,-119.84249,2.5,"SANTA BARBARA MUNICIPAL AIRPORT, CA US",0,178,67,60,47,28,69
USW00023190,2010-03-11,34.4241,-119.84249,2.5,"SANTA BARBARA MUNICIPAL AIRPORT, CA US",0,167,33,21,56,30,83
USW00023190,2010-03-12,34.4241,-119.84249,2.5,"SANTA BARBARA MUNICIPAL AIRPORT, CA US",0,178,44,16,75,41,89
USW00023190,2010-03-13,34.4241,-119.84249,2.5,"SANTA BARBARA MUNICIPAL AIRPORT, CA US",0,211,72,34,52,22,87
USW00023190,2010-03-14,34.4241,-119.84249,2.5,"SANTA BARBARA MUNICIPAL AIRPORT, CA US",0,183,33,13,61,31,96
USW00023190,2010-03-15,34.4241,-119.84249,2.5,"SANTA BARBARA MUNICIPAL AIRPORT, CA US",0,250,50,11,51,19,86
USW00023190,2010-03-16,34.4241,-119.84249,2.5,"SANTA BARBARA MUNICIPAL AIRPORT, CA US",0,278,78,11,51,22,87
USW00023190,2010-03-17,34.4241,-119.84249,2.5,"SANTA BARBARA MUNICIPAL AIRPORT, CA US",0,256,89,13,62,26,93
USW00023190,2010-03-18,34.4241,-119.84249,2.5,"SANTA BARBARA MUNICIPAL AIRPORT, CA US",0,211,83,15,81,51,93
USW00023190,2010-03-19,34.4241,-119.84249,2.5,"SANTA BARBARA MUNICIPAL AIRPORT, CA US",0,189,100,21,90,70,100
USW00023190,2010-03-20,34.4241,-119.84249,2.5,"SANTA BARBARA MUNICIPAL AIRPORT, CA US",0,200,78,15,79,55,96
USW00023190,2010-03-21,34.4241,-119.84249,2.5,"SANTA BARBARA MUNICIPAL AIRPORT, CA US",0,189,83,11,83,65,96
USW00023190,2010-03-22,34.4241,-119.84249,2.5,"SANTA BARBARA MUNICIPAL AIRPORT, CA US",0,194,67,14,84,63,97
USW00023190,2010-03-23,34.4241,-119.84249,2.5,"SANTA BARBARA MUNICIPAL AIRPORT, CA US",0,183,94,17,79,63,90
USW00023190,2010-03-24,34.4241,-119.84249,2.5,"SANTA BARBARA MUNICIPAL AIRPORT, CA US",0,178,72,22,83,72,93
USW00023190,2010-03-25,34.4241,-119.84249,2.5,"SANTA BARBARA MUNICIPAL AIRPORT, CA US",0,178,78,22,72,56,93
USW00023190,2010-03-26,34.4241,-119.84249,2.5,"SANTA BARBARA MUNICIPAL AIRPORT, CA US",0,206,89,30,49,24,68
USW00023190,2010-03-27,34.4241,-119.84249,2.5,"SANTA BARBARA MUNICIPAL AIRPORT, CA US",0,222,61,24,45,22,74
USW00023190,2010-03-28,34.4241,-119.84249,2.5,"SANTA BARBARA MUNICIPAL AIRPORT, CA US",0,244,72,13,51,19,83
USW00023190,2010-03-29,34.4241,-119.84249,2.5,"SANTA BARBARA MUNICIPAL AIRPORT, CA US",0,233,61,22,60,33,81
USW00023190,2010-03-30,34.4241,-119.84249,2.5,"SANTA BARBARA MUNICIPAL AIRPORT, CA US",0,222,117,51,61,38,90
USW00023190,2010-03-31,34.4241,-119.84249,2.5,"SANTA BARBARA MUNICIPAL AIRPORT, CA US",5,194,89,50,50,18,75
USW00023190,2010-04-01,34.4241,-119.84249,2.5,"SANTA BARBARA MUNICIPAL AIRPORT, CA US",13,178,67,32,68,50,93
USW00023190,2010-04-02,34.4241,-119.84249,2.5,"SANTA BARBARA MUNICIPAL AIRPORT, CA US",0,183,89,30,61,43,89
USW00023190,2010-04-03,34.4241,-119.84249,2.5,"SANTA BARBARA MUNICIPAL AIRPORT, CA US",0,172,78,33,71,52,90
USW00023190,2010-04-04,34.4241,-119.84249,2.5,"SANTA BARBARA MUNICIPAL AIRPORT, CA US",61,150,56,18,81,56,96
USW00023190,2010-04-05,34.4241,-119.84249,2.5,"SANTA BARBARA MUNICIPAL AIRPORT, CA US",48,189,83,36,63,28,100
USW00023190,2010-04-06,34.4241,-119.84249,2.5,"SANTA BARBARA MUNICIPAL AIRPORT, CA US",0,178,67,20,56,33,80
USW00023190,2010-04-07,34.4241,-119.84249,2.5,"SANTA BARBARA MUNICIPAL AIRPORT, CA US",0,261,67,19,48,18,83
USW00023190,2010-04-08,34.4241,-119.84249,2.5,"SANTA BARBARA MUNICIPAL AIRPORT, CA US",0,228,72,17,69,42,90
USW00023190,2010-04-09,34.4241,-119.84249,2.5,"SANTA BARBARA MUNICIPAL AIRPORT, CA US",0,167,100,24,78,69,87
USW00023190,2010-04-10,34.4241,-119.84249,2.5,"SANTA BARBARA MUNICIPAL AIRPORT, CA US",0,161,117,23,68,52,80
USW00023190,2010-04-11,34.4241,-119.84249,2.5,"SANTA BARBARA MUNICIPAL AIRPORT, CA US",251,144,94,54,80,67,97
USW00023190,2010-04-12,34.4241,-119.84249,2.5,"SANTA BARBARA MUNICIPAL AIRPORT, CA US",5,161,83,29,80,67,97
USW00023190,2010-04-13,34.4241,-119.84249,2.5,"SANTA BARBARA MUNICIPAL AIRPORT, CA US",0,167,56,24,72,52,93
USW00023190,2010-04-14,34.4241,-119.84249,2.5,"SANTA BARBARA MUNICIPAL AIRPORT, CA US",0,183,78,14,72,54,90
USW00023190,2010-04-15,34.4241,-119.84249,2.5,"SANTA BARBARA MUNICIPAL AIRPORT, CA US",0,189,83,21,78,60,93
USW00023190,2010-04-16,34.4241,-119.84249,2.5,"SANTA BARBARA MUNICIPAL AIRPORT, CA US",0,183,78,18,79,58,93
USW00023190,2010-04-17,34.4241,-119.84249,2.5,"SANTA BARBARA MUNICIPAL AIRPORT, CA US",0,211,89,20,80,49,93
USW00023190,2010-04-18,34.4241,-119.84249,2.5,"SANTA BARBARA MUNICIPAL AIRPORT, CA US",0,189,100,24,86,73,93
USW00023190,2010-04-19,34.4241,-119.84249,2.5,"SANTA BARBARA MUNICIPAL AIRPORT, CA US",0,167,106,30,86,72,93
USW00023190,2010-04-20,34.4241,-119.84249,2.5,"SANTA BARBARA MUNICIPAL AIRPORT, CA US",208,189,89,37,73,43,97
USW00023190,2010-04-21,34.4241,-119.84249,2.5,"SANTA BARBARA MUNICIPAL AIRPORT, CA US",5,150,78,46,69,49,80
USW00023190,2010-04-22,34.4241,-119.84249,2.5,"SANTA BARBARA MUNICIPAL AIRPORT, CA US",3,167,61,25,72,55,90
USW00023190,2010-04-23,34.4241,-119.84249,2.5,"SANTA BARBARA MUNICIPAL AIRPORT, CA US",0,167,56,21,82,62,93
USW00023190,2010-04-24,34.4241,-119.84249,2.5,"SANTA BARBARA MUNICIPAL AIRPORT, CA US",0,167,100,21,83,69,93
USW00023190,2010-04-25,34.4241,-119.84249,2.5,"SANTA BARBARA MUNICIPAL AIRPORT, CA US",0,156,78,17,92,80,100
USW00023190,2010-04-26,34.4241,-119.84249,2.5,"SANTA BARBARA MUNICIPAL AIRPORT, CA US",0,161,111,17,94,80,100
USW00023190,2010-04-27,34.4241,-119.84249,2.5,"SANTA BARBARA MUNICIPAL AIRPORT, CA US",0,172,122,30,88,70,97
USW00023190,2010-04-28,34.4241,-119.84249,2.5,"SANTA BARBARA MUNICIPAL AIRPORT, CA US",0,211,100,54,54,33,93
USW00023190,2010-04-29,34.4241,-119.84249,2.5,"SANTA BARBARA MUNICIPAL AIRPORT, CA US",0,194,83,60,47,28,64
USW00023190,2010-04-30,34.4241,-119.84249,2.5,"SANTA BARBARA MUNICIPAL AIRPORT, CA US",0,239,94,49,47,20,69
USW00023190,2010-05-01,34.4241,-119.84249,2.5,"SANTA BARBARA MUNICIPAL AIRPORT, CA US",0,250,94,38,48,29,80
USW00023190,2010-05-02,34.4241,-119.84249,2.5,"SANTA BARBARA MUNICIPAL AIRPORT, CA US",0,183,106,25,79,67,93
USW00023190,2010-05-03,34.4241,-119.84249,2.5,"SANTA BARBARA MUNICIPAL AIRPORT, CA US",0,211,89,25,80,55,97
USW00023190,2010-05-04,34.4241,-119.84249,2.5,"SANTA BARBARA MUNICIPAL AIRPORT, CA US",0,194,89,17,82,61,100
USW00023190,2010-05-05,34.4241,-119.84249,2.5,"SANTA BARBARA MUNICIPAL AIRPORT, CA US",0,239,89,26,71,37,93
USW00023190,2010-05-06,34.4241,-119.84249,2.5,"SANTA BARBARA MUNICIPAL AIRPORT, CA US",0,211,83,23,68,26,90
USW00023190,2010-05-07,34.4241,-119.84249,2.5,"SANTA BARBARA MUNICIPAL AIRPORT, CA US",0,261,72,19,52,26,86
USW00023190,2010-05-08,34.4241,-119.84249,2.5,"SANTA BARBARA MUNICIPAL AIRPORT, CA US",0,261,100,29,58,31,86
USW00023190,2010-05-09,34.4241,-119.84249,2.5,"SANTA BARBARA MUNICIPAL AIRPORT, CA US",0,228,100,41,57,32,83
USW00023190,2010-05-10,34.4241,-119.84249,2.5,"SANTA BARBARA MUNICIPAL AIRPORT, CA US",0,211,83,44,55,37,77
USW00023190,2010-05-11,34.4241,-119.84249,2.5,"SANTA BARBARA MUNICIPAL AIRPORT, CA US",0,206,100,62,48,35,69
USW00023190,2010-05-12,34.4241,-119.84249,2.5,"SANTA BARBARA MUNICIPAL AIRPORT, CA US",0,228,83,28,61,36,81
USW00023190,2010-05-13,34.4241,-119.84249,2.5,"SANTA BARBARA MUNICIPAL AIRPORT, CA US",0,194,122,27,74,56,93
USW00023190,2010-05-14,34.4241,-119.84249,2.5,"SANTA BARBARA MUNICIPAL AIRPORT, CA US",0,161,106,23,91,75,100
USW00023190,2010-05-15,34.4241,-119.84249,2.5,"SANTA BARBARA MUNICIPAL AIRPORT, CA US",0,178,111,24,87,70,97
USW00023190,2010-05-16,34.4241,-119.84249,2.5,"SANTA BARBARA MUNICIPAL AIRPORT, CA US",0,161,111,26,85,74,97
USW00023190,2010-05-17,34.4241,-119.84249,2.5,"SANTA BARBARA MUNICIPAL AIRPORT, CA US",10,156,106,11,87,78,97
USW00023190,2010-05-18,34.4241,-119.84249,2.5,"SANTA BARBARA MUNICIPAL AIRPORT, CA US",25,167,117,24,94,84,100
USW00023190,2010-05-19,34.4241,-119.84249,2.5,"SANTA BARBARA MUNICIPAL AIRPORT, CA US",0,244,111,26,75,35,100
USW00023190,2010-05-20,34.4241,-119.84249,2.5,"SANTA BARBARA MUNICIPAL AIRPORT, CA US",0,289,150,50,41,25,63
USW00023190,2010-05-21,34.4241,-119.84249,2.5,"SANTA BARBARA MUNICIPAL AIRPORT, CA US",0,256,111,54,43,28,65
USW00023190,2010-05-22,34.4241,-119.84249,2.5,"SANTA BARBARA MUNICIPAL AIRPORT, CA US",0,228,106,64,39,28,61
USW00023190,2010-05-23,34.4241,-119.84249,2.5,"SANTA BARBARA MUNICIPAL AIRPORT, CA US",0,217,100,62,42,26,66
USW00023190,2010-05-24,34.4241,-119.84249,2.5,"SANTA BARBARA MUNICIPAL AIRPORT, CA US",0,183,94,32,62,48,77
USW00023190,2010-05-25,34.4241,-119.84249,2.5,"SANTA BARBARA MUNICIPAL AIRPORT, CA US",0,189,67,29,80,50,97
USW00023190,2010-05-26,34.4241,-119.84249,2.5,"SANTA BARBARA MUNICIPAL AIRPORT, CA US",0,172,122,32,85,75,93
USW00023190,2010-05-27,34.4241,-119.84249,2.5,"SANTA BARBARA MUNICIPAL AIRPORT, CA US",0,189,117,35,75,51,93
USW00023190,2010-05-28,34.4241,-119.84249,2.5,"SANTA BARBARA MUNICIPAL AIRPORT, CA US",0,267,122,53,43,17,64
USW00023190,2010-05-29,34.4241,-119.84249,2.5,"SANTA BARBARA MUNICIPAL AIRPORT, CA US",0,278,128,30,44,20,87
USW00023190,2010-05-30,34.4241,-119.84249,2.5,"SANTA BARBARA MUNICIPAL AIRPORT, CA US",0,222,106,18,73,51,90
USW00023190,2010-05-31,34.4241,-119.84249,2.5,"SANTA BARBARA MUNICIPAL AIRPORT, CA US",0,194,133,30,83,70,93
USW00023190,2010-06-01,34.4241,-119.84249,2.5,"SANTA BARBARA MUNICIPAL AIRPORT, CA US",0,172,111,19,87,73,96
USW00023190,2010-06-02,34.4241,-119.84249,2.5,"SANTA BARBARA MUNICIPAL AIRPORT, CA US",0,183,100,18,84,68,97
USW00023190,2010-06-03,34.4241,-119.84249,2.5,"SANTA BARBARA MUNICIPAL AIRPORT, CA US",0,167,106,22,91,80,97
USW00023190,2010-06-04,34.4241,-119.84249,2.5,"SANTA BARBARA MUNICIPAL AIRPORT, CA US",0,167,128,26,94,84,100
USW00023190,2010-06-05,34.4241,-119.84249,2.5,"SANTA BARBARA MUNICIPAL AIRPORT, CA US",0,189,139,25,90,78,97
USW00023190,2010-06-06,34.4241,-119.84249,2.5,"SANTA BARBARA MUNICIPAL AIRPORT, CA US",0,194,144,20,88,75,100
USW00023190,2010-06-07,34.4241,-119.84249,2.5,"SANTA BARBARA MUNICIPAL AIRPORT, CA US",0,183,144,19,90,75,100
USW00023190,2010-06-08,34.4241,-119.84249,2.5,"SANTA BARBARA MUNICIPAL AIRPORT, CA US",0,183,128,23,86,73,97
USW00023190,2010-06-09,34.4241,-119.84249,2.5,"SANTA BARBARA MUNICIPAL AIRPORT, CA US",0,194,111,30,79,68,93
USW00023190,2010-06-10,34.4241,-119.84249,2.5,"SANTA BARBARA MUNICIPAL AIRPORT, CA US",0,206,150,,65,44,88
USW00023190,2010-06-11,34.4241,-119.84249,2.5,"SANTA BARBARA MUNICIPAL AIRPORT, CA US",0,200,106,25,78,67,90
USW00023190,2010-06-12,34.4241,-119.84249,2.5,"SANTA BARBARA MUNICIPAL AIRPORT, CA US",0,206,106,20,80,66,93
USW00023190,2010-06-13,34.4241,-119.84249,2.5,"SANTA BARBARA MUNICIPAL AIRPORT, CA US",0,189,117,26,86,73,96
USW00023190,2010-06-14,34.4241,-119.84249,2.5,"SANTA BARBARA MUNICIPAL AIRPORT, CA US",0,200,133,25,87,68,100
USW00023190,2010-06-15,34.4241,-119.84249,2.5,"SANTA BARBARA MUNICIPAL AIRPORT, CA US",0,206,117,28,81,61,93
USW00023190,2010-06-16,34.4241,-119.84249,2.5,"SANTA BARBARA MUNICIPAL AIRPORT, CA US",0,194,94,27,75,61,89
USW00023190,2010-06-17,34.4241,-119.84249,2.5,"SANTA BARBARA MUNICIPAL AIRPORT, CA US",0,206,106,20,80,63,93
USW00023190,2010-06-18,34.4241,-119.84249,2.5,"SANTA BARBARA MUNICIPAL AIRPORT, CA US",0,233,106,27,66,44,93
USW00023190,2010-06-19,34.4241,-119.84249,2.5,"SANTA BARBARA MUNICIPAL AIRPORT, CA US",0,244,94,22,66,40,83
USW00023190,2010-06-20,34.4241,-119.84249,2.5,"SANTA BARBARA MUNICIPAL AIRPORT, CA US",0,228,106,22,71,51,89
USW00023190,2010-06-21,34.4241,-119.84249,2.5,"SANTA BARBARA MUNICIPAL AIRPORT, CA US",0,194,133,29,82,65,93
USW00023190,2010-06-22,34.4241,-119.84249,2.5,"SANTA BARBARA MUNICIPAL AIRPORT, CA US",0,183,133,23,89,73,97
USW00023190,2010-06-23,34.4241,-119.84249,2.5,"SANTA BARBARA MUNICIPAL AIRPORT, CA US",0,178,128,20,90,78,97
USW00023190,2010-06-24,34.4241,-119.84249,2.5,"SANTA BARBARA MUNICIPAL AIRPORT, CA US",0,183,139,23,83,73,93
USW00023190,2010-06-25,34.4241,-119.84249,2.5,"SANTA BARBARA MUNICIPAL AIRPORT, CA US",0,233,122,26,76,53,93
USW00023190,2010-06-26,34.4241,-119.84249,2.5,"SANTA BARBARA MUNICIPAL AIRPORT, CA US",0,194,122,24,84,68,93
USW00023190,2010-06-27,34.4241,-119.84249,2.5,"SANTA BARBARA MUNICIPAL AIRPORT, CA US",0,189,122,22,88,73,97
USW00023190,2010-06-28,34.4241,-119.84249,2.5,"SANTA BARBARA MUNICIPAL AIRPORT, CA US",0,194,139,27,91,81,97
USW00023190,2010-06-29,34.4241,-119.84249,2.5,"SANTA BARBARA MUNICIPAL AIRPORT, CA US",0,161,144,26,92,86,96
USW00023190,2010-06-30,34.4241,-119.84249,2.5,"SANTA BARBARA MUNICIPAL AIRPORT, CA US",0,178,128,15,90,84,100
USW00023190,2010-07-01,34.4241,-119.84249,2.5,"SANTA BARBARA MUNICIPAL AIRPORT, CA US",0,222,106,23,78,59,97
USW00023190,2010-07-02,34.4241,-119.84249,2.5,"SANTA BARBARA MUNICIPAL AIRPORT, CA US",0,233,128,26,76,51,90
USW00023190,2010-07-03,34.4241,-119.84249,2.5,"SANTA BARBARA MUNICIPAL AIRPORT, CA US",0,189,139,31,82,70,93
USW00023190,2010-07-04,34.4241,-119.84249,2.5,"SANTA BARBARA MUNICIPAL AIRPORT, CA US",0,200,122,20,85,68,97
USW00023190,2010-07-05,34.4241,-119.84249,2.5,"SANTA BARBARA MUNICIPAL AIRPORT, CA US",0,178,122,20,84,76,97
USW00023190,2010-07-06,34.4241,-119.84249,2.5,"SANTA BARBARA MUNICIPAL AIRPORT, CA US",0,194,139,26,83,68,97
USW00023190,2010-07-07,34.4241,-119.84249,2.5,"SANTA BARBARA MUNICIPAL AIRPORT, CA US",0,189,122,24,79,68,87
USW00023190,2010-07-08,34.4241,-119.84249,2.5,"SANTA BARBARA MUNICIPAL AIRPORT, CA US",0,194,122,25,82,66,93
USW00023190,2010-07-09,34.4241,-119.84249,2.5,"SANTA BARBARA MUNICIPAL AIRPORT, CA US",0,200,144,26,82,66,90
USW00023190,2010-07-10,34.4241,-119.84249,2.5,"SANTA BARBARA MUNICIPAL AIRPORT, CA US",0,200,150,24,84,71,93
USW00023190,2010-07-11,34.4241,-119.84249,2.5,"SANTA BARBARA MUNICIPAL AIRPORT, CA US",0,200,150,31,85,73,93
USW00023190,2010-07-12,34.4241,-119.84249,2.5,"SANTA BARBARA MUNICIPAL AIRPORT, CA US",0,200,150,31,80,65,93
USW00023190,2010-07-13,34.4241,-119.84249,2.5,"SANTA BARBARA MUNICIPAL AIRPORT, CA US",0,294,122,24,67,38,93
USW00023190,2010-07-14,34.4241,-119.84249,2.5,"SANTA BARBARA MUNICIPAL AIRPORT, CA US",0,261,156,18,70,52,90
USW00023190,2010-07-15,34.4241,-119.84249,2.5,"SANTA BARBARA MUNICIPAL AIRPORT, CA US",0,261,161,21,71,49,86
USW00023190,2010-07-16,34.4241,-119.84249,2.5,"SANTA BARBARA MUNICIPAL AIRPORT, CA US",0,261,161,26,74,52,87
USW00023190,2010-07-17,34.4241,-119.84249,2.5,"SANTA BARBARA MUNICIPAL AIRPORT, CA US",0,261,161,24,76,52,90
USW00023190,2010-07-18,34.4241,-119.84249,2.5,"SANTA BARBARA MUNICIPAL AIRPORT, CA US",0,244,144,19,76,57,90
USW00023190,2010-07-19,34.4241,-119.84249,2.5,"SANTA BARBARA MUNICIPAL AIRPORT, CA US",0,217,139,22,84,73,96
USW00023190,2010-07-20,34.4241,-119.84249,2.5,"SANTA BARBARA MUNICIPAL AIRPORT, CA US",0,217,133,24,85,68,100
USW00023190,2010-07-21,34.4241,-119.84249,2.5,"SANTA BARBARA MUNICIPAL AIRPORT, CA US",0,211,144,23,82,68,93
USW00023190,2010-07-22,34.4241,-119.84249,2.5,"SANTA BARBARA MUNICIPAL AIRPORT, CA US",0,217,133,21,82,66,96
USW00023190,2010-07-23,34.4241,-119.84249,2.5,"SANTA BARBARA MUNICIPAL AIRPORT, CA US",0,189,133,22,88,73,97
USW00023190,2010-07-24,34.4241,-119.84249,2.5,"SANTA BARBARA MUNICIPAL AIRPORT, CA US",0,206,128,22,85,68,97
USW00023190,2010-07-25,34.4241,-119.84249,2.5,"SANTA BARBARA MUNICIPAL AIRPORT, CA US",0,194,139,27,83,68,93
USW00023190,2010-07-26,34.4241,-119.84249,2.5,"SANTA BARBARA MUNICIPAL AIRPORT, CA US",0,183,122,25,83,70,93
USW00023190,2010-07-27,34.4241,-119.84249,2.5,"SANTA BARBARA MUNICIPAL AIRPORT, CA US",0,194,94,24,79,59,97
USW00023190,2010-07-28,34.4241,-119.84249,2.5,"SANTA BARBARA MUNICIPAL AIRPORT, CA US",0,200,94,26,78,59,93
USW00023190,2010-07-29,34.4241,-119.84249,2.5,"SANTA BARBARA MUNICIPAL AIRPORT, CA US",0,211,89,25,78,57,96
USW00023190,2010-07-30,34.4241,-119.84249,2.5,"SANTA BARBARA MUNICIPAL AIRPORT, CA US",0,189,133,25,83,70,93
USW00023190,2010-07-31,34.4241,-119.84249,2.5,"SANTA BARBARA MUNICIPAL AIRPORT, CA US",0,200,133,24,85,71,97
USW00023190,2010-08-01,34.4241,-119.84249,2.5,"SANTA BARBARA MUNICIPAL AIRPORT, CA US",0,183,133,19,88,73,97
USW00023190,2010-08-02,34.4241,-119.84249,2.5,"SANTA BARBARA MUNICIPAL AIRPORT, CA US",0,206,128,24,84,65,100
USW00023190,2010-08-03,34.4241,-119.84249,2.5,"SANTA BARBARA MUNICIPAL AIRPORT, CA US",0,211,117,18,85,61,100
USW00023190,2010-08-04,34.4241,-119.84249,2.5,"SANTA BARBARA MUNICIPAL AIRPORT, CA US",0,189,139,30,86,73,97
USW00023190,2010-08-05,34.4241,-119.84249,2.5,"SANTA BARBARA MUNICIPAL AIRPORT, CA US",0,194,144,28,83,65,93
USW00023190,2010-08-06,34.4241,-119.84249,2.5,"SANTA BARBARA MUNICIPAL AIRPORT, CA US",0,189,122,26,84,68,93
USW00023190,2010-08-07,34.4241,-119.84249,2.5,"SANTA BARBARA MUNICIPAL AIRPORT, CA US",0,189,133,26,85,73,97
USW00023190,2010-08-08,34.4241,-119.84249,2.5,"SANTA BARBARA MUNICIPAL AIRPORT, CA US",0,200,128,23,81,65,96
USW00023190,2010-08-09,34.4241,-119.84249,2.5,"SANTA BARBARA MUNICIPAL AIRPORT, CA US",0,200,106,22,82,65,93
USW00023190,2010-08-10,34.4241,-119.84249,2.5,"SANTA BARBARA MUNICIPAL AIRPORT, CA US",0,194,128,26,85,68,96
USW00023190,2010-08-11,34.4241,-119.84249,2.5,"SANTA BARBARA MUNICIPAL AIRPORT, CA US",0,194,122,25,83,65,93
USW00023190,2010-08-12,34.4241,-119.84249,2.5,"SANTA BARBARA MUNICIPAL AIRPORT, CA US",0,211,106,23,83,61,97
USW00023190,2010-08-13,34.4241,-119.84249,2.5,"SANTA BARBARA MUNICIPAL AIRPORT, CA US",0,206,122,22,83,66,96
USW00023190,2010-08-14,34.4241,-119.84249,2.5,"SANTA BARBARA MUNICIPAL AIRPORT, CA US",0,211,117,16,82,63,97
USW00023190,2010-08-15,34.4241,-119.84249,2.5,"SANTA BARBARA MUNICIPAL AIRPORT, CA US",0,222,106,25,80,57,97
USW00023190,2010-08-16,34.4241,-119.84249,2.5,"SANTA BARBARA MUNICIPAL AIRPORT, CA US",0,228,117,22,81,57,97
USW00023190,2010-08-17,34.4241,-119.84249,2.5,"SANTA BARBARA MUNICIPAL AIRPORT, CA US",0,233,128,16,80,52,100
USW00023190,2010-08-18,34.4241,-119.84249,2.5,"SANTA BARBARA MUNICIPAL AIRPORT, CA US",0,261,144,15,71,47,90
USW00023190,2010-08-19,34.4241,-119.84249,2.5,"SANTA BARBARA MUNICIPAL AIRPORT, CA US",0,233,144,,77,55,94
USW00023190,2010-08-20,34.4241,-119.84249,2.5,"SANTA BARBARA MUNICIPAL AIRPORT, CA US",0,228,117,16,81,53,100
USW00023190,2010-08-21,34.4241,-119.84249,2.5,"SANTA BARBARA MUNICIPAL AIRPORT, CA US",0,233,111,20,81,55,100
USW00023190,2010-08-22,34.4241,-119.84249,2.5,"SANTA BARBARA MUNICIPAL AIRPORT, CA US",0,239,122,14,78,48,93
USW00023190,2010-08-23,34.4241,-119.84249,2.5,"SANTA BARBARA MUNICIPAL AIRPORT, CA US",0,261,117,16,70,35,93
USW00023190,2010-08-24,34.4241,-119.84249,2.5,"SANTA BARBARA MUNICIPAL AIRPORT, CA US",0,261,111,21,75,40,97
USW00023190,2010-08-25,34.4241,-119.84249,2.5,"SANTA BARBARA MUNICIPAL AIRPORT, CA US",0,194,128,27,91,73,100
USW00023190,2010-08-26,34.4241,-119.84249,2.5,"SANTA BARBARA MUNICIPAL AIRPORT, CA US",0,211,128,19,85,68,100
USW00023190,2010-08-27,34.4241,-119.84249,2.5,"SANTA BARBARA MUNICIPAL AIRPORT, CA US",0,189,111,24,87,73,97
USW00023190,2010-08-28,34.4241,-119.84249,2.5,"SANTA BARBARA MUNICIPAL AIRPORT, CA US",0,200,106,24,74,56,96
USW00023190,2010-08-29,34.4241,-119.84249,2.5,"SANTA BARBARA MUNICIPAL AIRPORT, CA US",0,217,100,24,74,51,89
USW00023190,2010-08-30,34.4241,-119.84249,2.5,"SANTA BARBARA MUNICIPAL AIRPORT, CA US",0,217,89,16,76,49,93
USW00023190,2010-08-31,34.4241,-119.84249,2.5,"SANTA BARBARA MUNICIPAL AIRPORT, CA US",0,222,106,20,78,53,100
USW00023190,2010-09-01,34.4241,-119.84249,2.5,"SANTA BARBARA MUNICIPAL AIRPORT, CA US",0,189,122,17,92,73,100
USW00023190,2010-09-02,34.4241,-119.84249,2.5,"SANTA BARBARA MUNICIPAL AIRPORT, CA US",0,194,122,23,92,73,100
USW00023190,2010-09-03,34.4241,-119.84249,2.5,"SANTA BARBARA MUNICIPAL AIRPORT, CA US",0,200,117,23,87,68,100
USW00023190,2010-09-04,34.4241,-119.84249,2.5,"SANTA BARBARA MUNICIPAL AIRPORT, CA US",0,228,100,15,82,61,97
USW00023190,2010-09-05,34.4241,-119.84249,2.5,"SANTA BARBARA MUNICIPAL AIRPORT, CA US",0,189,111,23,89,70,97
USW00023190,2010-09-06,34.4241,-119.84249,2.5,"SANTA BARBARA MUNICIPAL AIRPORT, CA US",0,194,139,26,83,70,93
USW00023190,2010-09-07,34.4241,-119.84249,2.5,"SANTA BARBARA MUNICIPAL AIRPORT, CA US",0,194,139,17,84,75,93
USW00023190,2010-09-08,34.4241,-119.84249,2.5,"SANTA BARBARA MUNICIPAL AIRPORT, CA US",0,211,117,22,79,59,96
USW00023190,2010-09-09,34.4241,-119.84249,2.5,"SANTA BARBARA MUNICIPAL AIRPORT, CA US",0,206,94,18,81,61,100
USW00023190,2010-09-10,34.4241,-119.84249,2.5,"SANTA BARBARA MUNICIPAL AIRPORT, CA US",0,200,89,22,84,68,100
USW00023190,2010-09-11,34.4241,-119.84249,2.5,"SANTA BARBARA MUNICIPAL AIRPORT, CA US",0,178,117,24,90,75,100
USW00023190,2010-09-12,34.4241,-119.84249,2.5,"SANTA BARBARA MUNICIPAL AIRPORT, CA US",0,183,122,24,87,70,100
USW00023190,2010-09-13,34.4241,-119.84249,2.5,"SANTA BARBARA MUNICIPAL AIRPORT, CA US",0,206,100,17,82,59,97
USW00023190,2010-09-14,34.4241,-119.84249,2.5,"SANTA BARBARA MUNICIPAL AIRPORT, CA US",0,206,78,16,81,57,100
USW00023190,2010-09-15,34.4241,-119.84249,2.5,"SANTA BARBARA MUNICIPAL AIRPORT, CA US",0,200,106,23,86,65,97
USW00023190,2010-09-16,34.4241,-119.84249,2.5,"SANTA BARBARA MUNICIPAL AIRPORT, CA US",0,206,83,21,89,70,100
USW00023190,2010-09-17,34.4241,-119.84249,2.5,"SANTA BARBARA MUNICIPAL AIRPORT, CA US",0,178,128,16,91,73,100
USW00023190,2010-09-18,34.4241,-119.84249,2.5,"SANTA BARBARA MUNICIPAL AIRPORT, CA US",0,194,117,13,90,73,100
USW00023190,2010-09-19,34.4241,-119.84249,2.5,"SANTA BARBARA MUNICIPAL AIRPORT, CA US",0,206,106,17,86,68,100
USW00023190,2010-09-20,34.4241,-119.84249,2.5,"SANTA BARBARA MUNICIPAL AIRPORT, CA US",0,206,100,21,86,70,97
USW00023190,2010-09-21,34.4241,-119.84249,2.5,"SANTA BARBARA MUNICIPAL AIRPORT, CA US",0,183,117,18,87,73,96
USW00023190,2010-09-22,34.4241,-119.84249,2.5,"SANTA BARBARA MUNICIPAL AIRPORT, CA US",0,239,94,31,67,41,93
USW00023190,2010-09-23,34.4241,-119.84249,2.5,"SANTA BARBARA MUNICIPAL AIRPORT, CA US",0,217,83,17,77,51,93
USW00023190,2010-09-24,34.4241,-119.84249,2.5,"SANTA BARBARA MUNICIPAL AIRPORT, CA US",0,267,111,18,71,39,93
USW00023190,2010-09-25,34.4241,-119.84249,2.5,"SANTA BARBARA MUNICIPAL AIRPORT, CA US",0,294,117,22,66,30,90
USW00023190,2010-09-26,34.4241,-119.84249,2.5,"SANTA BARBARA MUNICIPAL AIRPORT, CA US",0,289,111,13,67,31,93
USW00023190,2010-09-27,34.4241,-119.84249,2.5,"SANTA BARBARA MUNICIPAL AIRPORT, CA US",0,378,144,22,45,12,90
USW00023190,2010-09-28,34.4241,-119.84249,2.5,"SANTA BARBARA MUNICIPAL AIRPORT, CA US",0,294,161,27,60,38,87
USW00023190,2010-09-29,34.4241,-119.84249,2.5,"SANTA BARBARA MUNICIPAL AIRPORT, CA US",0,256,139,16,74,56,93
USW00023190,2010-09-30,34.4241,-119.84249,2.5,"SANTA BARBARA MUNICIPAL AIRPORT, CA US",0,256,144,18,82,56,100
USW00023190,2010-10-01,34.4241,-119.84249,2.5,"SANTA BARBARA MUNICIPAL AIRPORT, CA US",0,244,161,22,82,56,93
USW00023190,2010-10-02,34.4241,-119.84249,2.5,"SANTA BARBARA MUNICIPAL AIRPORT, CA US",0,244,144,16,83,60,97
USW00023190,2010-10-03,34.4241,-119.84249,2.5,"SANTA BARBARA MUNICIPAL AIRPORT, CA US",0,183,150,18,93,84,100
USW00023190,2010-10-04,34.4241,-119.84249,2.5,"SANTA BARBARA MUNICIPAL AIRPORT, CA US",0,233,128,31,69,30,100
USW00023190,2010-10-05,34.4241,-119.84249,2.5,"SANTA BARBARA MUNICIPAL AIRPORT, CA US",20,189,100,26,76,59,93
USW00023190,2010-10-06,34.4241,-119.84249,2.5,"SANTA BARBARA MUNICIPAL AIRPORT, CA US",155,178,122,29,85,68,97
USW00023190,2010-10-07,34.4241,-119.84249,2.5,"SANTA BARBARA MUNICIPAL AIRPORT, CA US",0,206,111,17,72,53,87
USW00023190,2010-10-08,34.4241,-119.84249,2.5,"SANTA BARBARA MUNICIPAL AIRPORT, CA US",0,222,89,13,79,49,93
USW00023190,2010-10-09,34.4241,-119.84249,2.5,"SANTA BARBARA MUNICIPAL AIRPORT, CA US",0,261,100,10,74,37,96
USW00023190,2010-10-10,34.4241,-119.84249,2.5,"SANTA BARBARA MUNICIPAL AIRPORT, CA US",0,289,117,13,73,31,93
USW00023190,2010-10-11,34.4241,-119.84249,2.5,"SANTA BARBARA MUNICIPAL AIRPORT, CA US",0,222,139,16,90,68,100
USW00023190,2010-10-12,34.4241,-119.84249,2.5,"SANTA BARBARA MUNICIPAL AIRPORT, CA US",0,200,156,23,89,76,100
USW00023190,2010-10-13,34.4241,-119.84249,2.5,"SANTA BARBARA MUNICIPAL AIRPORT, CA US",0,194,144,20,96,79,100
USW00023190,2010-10-14,34.4241,-119.84249,2.5,"SANTA BARBARA MUNICIPAL AIRPORT, CA US",0,189,144,21,92,78,100
USW00023190,2010-10-15,34.4241,-119.84249,2.5,"SANTA BARBARA MUNICIPAL AIRPORT, CA US",0,172,156,14,93,86,97
USW00023190,2010-10-16,34.4241,-119.84249,2.5,"SANTA BARBARA MUNICIPAL AIRPORT, CA US",8,178,156,11,95,87,100
USW00023190,2010-10-17,34.4241,-119.84249,2.5,"SANTA BARBARA MUNICIPAL AIRPORT, CA US",13,172,150,13,94,86,100
USW00023190,2010-10-18,34.4241,-119.84249,2.5,"SANTA BARBARA MUNICIPAL AIRPORT, CA US",8,194,139,16,86,73,100
USW00023190,2010-10-19,34.4241,-119.84249,2.5,"SANTA BARBARA MUNICIPAL AIRPORT, CA US",124,200,144,24,91,68,100
USW00023190,2010-10-20,34.4241,-119.84249,2.5,"SANTA BARBARA MUNICIPAL AIRPORT, CA US",0,200,150,20,90,81,97
USW00023190,2010-10-21,34.4241,-119.84249,2.5,"SANTA BARBARA MUNICIPAL AIRPORT, CA US",3,172,122,25,88,78,97
USW00023190,2010-10-22,34.4241,-119.84249,2.5,"SANTA BARBARA MUNICIPAL AIRPORT, CA US",0,200,106,14,85,61,97
USW00023190,2010-10-23,34.4241,-119.84249,2.5,"SANTA BARBARA MUNICIPAL AIRPORT, CA US",0,200,122,15,79,57,96
USW00023190,2010-10-24,34.4241,-119.84249,2.5,"SANTA BARBARA MUNICIPAL AIRPORT, CA US",0,200,111,38,88,70,96
USW00023190,2010-10-25,34.4241,-119.84249,2.5,"SANTA BARBARA MUNICIPAL AIRPORT, CA US",0,267,156,48,46,17,87
USW00023190,2010-10-26,34.4241,-119.84249,2.5,"SANTA BARBARA MUNICIPAL AIRPORT, CA US",0,261,117,44,32,13,53
USW00023190,2010-10-27,34.4241,-119.84249,2.5,"SANTA BARBARA MUNICIPAL AIRPORT, CA US",0,244,78,8,43,15,66
USW00023190,2010-10-28,34.4241,-119.84249,2.5,"SANTA BARBARA MUNICIPAL AIRPORT, CA US",0,244,72,15,53,22,71
USW00023190,2010-10-29,34.4241,-119.84249,2.5,"SANTA BARBARA MUNICIPAL AIRPORT, CA US",43,211,72,21,68,37,96
USW00023190,2010-10-30,34.4241,-119.84249,2.5,"SANTA BARBARA MUNICIPAL AIRPORT, CA US",277,183,94,21,86,68,100
USW00023190,2010-10-31,34.4241,-119.84249,2.5,"SANTA BARBARA MUNICIPAL AIRPORT, CA US",0,200,78,13,84,65,97
USW00023190,2010-11-01,34.4241,-119.84249,2.5,"SANTA BARBARA MUNICIPAL AIRPORT, CA US",0,233,72,9,74,27,93
USW00023190,2010-11-02,34.4241,-119.84249,2.5,"SANTA BARBARA MUNICIPAL AIRPORT, CA US",0,317,89,13,60,18,90
USW00023190,2010-11-03,34.4241,-119.84249,2.5,"SANTA BARBARA MUNICIPAL AIRPORT, CA US",0,294,100,9,67,28,93
USW00023190,2010-11-04,34.4241,-119.84249,2.5,"SANTA BARBARA MUNICIPAL AIRPORT, CA US",0,306,106,5,59,22,87
USW00023190,2010-11-05,34.4241,-119.84249,2.5,"SANTA BARBARA MUNICIPAL AIRPORT, CA US",0,250,94,14,62,35,89
USW00023190,2010-11-06,34.4241,-119.84249,2.5,"SANTA BARBARA MUNICIPAL AIRPORT, CA US",0,194,106,17,82,59,97
USW00023190,2010-11-07,34.4241,-119.84249,2.5,"SANTA BARBARA MUNICIPAL AIRPORT, CA US",48,189,83,15,85,68,97
USW00023190,2010-11-08,34.4241,-119.84249,2.5,"SANTA BARBARA MUNICIPAL AIRPORT, CA US",0,200,83,38,53,26,100
USW00023190,2010-11-09,34.4241,-119.84249,2.5,"SANTA BARBARA MUNICIPAL AIRPORT, CA US",0,189,50,12,61,31,86
USW00023190,2010-11-10,34.4241,-119.84249,2.5,"SANTA BARBARA MUNICIPAL AIRPORT, CA US",0,228,61,40,51,28,83
USW00023190,2010-11-11,34.4241,-119.84249,2.5,"SANTA BARBARA MUNICIPAL AIRPORT, CA US",0,200,72,16,48,25,69
USW00023190,2010-11-12,34.4241,-119.84249,2.5,"SANTA BARBARA MUNICIPAL AIRPORT, CA US",0,206,33,11,55,30,73
USW00023190,2010-11-13,34.4241,-119.84249,2.5,"SANTA BARBARA MUNICIPAL AIRPORT, CA US",0,233,44,10,59,20,86
USW00023190,2010-11-14,34.4241,-119.84249,2.5,"SANTA BARBARA MUNICIPAL AIRPORT, CA US",0,239,56,14,56,22,83
USW00023190,2010-11-15,34.4241,-119.84249,2.5,"SANTA BARBARA MUNICIPAL AIRPORT, CA US",0,211,67,18,64,42,83
USW00023190,2010-11-16,34.4241,-119.84249,2.5,"SANTA BARBARA MUNICIPAL AIRPORT, CA US",0,161,61,9,88,81,100
USW00023190,2010-11-17,34.4241,-119.84249,2.5,"SANTA BARBARA MUNICIPAL AIRPORT, CA US",0,172,72,18,84,67,97
USW00023190,2010-11-18,34.4241,-119.84249,2.5,"SANTA BARBARA MUNICIPAL AIRPORT, CA US",0,167,67,18,89,78,100
USW00023190,2010-11-19,34.4241,-119.84249,2.5,"SANTA BARBARA MUNICIPAL AIRPORT, CA US",0,150,122,27,80,67,97
USW00023190,2010-11-20,34.4241,-119.84249,2.5,"SANTA BARBARA MUNICIPAL AIRPORT, CA US",137,167,61,26,79,50,100
USW00023190,2010-11-21,34.4241,-119.84249,2.5,"SANTA BARBARA MUNICIPAL AIRPORT, CA US",84,167,72,35,66,42,89
USW00023190,2010-11-22,34.4241,-119.84249,2.5,"SANTA BARBARA MUNICIPAL AIRPORT, CA US",0,189,67,33,59,33,80
USW00023190,2010-11-23,34.4241,-119.84249,2.5,"SANTA BARBARA MUNICIPAL AIRPORT, CA US",0,150,50,29,76,58,93
USW00023190,2010-11-24,34.4241,-119.84249,2.5,"SANTA BARBARA MUNICIPAL AIRPORT, CA US",0,156,56,33,43,30,71
USW00023190,2010-11-25,34.4241,-119.84249,2.5,"SANTA BARBARA MUNICIPAL AIRPORT, CA US",0,150,6,14,59,29,79
USW00023190,2010-11-26,34.4241,-119.84249,2.5,"SANTA BARBARA MUNICIPAL AIRPORT, CA US",0,156,6,9,75,53,89
USW00023190,2010-11-27,34.4241,-119.84249,2.5,"SANTA BARBARA MUNICIPAL AIRPORT, CA US",3,161,6,29,75,38,96
USW00023190,2010-11-28,34.4241,-119.84249,2.5,"SANTA BARBARA MUNICIPAL AIRPORT, CA US",0,161,50,68,42,26,63
USW00023190,2010-11-29,34.4241,-119.84249,2.5,"SANTA BARBARA MUNICIPAL AIRPORT, CA US",0,144,17,18,51,27,76
USW00023190,2010-11-30,34.4241,-119.84249,2.5,"SANTA BARBARA MUNICIPAL AIRPORT, CA US",0,161,0,10,56,22,82
USW00023190,2010-12-01,34.4241,-119.84249,2.5,"SANTA BARBARA MUNICIPAL AIRPORT, CA US",0,178,11,6,61,29,83
USW00023190,2010-12-02,34.4241,-119.84249,2.5,"SANTA BARBARA MUNICIPAL AIRPORT, CA US",0,178,22,5,63,36,82
USW00023190,2010-12-03,34.4241,-119.84249,2.5,"SANTA BARBARA MUNICIPAL AIRPORT, CA US",0,167,50,9,71,44,93
USW00023190,2010-12-04,34.4241,-119.84249,2.5,"SANTA BARBARA MUNICIPAL AIRPORT, CA US",3,150,94,16,81,60,92
USW00023190,2010-12-05,34.4241,-119.84249,2.5,"SANTA BARBARA MUNICIPAL AIRPORT, CA US",157,156,67,19,81,60,97
USW00023190,2010-12-06,34.4241,-119.84249,2.5,"SANTA BARBARA MUNICIPAL AIRPORT, CA US",0,172,50,7,91,73,100
USW00023190,2010-12-07,34.4241,-119.84249,2.5,"SANTA BARBARA MUNICIPAL AIRPORT, CA US",0,194,22,10,83,49,97
USW00023190,2010-12-08,34.4241,-119.84249,2.5,"SANTA BARBARA MUNICIPAL AIRPORT, CA US",0,183,33,6,81,43,97
USW00023190,2010-12-09,34.4241,-119.84249,2.5,"SANTA BARBARA MUNICIPAL AIRPORT, CA US",0,194,61,18,80,59,93
USW00023190,2010-12-10,34.4241,-119.84249,2.5,"SANTA BARBARA MUNICIPAL AIRPORT, CA US",0,250,106,31,70,50,83
USW00023190,2010-12-11,34.4241,-119.84249,2.5,"SANTA BARBARA MUNICIPAL AIRPORT, CA US",0,222,100,22,71,46,89
USW00023190,2010-12-12,34.4241,-119.84249,2.5,"SANTA BARBARA MUNICIPAL AIRPORT, CA US",0,250,78,6,69,34,90
USW00023190,2010-12-13,34.4241,-119.84249,2.5,"SANTA BARBARA MUNICIPAL AIRPORT, CA US",0,194,61,9,86,61,100
USW00023190,2010-12-14,34.4241,-119.84249,2.5,"SANTA BARBARA MUNICIPAL AIRPORT, CA US",0,133,83,15,93,83,100
USW00023190,2010-12-15,34.4241,-119.84249,2.5,"SANTA BARBARA MUNICIPAL AIRPORT, CA US",0,144,111,14,92,87,97
USW00023190,2010-12-16,34.4241,-119.84249,2.5,"SANTA BARBARA MUNICIPAL AIRPORT, CA US",0,150,89,15,85,72,97
USW00023190,2010-12-17,34.4241,-119.84249,2.5,"SANTA BARBARA MUNICIPAL AIRPORT, CA US",130,144,106,35,91,83,97
USW00023190,2010-12-18,34.4241,-119.84249,2.5,"SANTA BARBARA MUNICIPAL AIRPORT, CA US",711,144,133,37,94,87,97
USW00023190,2010-12-19,34.4241,-119.84249,2.5,"SANTA BARBARA MUNICIPAL AIRPORT, CA US",709,156,128,24,98,96,100
USW00023190,2010-12-20,34.4241,-119.84249,2.5,"SANTA BARBARA MUNICIPAL AIRPORT, CA US",165,128,111,11,94,89,97
USW00023190,2010-12-21,34.4241,-119.84249,2.5,"SANTA BARBARA MUNICIPAL AIRPORT, CA US",99,150,106,32,93,78,97
USW00023190,2010-12-22,34.4241,-119.84249,2.5,"SANTA BARBARA MUNICIPAL AIRPORT, CA US",203,156,106,23,91,78,100
USW00023190,2010-12-23,34.4241,-119.84249,2.5,"SANTA BARBARA MUNICIPAL AIRPORT, CA US",0,156,67,9,88,75,97
USW00023190,2010-12-24,34.4241,-119.84249,2.5,"SANTA BARBARA MUNICIPAL AIRPORT, CA US",0,161,56,9,89,72,97
USW00023190,2010-12-25,34.4241,-119.84249,2.5,"SANTA BARBARA MUNICIPAL AIRPORT, CA US",218,133,56,35,90,77,100
USW00023190,2010-12-26,34.4241,-119.84249,2.5,"SANTA BARBARA MUNICIPAL AIRPORT, CA US",0,172,61,19,63,43,93
USW00023190,2010-12-27,34.4241,-119.84249,2.5,"SANTA BARBARA MUNICIPAL AIRPORT, CA US",0,172,28,8,78,52,93
USW00023190,2010-12-28,34.4241,-119.84249,2.5,"SANTA BARBARA MUNICIPAL AIRPORT, CA US",0,172,33,8,81,62,89
USW00023190,2010-12-29,34.4241,-119.84249,2.5,"SANTA BARBARA MUNICIPAL AIRPORT, CA US",183,156,89,47,73,48,96
USW00023190,2010-12-30,34.4241,-119.84249,2.5,"SANTA BARBARA MUNICIPAL AIRPORT, CA US",0,133,33,50,42,22,70
USW00023190,2010-12-31,34.4241,-119.84249,2.5,"SANTA BARBARA MUNICIPAL AIRPORT, CA US",0,122,17,12,62,43,83
USW00023190,2011-01-01,34.4241,-119.84249,2.5,"SANTA BARBARA MUNICIPAL AIRPORT, CA US",0,133,33,23,64,37,83
USW00023190,2011-01-02,34.4241,-119.84249,2.5,"SANTA BARBARA MUNICIPAL AIRPORT, CA US",180,128,78,47,73,45,93
USW00023190,2011-01-03,34.4241,-119.84249,2.5,"SANTA BARBARA MUNICIPAL AIRPORT, CA US",69,139,50,8,83,60,96
USW00023190,2011-01-04,34.4241,-119.84249,2.5,"SANTA BARBARA MUNICIPAL AIRPORT, CA US",0,167,22,4,74,38,97
USW00023190,2011-01-05,34.4241,-119.84249,2.5,"SANTA BARBARA MUNICIPAL AIRPORT, CA US",0,150,22,8,83,58,97
USW00023190,2011-01-06,34.4241,-119.84249,2.5,"SANTA BARBARA MUNICIPAL AIRPORT, CA US",0,172,28,5,69,39,93
USW00023190,2011-01-07,34.4241,-119.84249,2.5,"SANTA BARBARA MUNICIPAL AIRPORT, CA US",0,156,67,10,79,62,93
USW00023190,2011-01-08,34.4241,-119.84249,2.5,"SANTA BARBARA MUNICIPAL AIRPORT, CA US",0,133,28,12,85,67,100
USW00023190,2011-01-09,34.4241,-119.84249,2.5,"SANTA BARBARA MUNICIPAL AIRPORT, CA US",0,133,22,7,82,59,100
USW00023190,2011-01-10,34.4241,-119.84249,2.5,"SANTA BARBARA MUNICIPAL AIRPORT, CA US",0,144,22,9,78,47,93
USW00023190,2011-01-11,34.4241,-119.84249,2.5,"SANTA BARBARA MUNICIPAL AIRPORT, CA US",0,150,56,8,68,38,86
USW00023190,2011-01-12,34.4241,-119.84249,2.5,"SANTA BARBARA MUNICIPAL AIRPORT, CA US",0,167,44,6,73,49,89
USW00023190,2011-01-13,34.4241,-119.84249,2.5,"SANTA BARBARA MUNICIPAL AIRPORT, CA US",0,200,33,11,70,35,89
USW00023190,2011-01-14,34.4241,-119.84249,2.5,"SANTA BARBARA MUNICIPAL AIRPORT, CA US",0,233,72,17,61,28,86
USW00023190,2011-01-15,34.4241,-119.84249,2.5,"SANTA BARBARA MUNICIPAL AIRPORT, CA US",0,239,56,13,63,25,89
USW00023190,2011-01-16,34.4241,-119.84249,2.5,"SANTA BARBARA MUNICIPAL AIRPORT, CA US",0,267,89,13,61,35,80
USW00023190,2011-01-17,34.4241,-119.84249,2.5,"SANTA BARBARA MUNICIPAL AIRPORT, CA US",0,267,117,17,66,23,84
USW00023190,2011-01-18,34.4241,-119.84249,2.5,"SANTA BARBARA MUNICIPAL AIRPORT, CA US",0,244,83,9,76,28,97
USW00023190,2011-01-19,34.4241,-119.84249,2.5,"SANTA BARBARA MUNICIPAL AIRPORT, CA US",0,233,83,28,70,26,100
USW00023190,2011-01-20,34.4241,-119.84249,2.5,"SANTA BARBARA MUNICIPAL AIRPORT, CA US",0,200,56,18,70,35,100
USW00023190,2011-01-21,34.4241,-119.84249,2.5,"SANTA BARBARA MUNICIPAL AIRPORT, CA US",0,211,39,9,56,16,85
USW00023190,2011-01-22,34.4241,-119.84249,2.5,"SANTA BARBARA MUNICIPAL AIRPORT, CA US",0,183,44,6,70,38,90
USW00023190,2011-01-23,34.4241,-119.84249,2.5,"SANTA BARBARA MUNICIPAL AIRPORT, CA US",0,217,33,17,61,29,93
USW00023190,2011-01-24,34.4241,-119.84249,2.5,"SANTA BARBARA MUNICIPAL AIRPORT, CA US",0,233,39,8,66,22,90
USW00023190,2011-01-25,34.4241,-119.84249,2.5,"SANTA BARBARA MUNICIPAL AIRPORT, CA US",0,228,50,8,65,19,83
USW00023190,2011-01-26,34.4241,-119.84249,2.5,"SANTA BARBARA MUNICIPAL AIRPORT, CA US",0,244,50,7,59,21,85
USW00023190,2011-01-27,34.4241,-119.84249,2.5,"SANTA BARBARA MUNICIPAL AIRPORT, CA US",0,206,44,13,66,32,83
USW00023190,2011-01-28,34.4241,-119.84249,2.5,"SANTA BARBARA MUNICIPAL AIRPORT, CA US",0,200,39,11,70,32,90
USW00023190,2011-01-29,34.4241,-119.84249,2.5,"SANTA BARBARA MUNICIPAL AIRPORT, CA US",0,156,44,16,80,60,93
USW00023190,2011-01-30,34.4241,-119.84249,2.5,"SANTA BARBARA MUNICIPAL AIRPORT, CA US",53,161,72,32,80,62,93
USW00023190,2011-01-31,34.4241,-119.84249,2.5,"SANTA BARBARA MUNICIPAL AIRPORT, CA US",0,217,56,22,49,23,86
USW00023190,2011-02-01,34.4241,-119.84249,2.5,"SANTA BARBARA MUNICIPAL AIRPORT, CA US",0,156,44,14,73,41,93
USW00023190,2011-02-02,34.4241,-119.84249,2.5,"SANTA BARBARA MUNICIPAL AIRPORT, CA US",0,156,28,13,65,36,96
USW00023190,2011-02-03,34.4241,-119.84249,2.5,"SANTA BARBARA MUNICIPAL AIRPORT, CA US",0,161,22,14,70,53,86
USW00023190,2011-02-04,34.4241,-119.84249,2.5,"SANTA BARBARA MUNICIPAL AIRPORT, CA US",0,161,28,8,79,52,93
USW00023190,2011-02-05,34.4241,-119.84249,2.5,"SANTA BARBARA MUNICIPAL AIRPORT, CA US",0,167,39,13,87,75,97
USW00023190,2011-02-06,34.4241,-119.84249,2.5,"SANTA BARBARA MUNICIPAL AIRPORT, CA US",0,239,61,12,67,29,93
USW00023190,2011-02-07,34.4241,-119.84249,2.5,"SANTA BARBARA MUNICIPAL AIRPORT, CA US",0,206,72,11,79,47,93
USW00023190,2011-02-08,34.4241,-119.84249,2.5,"SANTA BARBARA MUNICIPAL AIRPORT, CA US",0,172,56,16,70,41,97
USW00023190,2011-02-09,34.4241,-119.84249,2.5,"SANTA BARBARA MUNICIPAL AIRPORT, CA US",0,194,22,13,53,19,82
USW00023190,2011-02-10,34.4241,-119.84249,2.5,"SANTA BARBARA MUNICIPAL AIRPORT, CA US",0,189,6,12,52,22,82
USW00023190,2011-02-11,34.4241,-119.84249,2.5,"SANTA BARBARA MUNICIPAL AIRPORT, CA US",0,211,17,14,51,15,79
USW00023190,2011-02-12,34.4241,-119.84249,2.5,"SANTA BARBARA MUNICIPAL AIRPORT, CA US",0,233,33,13,50,11,77
USW00023190,2011-02-13,34.4241,-119.84249,2.5,"SANTA BARBARA MUNICIPAL AIRPORT, CA US",0,189,33,10,75,50,93
USW00023190,2011-02-14,34.4241,-119.84249,2.5,"SANTA BARBARA MUNICIPAL AIRPORT, CA US",10,156,39,11,81,56,97
USW00023190,2011-02-15,34.4241,-119.84249,2.5,"SANTA BARBARA MUNICIPAL AIRPORT, CA US",25,161,117,14,90,77,97
USW00023190,2011-02-16,34.4241,-119.84249,2.5,"SANTA BARBARA MUNICIPAL AIRPORT, CA US",170,156,44,35,81,47,97
USW00023190,2011-02-17,34.4241,-119.84249,2.5,"SANTA BARBARA MUNICIPAL AIRPORT, CA US",3,139,22,30,73,57,93
USW00023190,2011-02-18,34.4241,-119.84249,2.5,"SANTA BARBARA MUNICIPAL AIRPORT, CA US",323,133,100,71,79,57,93
USW00023190,2011-02-19,34.4241,-119.84249,2.5,"SANTA BARBARA MUNICIPAL AIRPORT, CA US",117,111,28,16,84,59,97
USW00023190,2011-02-20,34.4241,-119.84249,2.5,"SANTA BARBARA MUNICIPAL AIRPORT, CA US",0,144,17,14,72,46,100
USW00023190,2011-02-21,34.4241,-119.84249,2.5,"SANTA BARBARA MUNICIPAL AIRPORT, CA US",0,133,44,13,74,53,93
USW00023190,2011-02-22,34.4241,-119.84249,2.5,"SANTA BARBARA MUNICIPAL AIRPORT, CA US",0,150,56,15,71,53,89
USW00023190,2011-02-23,34.4241,-119.84249,2.5,"SANTA BARBARA MUNICIPAL AIRPORT, CA US",0,156,33,23,70,44,93
USW00023190,2011-02-24,34.4241,-119.84249,2.5,"SANTA BARBARA MUNICIPAL AIRPORT, CA US",0,161,22,18,68,44,93
USW00023190,2011-02-25,34.4241,-119.84249,2.5,"SANTA BARBARA MUNICIPAL AIRPORT, CA US",318,122,67,22,89,74,96
USW00023190,2011-02-26,34.4241,-119.84249,2.5,"SANTA BARBARA MUNICIPAL AIRPORT, CA US",0,122,50,36,52,36,90
USW00023190,2011-02-27,34.4241,-119.84249,2.5,"SANTA BARBARA MUNICIPAL AIRPORT, CA US",0,139,44,29,45,28,73
USW00023190,2011-02-28,34.4241,-119.84249,2.5,"SANTA BARBARA MUNICIPAL AIRPORT, CA US",0,139,22,15,68,43,89
USW00023190,2011-03-01,34.4241,-119.84249,2.5,"SANTA BARBARA MUNICIPAL AIRPORT, CA US",0,194,22,18,74,42,93
USW00023190,2011-03-02,34.4241,-119.84249,2.5,"SANTA BARBARA MUNICIPAL AIRPORT, CA US",74,128,83,15,86,69,100
USW00023190,2011-03-03,34.4241,-119.84249,2.5,"SANTA BARBARA MUNICIPAL AIRPORT, CA US",0,161,100,17,87,67,100
USW00023190,2011-03-04,34.4241,-119.84249,2.5,"SANTA BARBARA MUNICIPAL AIRPORT, CA US",0,211,61,13,76,43,100
USW00023190,2011-03-05,34.4241,-119.84249,2.5,"SANTA BARBARA MUNICIPAL AIRPORT, CA US",0,200,61,12,80,45,96
USW00023190,2011-03-06,34.4241,-119.84249,2.5,"SANTA BARBARA MUNICIPAL AIRPORT, CA US",0,183,78,34,89,68,97
USW00023190,2011-03-07,34.4241,-119.84249,2.5,"SANTA BARBARA MUNICIPAL AIRPORT, CA US",0,189,111,75,58,34,93
USW00023190,2011-03-08,34.4241,-119.84249,2.5,"SANTA BARBARA MUNICIPAL AIRPORT, CA US",0,217,89,31,57,34,83
USW00023190,2011-03-09,34.4241,-119.84249,2.5,"SANTA BARBARA MUNICIPAL AIRPORT, CA US",0,228,67,13,68,34,97
USW00023190,2011-03-10,34.4241,-119.84249,2.5,"SANTA BARBARA MUNICIPAL AIRPORT, CA US",0,222,67,13,74,42,93
USW00023190,2011-03-11,34.4241,-119.84249,2.5,"SANTA BARBARA MUNICIPAL AIRPORT, CA US",0,206,89,18,76,47,96
USW00023190,2011-03-12,34.4241,-119.84249,2.5,"SANTA BARBARA MUNICIPAL AIRPORT, CA US",0,167,72,20,81,60,93
USW00023190,2011-03-13,34.4241,-119.84249,2.5,"SANTA BARBARA MUNICIPAL AIRPORT, CA US",0,189,61,14,76,54,93
USW00023190,2011-03-14,34.4241,-119.84249,2.5,"SANTA BARBARA MUNICIPAL AIRPORT, CA US",0,244,89,21,72,50,93
USW00023190,2011-03-15,34.4241,-119.84249,2.5,"SANTA BARBARA MUNICIPAL AIRPORT, CA US",0,267,128,27,55,29,81
USW00023190,2011-03-16,34.4241,-119.84249,2.5,"SANTA BARBARA MUNICIPAL AIRPORT, CA US",0,233,122,37,69,41,90
USW00023190,2011-03-17,34.4241,-119.84249,2.5,"SANTA BARBARA MUNICIPAL AIRPORT, CA US",0,244,100,30,30,9,77
USW00023190,2011-03-18,34.4241,-119.84249,2.5,"SANTA BARBARA MUNICIPAL AIRPORT, CA US",30,172,44,26,75,46,93
USW00023190,2011-03-19,34.4241,-119.84249,2.5,"SANTA BARBARA MUNICIPAL AIRPORT, CA US",224,128,83,34,84,75,97
USW00023190,2011-03-20,34.4241,-119.84249,2.5,"SANTA BARBARA MUNICIPAL AIRPORT, CA US",1328,122,78,52,94,89,97
USW00023190,2011-03-21,34.4241,-119.84249,2.5,"SANTA BARBARA MUNICIPAL AIRPORT, CA US",10,133,61,19,82,62,97
USW00023190,2011-03-22,34.4241,-119.84249,2.5,"SANTA BARBARA MUNICIPAL AIRPORT, CA US",0,144,39,17,74,53,89
USW00023190,2011-03-23,34.4241,-119.84249,2.5,"SANTA BARBARA MUNICIPAL AIRPORT, CA US",91,117,56,27,81,66,97
USW00023190,2011-03-24,34.4241,-119.84249,2.5,"SANTA BARBARA MUNICIPAL AIRPORT, CA US",119,133,56,31,90,80,97
USW00023190,2011-03-25,34.4241,-119.84249,2.5,"SANTA BARBARA MUNICIPAL AIRPORT, CA US",5,150,83,38,79,64,97
USW00023190,2011-03-26,34.4241,-119.84249,2.5,"SANTA BARBARA MUNICIPAL AIRPORT, CA US",15,139,61,13,85,69,100
USW00023190,2011-03-27,34.4241,-119.84249,2.5,"SANTA BARBARA MUNICIPAL AIRPORT, CA US",8,172,94,18,79,58,100
USW00023190,2011-03-28,34.4241,-119.84249,2.5,"SANTA BARBARA MUNICIPAL AIRPORT, CA US",0,211,72,18,78,55,93
USW00023190,2011-03-29,34.4241,-119.84249,2.5,"SANTA BARBARA MUNICIPAL AIRPORT, CA US",0,217,61,18,78,40,97
USW00023190,2011-03-30,34.4241,-119.84249,2.5,"SANTA BARBARA MUNICIPAL AIRPORT, CA US",0,250,122,24,71,37,93
USW00023190,2011-03-31,34.4241,-119.84249,2.5,"SANTA BARBARA MUNICIPAL AIRPORT, CA US",0,294,106,14,68,29,96
USW00023190,2011-04-01,34.4241,-119.84249,2.5,"SANTA BARBARA MUNICIPAL AIRPORT, CA US",0,228,122,18,81,51,100
USW00023190,2011-04-02,34.4241,-119.84249,2.5,"SANTA BARBARA MUNICIPAL AIRPORT, CA US",0,150,128,10,94,87,100
USW00023190,2011-04-03,34.4241,-119.84249,2.5,"SANTA BARBARA MUNICIPAL AIRPORT, CA US",0,167,100,18,82,67,97
USW00023190,2011-04-04,34.4241,-119.84249,2.5,"SANTA BARBARA MUNICIPAL AIRPORT, CA US",0,189,78,17,81,63,97
USW00023190,2011-04-05,34.4241,-119.84249,2.5,"SANTA BARBARA MUNICIPAL AIRPORT, CA US",0,200,83,18,83,61,97
USW00023190,2011-04-06,34.4241,-119.84249,2.5,"SANTA BARBARA MUNICIPAL AIRPORT, CA US",0,178,100,26,79,68,93
USW00023190,2011-04-07,34.4241,-119.84249,2.5,"SANTA BARBARA MUNICIPAL AIRPORT, CA US",0,161,61,49,65,42,86
USW00023190,2011-04-08,34.4241,-119.84249,2.5,"SANTA BARBARA MUNICIPAL AIRPORT, CA US",0,122,33,25,66,52,83
USW00023190,2011-04-09,34.4241,-119.84249,2.5,"SANTA BARBARA MUNICIPAL AIRPORT, CA US",0,172,22,36,62,42,89
USW00023190,2011-04-10,34.4241,-119.84249,2.5,"SANTA BARBARA MUNICIPAL AIRPORT, CA US",0,161,67,26,72,58,86
USW00023190,2011-04-11,34.4241,-119.84249,2.5,"SANTA BARBARA MUNICIPAL AIRPORT, CA US",0,194,89,26,66,41,83
USW00023190,2011-04-12,34.4241,-119.84249,2.5,"SANTA BARBARA MUNICIPAL AIRPORT, CA US",0,194,61,22,73,52,93
USW00023190,2011-04-13,34.4241,-119.84249,2.5,"SANTA BARBARA MUNICIPAL AIRPORT, CA US",0,206,78,38,60,33,83
USW00023190,2011-04-14,34.4241,-119.84249,2.5,"SANTA BARBARA MUNICIPAL AIRPORT, CA US",0,211,72,34,41,15,71
USW00023190,2011-04-15,34.4241,-119.84249,2.5,"SANTA BARBARA MUNICIPAL AIRPORT, CA US",0,239,83,25,49,25,71
USW00023190,2011-04-16,34.4241,-119.84249,2.5,"SANTA BARBARA MUNICIPAL AIRPORT, CA US",0,267,117,29,60,28,87
USW00023190,2011-04-17,34.4241,-119.84249,2.5,"SANTA BARBARA MUNICIPAL AIRPORT, CA US",0,239,133,33,76,33,90
USW00023190,2011-04-18,34.4241,-119.84249,2.5,"SANTA BARBARA MUNICIPAL AIRPORT, CA US",0,189,133,23,82,67,96
USW00023190,2011-04-19,34.4241,-119.84249,2.5,"SANTA BARBARA MUNICIPAL AIRPORT, CA US",0,167,111,26,88,78,97
USW00023190,2011-04-20,34.4241,-119.84249,2.5,"SANTA BARBARA MUNICIPAL AIRPORT, CA US",0,172,111,22,85,62,100
USW00023190,2011-04-21,34.4241,-119.84249,2.5,"SANTA BARBARA MUNICIPAL AIRPORT, CA US",0,194,100,37,78,61,93
USW00023190,2011-04-22,34.4241,-119.84249,2.5,"SANTA BARBARA MUNICIPAL AIRPORT, CA US",3,172,100,23,81,67,93
USW00023190,2011-04-23,34.4241,-119.84249,2.5,"SANTA BARBARA MUNICIPAL AIRPORT, CA US",0,183,83,36,77,54,96
USW00023190,2011-04-24,34.4241,-119.84249,2.5,"SANTA BARBARA MUNICIPAL AIRPORT, CA US",0,211,106,34,76,51,96
USW00023190,2011-04-25,34.4241,-119.84249,2.5,"SANTA BARBARA MUNICIPAL AIRPORT, CA US",0,267,78,37,69,38,93
USW00023190,2011-04-26,34.4241,-119.84249,2.5,"SANTA BARBARA MUNICIPAL AIRPORT, CA US",0,233,94,51,44,24,77
USW00023190,2011-04-27,34.4241,-119.84249,2.5,"SANTA BARBARA MUNICIPAL AIRPORT, CA US",0,278,133,30,35,25,62
USW00023190,2011-04-28,34.4241,-119.84249,2.5,"SANTA BARBARA MUNICIPAL AIRPORT, CA US",0,256,122,48,48,37,67
USW00023190,2011-04-29,34.4241,-119.84249,2.5,"SANTA BARBARA MUNICIPAL AIRPORT, CA US",0,256,111,53,29,12,61
USW00023190,2011-04-30,34.4241,-119.84249,2.5,"SANTA BARBARA MUNICIPAL AIRPORT, CA US",0,222,78,25,39,19,86
USW00023190,2011-05-01,34.4241,-119.84249,2.5,"SANTA BARBARA MUNICIPAL AIRPORT, CA US",0,244,83,23,41,14,80
USW00023190,2011-05-02,34.4241,-119.84249,2.5,"SANTA BARBARA MUNICIPAL AIRPORT, CA US",0,267,78,21,42,15,77
USW00023190,2011-05-03,34.4241,-119.84249,2.5,"SANTA BARBARA MUNICIPAL AIRPORT, CA US",0,228,94,19,71,37,90
USW00023190,2011-05-04,34.4241,-119.84249,2.5,"SANTA BARBARA MUNICIPAL AIRPORT, CA US",0,256,100,14,67,38,93
USW00023190,2011-05-05,34.4241,-119.84249,2.5,"SANTA BARBARA MUNICIPAL AIRPORT, CA US",0,178,106,21,88,78,100
USW00023190,2011-05-06,34.4241,-119.84249,2.5,"SANTA BARBARA MUNICIPAL AIRPORT, CA US",0,167,122,27,88,75,93
USW00023190,2011-05-07,34.4241,-119.84249,2.5,"SANTA BARBARA MUNICIPAL AIRPORT, CA US",0,172,122,22,81,65,93
USW00023190,2011-05-08,34.4241,-119.84249,2.5,"SANTA BARBARA MUNICIPAL AIRPORT, CA US",0,211,94,51,63,44,93
USW00023190,2011-05-09,34.4241,-119.84249,2.5,"SANTA BARBARA MUNICIPAL AIRPORT, CA US",0,194,78,45,58,42,80
USW00023190,2011-05-10,34.4241,-119.84249,2.5,"SANTA BARBARA MUNICIPAL AIRPORT, CA US",0,228,83,35,60,33,83
USW00023190,2011-05-11,34.4241,-119.84249,2.5,"SANTA BARBARA MUNICIPAL AIRPORT, CA US",0,183,89,27,75,58,87
USW00023190,2011-05-12,34.4241,-119.84249,2.5,"SANTA BARBARA MUNICIPAL AIRPORT, CA US",0,200,100,21,76,56,93
USW00023190,2011-05-13,34.4241,-119.84249,2.5,"SANTA BARBARA MUNICIPAL AIRPORT, CA US",0,194,100,27,81,63,93
USW00023190,2011-05-14,34.4241,-119.84249,2.5,"SANTA BARBARA MUNICIPAL AIRPORT, CA US",3,178,100,24,73,62,90
USW00023190,2011-05-15,34.4241,-119.84249,2.5,"SANTA BARBARA MUNICIPAL AIRPORT, CA US",25,167,83,44,69,52,92
USW00023190,2011-05-16,34.4241,-119.84249,2.5,"SANTA BARBARA MUNICIPAL AIRPORT, CA US",48,161,78,33,71,56,97
USW00023190,2011-05-17,34.4241,-119.84249,2.5,"SANTA BARBARA MUNICIPAL AIRPORT, CA US",38,167,94,25,82,62,96
USW00023190,2011-05-18,34.4241,-119.84249,2.5,"SANTA BARBARA MUNICIPAL AIRPORT, CA US",25,194,106,56,70,47,97
USW00023190,2011-05-19,34.4241,-119.84249,2.5,"SANTA BARBARA MUNICIPAL AIRPORT, CA US",0,206,106,22,72,48,92
USW00023190,2011-05-20,34.4241,-119.84249,2.5,"SANTA BARBARA MUNICIPAL AIRPORT, CA US",0,178,89,22,83,65,97
USW00023190,2011-05-21,34.4241,-119.84249,2.5,"SANTA BARBARA MUNICIPAL AIRPORT, CA US",0,178,111,22,83,65,97
USW00023190,2011-05-22,34.4241,-119.84249,2.5,"SANTA BARBARA MUNICIPAL AIRPORT, CA US",0,189,94,24,74,60,93
USW00023190,2011-05-23,34.4241,-119.84249,2.5,"SANTA BARBARA MUNICIPAL AIRPORT, CA US",0,233,94,37,58,40,77
USW00023190,2011-05-24,34.4241,-119.84249,2.5,"SANTA BARBARA MUNICIPAL AIRPORT, CA US",0,200,78,22,73,45,90
USW00023190,2011-05-25,34.4241,-119.84249,2.5,"SANTA BARBARA MUNICIPAL AIRPORT, CA US",0,233,94,26,65,33,93
USW00023190,2011-05-26,34.4241,-119.84249,2.5,"SANTA BARBARA MUNICIPAL AIRPORT, CA US",0,233,117,27,61,41,81
USW00023190,2011-05-27,34.4241,-119.84249,2.5,"SANTA BARBARA MUNICIPAL AIRPORT, CA US",0,289,111,38,58,28,87
USW00023190,2011-05-28,34.4241,-119.84249,2.5,"SANTA BARBARA MUNICIPAL AIRPORT, CA US",0,239,117,63,55,33,86
USW00023190,2011-05-29,34.4241,-119.84249,2.5,"SANTA BARBARA MUNICIPAL AIRPORT, CA US",0,217,100,65,49,30,89
USW00023190,2011-05-30,34.4241,-119.84249,2.5,"SANTA BARBARA MUNICIPAL AIRPORT, CA US",0,217,78,19,65,40,89
USW00023190,2011-05-31,34.4241,-119.84249,2.5,"SANTA BARBARA MUNICIPAL AIRPORT, CA US",0,200,78,26,70,49,90
USW00023190,2011-06-01,34.4241,-119.84249,2.5,"SANTA BARBARA MUNICIPAL AIRPORT, CA US",0,228,94,41,58,30,89
USW00023190,2011-06-02,34.4241,-119.84249,2.5,"SANTA BARBARA MUNICIPAL AIRPORT, CA US",0,250,83,41,46,32,77
USW00023190,2011-06-03,34.4241,-119.84249,2.5,"SANTA BARBARA MUNICIPAL AIRPORT, CA US",0,183,83,26,70,51,87
USW00023190,2011-06-04,34.4241,-119.84249,2.5,"SANTA BARBARA MUNICIPAL AIRPORT, CA US",36,161,106,36,79,64,93
USW00023190,2011-06-05,34.4241,-119.84249,2.5,"SANTA BARBARA MUNICIPAL AIRPORT, CA US",315,161,111,17,92,84,100
USW00023190,2011-06-06,34.4241,-119.84249,2.5,"SANTA BARBARA MUNICIPAL AIRPORT, CA US",10,183,117,22,85,70,96
USW00023190,2011-06-07,34.4241,-119.84249,2.5,"SANTA BARBARA MUNICIPAL AIRPORT, CA US",0,206,100,20,81,59,93
USW00023190,2011-06-08,34.4241,-119.84249,2.5,"SANTA BARBARA MUNICIPAL AIRPORT, CA US",0,178,117,25,85,73,93
USW00023190,2011-06-09,34.4241,-119.84249,2.5,"SANTA BARBARA MUNICIPAL AIRPORT, CA US",0,178,94,17,83,70,93
USW00023190,2011-06-10,34.4241,-119.84249,2.5,"SANTA BARBARA MUNICIPAL AIRPORT, CA US",0,167,111,16,87,75,97
USW00023190,2011-06-11,34.4241,-119.84249,2.5,"SANTA BARBARA MUNICIPAL AIRPORT, CA US",3,189,106,16,81,59,97
USW00023190,2011-06-12,34.4241,-119.84249,2.5,"SANTA BARBARA MUNICIPAL AIRPORT, CA US",0,183,111,16,82,68,96
USW00023190,2011-06-13,34.4241,-119.84249,2.5,"SANTA BARBARA MUNICIPAL AIRPORT, CA US",0,189,106,18,85,68,97
USW00023190,2011-06-14,34.4241,-119.84249,2.5,"SANTA BARBARA MUNICIPAL AIRPORT, CA US",0,172,122,25,89,76,97
USW00023190,2011-06-15,34.4241,-119.84249,2.5,"SANTA BARBARA MUNICIPAL AIRPORT, CA US",0,189,133,31,89,75,97
USW00023190,2011-06-16,34.4241,-119.84249,2.5,"SANTA BARBARA MUNICIPAL AIRPORT, CA US",0,183,128,19,84,75,100
USW00023190,2011-06-17,34.4241,-119.84249,2.5,"SANTA BARBARA MUNICIPAL AIRPORT, CA US",0,189,133,17,81,65,93
USW00023190,2011-06-18,34.4241,-119.84249,2.5,"SANTA BARBARA MUNICIPAL AIRPORT, CA US",0,183,122,24,82,70,93
USW00023190,2011-06-19,34.4241,-119.84249,2.5,"SANTA BARBARA MUNICIPAL AIRPORT, CA US",0,178,117,18,84,70,96
USW00023190,2011-06-20,34.4241,-119.84249,2.5,"SANTA BARBARA MUNICIPAL AIRPORT, CA US",0,194,122,26,89,70,100
USW00023190,2011-06-21,34.4241,-119.84249,2.5,"SANTA BARBARA MUNICIPAL AIRPORT, CA US",0,189,133,31,90,75,100
USW00023190,2011-06-22,34.4241,-119.84249,2.5,"SANTA BARBARA MUNICIPAL AIRPORT, CA US",0,189,133,29,91,75,100
USW00023190,2011-06-23,34.4241,-119.84249,2.5,"SANTA BARBARA MUNICIPAL AIRPORT, CA US",0,189,128,20,90,75,100
USW00023190,2011-06-24,34.4241,-119.84249,2.5,"SANTA BARBARA MUNICIPAL AIRPORT, CA US",0,183,133,19,86,73,97
USW00023190,2011-06-25,34.4241,-119.84249,2.5,"SANTA BARBARA MUNICIPAL AIRPORT, CA US",0,194,133,18,83,61,97
USW00023190,2011-06-26,34.4241,-119.84249,2.5,"SANTA BARBARA MUNICIPAL AIRPORT, CA US",0,222,111,16,79,55,97
USW00023190,2011-06-27,34.4241,-119.84249,2.5,"SANTA BARBARA MUNICIPAL AIRPORT, CA US",0,228,122,17,79,57,96
USW00023190,2011-06-28,34.4241,-119.84249,2.5,"SANTA BARBARA MUNICIPAL AIRPORT, CA US",0,211,133,26,83,66,93
USW00023190,2011-06-29,34.4241,-119.84249,2.5,"SANTA BARBARA MUNICIPAL AIRPORT, CA US",0,261,144,34,68,45,93
USW00023190,2011-06-30,34.4241,-119.84249,2.5,"SANTA BARBARA MUNICIPAL AIRPORT, CA US",0,244,117,21,72,43,90
USW00023190,2011-07-01,34.4241,-119.84249,2.5,"SANTA BARBARA MUNICIPAL AIRPORT, CA US",0,256,128,21,74,47,93
USW00023190,2011-07-02,34.4241,-119.84249,2.5,"SANTA BARBARA MUNICIPAL AIRPORT, CA US",0,233,150,25,80,61,93
USW00023190,2011-07-03,34.4241,-119.84249,2.5,"SANTA BARBARA MUNICIPAL AIRPORT, CA US",0,211,139,21,90,78,100
USW00023190,2011-07-04,34.4241,-119.84249,2.5,"SANTA BARBARA MUNICIPAL AIRPORT, CA US",0,228,161,21,84,68,93
USW00023190,2011-07-05,34.4241,-119.84249,2.5,"SANTA BARBARA MUNICIPAL AIRPORT, CA US",0,261,167,21,79,58,93
USW00023190,2011-07-06,34.4241,-119.84249,2.5,"SANTA BARBARA MUNICIPAL AIRPORT, CA US",0,256,172,22,78,56,93
USW00023190,2011-07-07,34.4241,-119.84249,2.5,"SANTA BARBARA MUNICIPAL AIRPORT, CA US",0,239,172,23,79,66,93
USW00023190,2011-07-08,34.4241,-119.84249,2.5,"SANTA BARBARA MUNICIPAL AIRPORT, CA US",0,233,161,31,81,68,90
USW00023190,2011-07-09,34.4241,-119.84249,2.5,"SANTA BARBARA MUNICIPAL AIRPORT, CA US",0,228,161,22,79,61,93
USW00023190,2011-07-10,34.4241,-119.84249,2.5,"SANTA BARBARA MUNICIPAL AIRPORT, CA US",0,222,139,26,78,57,93
USW00023190,2011-07-11,34.4241,-119.84249,2.5,"SANTA BARBARA MUNICIPAL AIRPORT, CA US",0,206,156,27,80,65,90
USW00023190,2011-07-12,34.4241,-119.84249,2.5,"SANTA BARBARA MUNICIPAL AIRPORT, CA US",0,200,128,25,80,65,93
USW00023190,2011-07-13,34.4241,-119.84249,2.5,"SANTA BARBARA MUNICIPAL AIRPORT, CA US",0,206,139,22,81,68,90
USW00023190,2011-07-14,34.4241,-119.84249,2.5,"SANTA BARBARA MUNICIPAL AIRPORT, CA US",0,206,111,15,76,63,93
USW00023190,2011-07-15,34.4241,-119.84249,2.5,"SANTA BARBARA MUNICIPAL AIRPORT, CA US",0,217,122,22,73,61,87
USW00023190,2011-07-16,34.4241,-119.84249,2.5,"SANTA BARBARA MUNICIPAL AIRPORT, CA US",0,211,128,28,78,65,90
USW00023190,2011-07-17,34.4241,-119.84249,2.5,"SANTA BARBARA MUNICIPAL AIRPORT, CA US",0,239,128,26,77,56,93
USW00023190,2011-07-18,34.4241,-119.84249,2.5,"SANTA BARBARA MUNICIPAL AIRPORT, CA US",0,256,139,20,75,54,93
USW00023190,2011-07-19,34.4241,-119.84249,2.5,"SANTA BARBARA MUNICIPAL AIRPORT, CA US",0,256,128,19,78,52,93
USW00023190,2011-07-20,34.4241,-119.84249,2.5,"SANTA BARBARA MUNICIPAL AIRPORT, CA US",0,206,139,30,87,76,96
USW00023190,2011-07-21,34.4241,-119.84249,2.5,"SANTA BARBARA MUNICIPAL AIRPORT, CA US",0,194,144,30,87,75,97
USW00023190,2011-07-22,34.4241,-119.84249,2.5,"SANTA BARBARA MUNICIPAL AIRPORT, CA US",0,194,139,25,85,70,96
USW00023190,2011-07-23,34.4241,-119.84249,2.5,"SANTA BARBARA MUNICIPAL AIRPORT, CA US",0,211,144,24,83,66,93
USW00023190,2011-07-24,34.4241,-119.84249,2.5,"SANTA BARBARA MUNICIPAL AIRPORT, CA US",0,228,133,16,83,59,97
USW00023190,2011-07-25,34.4241,-119.84249,2.5,"SANTA BARBARA MUNICIPAL AIRPORT, CA US",0,233,128,24,75,53,90
USW00023190,2011-07-26,34.4241,-119.84249,2.5,"SANTA BARBARA MUNICIPAL AIRPORT, CA US",0,233,150,19,77,55,90
USW00023190,2011-07-27,34.4241,-119.84249,2.5,"SANTA BARBARA MUNICIPAL AIRPORT, CA US",0,228,139,21,80,63,96
USW00023190,2011-07-28,34.4241,-119.84249,2.5,"SANTA BARBARA MUNICIPAL AIRPORT, CA US",0,222,144,27,83,68,93
USW00023190,2011-07-29,34.4241,-119.84249,2.5,"SANTA BARBARA MUNICIPAL AIRPORT, CA US",0,194,150,28,86,75,93
USW00023190,2011-07-30,34.4241,-119.84249,2.5,"SANTA BARBARA MUNICIPAL AIRPORT, CA US",0,206,150,25,82,70,90
USW00023190,2011-07-31,34.4241,-119.84249,2.5,"SANTA BARBARA MUNICIPAL AIRPORT, CA US",0,222,144,25,79,64,93
USW00023190,2011-08-01,34.4241,-119.84249,2.5,"SANTA BARBARA MUNICIPAL AIRPORT, CA US",0,239,122,21,77,57,93
USW00023190,2011-08-02,34.4241,-119.84249,2.5,"SANTA BARBARA MUNICIPAL AIRPORT, CA US",0,233,117,17,77,55,97
USW00023190,2011-08-03,34.4241,-119.84249,2.5,"SANTA BARBARA MUNICIPAL AIRPORT, CA US",0,239,122,20,76,52,93
USW00023190,2011-08-04,34.4241,-119.84249,2.5,"SANTA BARBARA MUNICIPAL AIRPORT, CA US",0,222,111,23,81,66,93
USW00023190,2011-08-05,34.4241,-119.84249,2.5,"SANTA BARBARA MUNICIPAL AIRPORT, CA US",0,222,122,25,80,61,93
USW00023190,2011-08-06,34.4241,-119.84249,2.5,"SANTA BARBARA MUNICIPAL AIRPORT, CA US",0,194,139,25,85,73,93
USW00023190,2011-08-07,34.4241,-119.84249,2.5,"SANTA BARBARA MUNICIPAL AIRPORT, CA US",0,211,139,20,85,68,96
USW00023190,2011-08-08,34.4241,-119.84249,2.5,"SANTA BARBARA MUNICIPAL AIRPORT, CA US",0,200,150,31,86,73,93
USW00023190,2011-08-09,34.4241,-119.84249,2.5,"SANTA BARBARA MUNICIPAL AIRPORT, CA US",0,189,144,27,88,78,93
USW00023190,2011-08-10,34.4241,-119.84249,2.5,"SANTA BARBARA MUNICIPAL AIRPORT, CA US",0,206,144,27,84,68,97
USW00023190,2011-08-11,34.4241,-119.84249,2.5,"SANTA BARBARA MUNICIPAL AIRPORT, CA US",0,194,139,21,84,68,93
USW00023190,2011-08-12,34.4241,-119.84249,2.5,"SANTA BARBARA MUNICIPAL AIRPORT, CA US",0,194,139,22,85,73,93
USW00023190,2011-08-13,34.4241,-119.84249,2.5,"SANTA BARBARA MUNICIPAL AIRPORT, CA US",0,200,150,24,88,73,96
USW00023190,2011-08-14,34.4241,-119.84249,2.5,"SANTA BARBARA MUNICIPAL AIRPORT, CA US",0,194,144,19,87,75,97
USW00023190,2011-08-15,34.4241,-119.84249,2.5,"SANTA BARBARA MUNICIPAL AIRPORT, CA US",0,206,156,20,88,73,100
USW00023190,2011-08-16,34.4241,-119.84249,2.5,"SANTA BARBARA MUNICIPAL AIRPORT, CA US",0,200,133,19,85,68,97
USW00023190,2011-08-17,34.4241,-119.84249,2.5,"SANTA BARBARA MUNICIPAL AIRPORT, CA US",0,233,117,15,83,57,97
USW00023190,2011-08-18,34.4241,-119.84249,2.5,"SANTA BARBARA MUNICIPAL AIRPORT, CA US",0,233,122,19,79,54,96
USW00023190,2011-08-19,34.4241,-119.84249,2.5,"SANTA BARBARA MUNICIPAL AIRPORT, CA US",0,217,144,30,80,65,93
USW00023190,2011-08-20,34.4241,-119.84249,2.5,"SANTA BARBARA MUNICIPAL AIRPORT, CA US",0,217,133,23,81,68,93
USW00023190,2011-08-21,34.4241,-119.84249,2.5,"SANTA BARBARA MUNICIPAL AIRPORT, CA US",0,211,133,27,83,63,96
USW00023190,2011-08-22,34.4241,-119.84249,2.5,"SANTA BARBARA MUNICIPAL AIRPORT, CA US",0,222,144,19,79,59,93
USW00023190,2011-08-23,34.4241,-119.84249,2.5,"SANTA BARBARA MUNICIPAL AIRPORT, CA US",0,222,133,21,84,63,97
USW00023190,2011-08-24,34.4241,-119.84249,2.5,"SANTA BARBARA MUNICIPAL AIRPORT, CA US",0,239,133,19,82,62,97
USW00023190,2011-08-25,34.4241,-119.84249,2.5,"SANTA BARBARA MUNICIPAL AIRPORT, CA US",0,250,144,17,76,54,93
USW00023190,2011-08-26,34.4241,-119.84249,2.5,"SANTA BARBARA MUNICIPAL AIRPORT, CA US",0,250,139,16,80,55,93
USW00023190,2011-08-27,34.4241,-119.84249,2.5,"SANTA BARBARA MUNICIPAL AIRPORT, CA US",0,267,144,19,78,56,93
USW00023190,2011-08-28,34.4241,-119.84249,2.5,"SANTA BARBARA MUNICIPAL AIRPORT, CA US",0,244,144,17,77,54,90
USW00023190,2011-08-29,34.4241,-119.84249,2.5,"SANTA BARBARA MUNICIPAL AIRPORT, CA US",0,239,122,19,77,48,93
USW00023190,2011-08-30,34.4241,-119.84249,2.5,"SANTA BARBARA MUNICIPAL AIRPORT, CA US",0,217,117,18,80,61,93
USW00023190,2011-08-31,34.4241,-119.84249,2.5,"SANTA BARBARA MUNICIPAL AIRPORT, CA US",0,200,111,23,84,68,96
USW00023190,2011-09-01,34.4241,-119.84249,2.5,"SANTA BARBARA MUNICIPAL AIRPORT, CA US",0,183,122,23,89,70,97
USW00023190,2011-09-02,34.4241,-119.84249,2.5,"SANTA BARBARA MUNICIPAL AIRPORT, CA US",0,178,106,20,89,73,100
USW00023190,2011-09-03,34.4241,-119.84249,2.5,"SANTA BARBARA MUNICIPAL AIRPORT, CA US",0,183,122,22,86,70,100
USW00023190,2011-09-04,34.4241,-119.84249,2.5,"SANTA BARBARA MUNICIPAL AIRPORT, CA US",0,217,111,14,84,57,100
USW00023190,2011-09-05,34.4241,-119.84249,2.5,"SANTA BARBARA MUNICIPAL AIRPORT, CA US",0,239,106,17,78,50,93
USW00023190,2011-09-06,34.4241,-119.84249,2.5,"SANTA BARBARA MUNICIPAL AIRPORT, CA US",0,261,106,12,77,54,96
USW00023190,2011-09-07,34.4241,-119.84249,2.5,"SANTA BARBARA MUNICIPAL AIRPORT, CA US",0,306,133,14,71,40,100
USW00023190,2011-09-08,34.4241,-119.84249,2.5,"SANTA BARBARA MUNICIPAL AIRPORT, CA US",0,289,133,21,69,31,93
USW00023190,2011-09-09,34.4241,-119.84249,2.5,"SANTA BARBARA MUNICIPAL AIRPORT, CA US",0,211,122,18,81,61,97
USW00023190,2011-09-10,34.4241,-119.84249,2.5,"SANTA BARBARA MUNICIPAL AIRPORT, CA US",0,200,144,32,79,73,90
USW00023190,2011-09-11,34.4241,-119.84249,2.5,"SANTA BARBARA MUNICIPAL AIRPORT, CA US",0,217,128,22,76,61,87
USW00023190,2011-09-12,34.4241,-119.84249,2.5,"SANTA BARBARA MUNICIPAL AIRPORT, CA US",0,228,106,15,81,57,93
USW00023190,2011-09-13,34.4241,-119.84249,2.5,"SANTA BARBARA MUNICIPAL AIRPORT, CA US",0,233,106,18,82,61,97
USW00023190,2011-09-14,34.4241,-119.84249,2.5,"SANTA BARBARA MUNICIPAL AIRPORT, CA US",0,194,144,20,88,73,100
USW00023190,2011-09-15,34.4241,-119.84249,2.5,"SANTA BARBARA MUNICIPAL AIRPORT, CA US",0,200,156,23,83,70,93
USW00023190,2011-09-16,34.4241,-119.84249,2.5,"SANTA BARBARA MUNICIPAL AIRPORT, CA US",0,194,150,19,83,73,90
USW00023190,2011-09-17,34.4241,-119.84249,2.5,"SANTA BARBARA MUNICIPAL AIRPORT, CA US",0,206,117,16,76,61,87
USW00023190,2011-09-18,34.4241,-119.84249,2.5,"SANTA BARBARA MUNICIPAL AIRPORT, CA US",0,217,106,18,84,63,100
USW00023190,2011-09-19,34.4241,-119.84249,2.5,"SANTA BARBARA MUNICIPAL AIRPORT, CA US",0,189,139,19,92,75,100
USW00023190,2011-09-20,34.4241,-119.84249,2.5,"SANTA BARBARA MUNICIPAL AIRPORT, CA US",0,189,144,25,90,78,100
USW00023190,2011-09-21,34.4241,-119.84249,2.5,"SANTA BARBARA MUNICIPAL AIRPORT, CA US",0,200,156,19,88,78,93
USW00023190,2011-09-22,34.4241,-119.84249,2.5,"SANTA BARBARA MUNICIPAL AIRPORT, CA US",0,194,144,17,93,78,100
USW00023190,2011-09-23,34.4241,-119.84249,2.5,"SANTA BARBARA MUNICIPAL AIRPORT, CA US",0,228,144,23,89,76,97
USW00023190,2011-09-24,34.4241,-119.84249,2.5,"SANTA BARBARA MUNICIPAL AIRPORT, CA US",0,183,161,19,86,80,97
USW00023190,2011-09-25,34.4241,-119.84249,2.5,"SANTA BARBARA MUNICIPAL AIRPORT, CA US",0,211,128,17,78,63,93
USW00023190,2011-09-26,34.4241,-119.84249,2.5,"SANTA BARBARA MUNICIPAL AIRPORT, CA US",0,206,106,13,83,68,97
USW00023190,2011-09-27,34.4241,-119.84249,2.5,"SANTA BARBARA MUNICIPAL AIRPORT, CA US",0,239,111,19,78,57,96
USW00023190,2011-09-28,34.4241,-119.84249,2.5,"SANTA BARBARA MUNICIPAL AIRPORT, CA US",0,206,172,30,89,78,93
USW00023190,2011-09-29,34.4241,-119.84249,2.5,"SANTA BARBARA MUNICIPAL AIRPORT, CA US",0,211,133,21,85,70,93
USW00023190,2011-09-30,34.4241,-119.84249,2.5,"SANTA BARBARA MUNICIPAL AIRPORT, CA US",0,211,133,23,76,61,90
USW00023190,2011-10-01,34.4241,-119.84249,2.5,"SANTA BARBARA MUNICIPAL AIRPORT, CA US",0,256,117,13,75,42,90
USW00023190,2011-10-02,34.4241,-119.84249,2.5,"SANTA BARBARA MUNICIPAL AIRPORT, CA US",0,261,133,22,69,47,90
USW00023190,2011-10-03,34.4241,-119.84249,2.5,"SANTA BARBARA MUNICIPAL AIRPORT, CA US",8,228,122,34,74,51,93
USW00023190,2011-10-04,34.4241,-119.84249,2.5,"SANTA BARBARA MUNICIPAL AIRPORT, CA US",0,206,133,28,79,65,93
USW00023190,2011-10-05,34.4241,-119.84249,2.5,"SANTA BARBARA MUNICIPAL AIRPORT, CA US",203,222,133,40,74,40,97
USW00023190,2011-10-06,34.4241,-119.84249,2.5,"SANTA BARBARA MUNICIPAL AIRPORT, CA US",0,228,94,48,55,29,80
USW00023190,2011-10-07,34.4241,-119.84249,2.5,"SANTA BARBARA MUNICIPAL AIRPORT, CA US",0,222,72,23,68,32,90
USW00023190,2011-10-08,34.4241,-119.84249,2.5,"SANTA BARBARA MUNICIPAL AIRPORT, CA US",0,222,72,15,71,36,96
USW00023190,2011-10-09,34.4241,-119.84249,2.5,"SANTA BARBARA MUNICIPAL AIRPORT, CA US",0,233,89,13,74,40,96
USW00023190,2011-10-10,34.4241,-119.84249,2.5,"SANTA BARBARA MUNICIPAL AIRPORT, CA US",0,211,106,14,85,57,100
USW00023190,2011-10-11,34.4241,-119.84249,2.5,"SANTA BARBARA MUNICIPAL AIRPORT, CA US",0,244,122,15,77,50,93
USW00023190,2011-10-12,34.4241,-119.84249,2.5,"SANTA BARBARA MUNICIPAL AIRPORT, CA US",0,322,117,13,68,25,93
USW00023190,2011-10-13,34.4241,-119.84249,2.5,"SANTA BARBARA MUNICIPAL AIRPORT, CA US",0,317,139,10,58,19,87
USW00023190,2011-10-14,34.4241,-119.84249,2.5,"SANTA BARBARA MUNICIPAL AIRPORT, CA US",0,256,122,24,75,45,100
USW00023190,2011-10-15,34.4241,-119.84249,2.5,"SANTA BARBARA MUNICIPAL AIRPORT, CA US",0,194,117,26,84,70,93
USW00023190,2011-10-16,34.4241,-119.84249,2.5,"SANTA BARBARA MUNICIPAL AIRPORT, CA US",0,222,94,12,83,61,97
USW00023190,2011-10-17,34.4241,-119.84249,2.5,"SANTA BARBARA MUNICIPAL AIRPORT, CA US",0,200,111,17,89,76,100
USW00023190,2011-10-18,34.4241,-119.84249,2.5,"SANTA BARBARA MUNICIPAL AIRPORT, CA US",0,189,139,16,91,76,100
USW00023190,2011-10-19,34.4241,-119.84249,2.5,"SANTA BARBARA MUNICIPAL AIRPORT, CA US",0,189,133,21,87,73,100
USW00023190,2011-10-20,34.4241,-119.84249,2.5,"SANTA BARBARA MUNICIPAL AIRPORT, CA US",0,161,150,11,90,84,93
USW00023190,2011-10-21,34.4241,-119.84249,2.5,"SANTA BARBARA MUNICIPAL AIRPORT, CA US",0,167,144,15,87,81,93
USW00023190,2011-10-22,34.4241,-119.84249,2.5,"SANTA BARBARA MUNICIPAL AIRPORT, CA US",0,183,111,15,93,78,100
USW00023190,2011-10-23,34.4241,-119.84249,2.5,"SANTA BARBARA MUNICIPAL AIRPORT, CA US",0,167,133,17,93,86,100
USW00023190,2011-10-24,34.4241,-119.84249,2.5,"SANTA BARBARA MUNICIPAL AIRPORT, CA US",0,183,144,14,83,70,93
USW00023190,2011-10-25,34.4241,-119.84249,2.5,"SANTA BARBARA MUNICIPAL AIRPORT, CA US",0,183,111,15,83,75,93
USW00023190,2011-10-26,34.4241,-119.84249,2.5,"SANTA BARBARA MUNICIPAL AIRPORT, CA US",0,200,78,10,80,51,96
USW00023190,2011-10-27,34.4241,-119.84249,2.5,"SANTA BARBARA MUNICIPAL AIRPORT, CA US",0,239,61,14,56,14,96
USW00023190,2011-10-28,34.4241,-119.84249,2.5,"SANTA BARBARA MUNICIPAL AIRPORT, CA US",0,233,61,10,62,20,83
USW00023190,2011-10-29,34.4241,-119.84249,2.5,"SANTA BARBARA MUNICIPAL AIRPORT, CA US",0,250,61,11,58,20,80
USW00023190,2011-10-30,34.4241,-119.84249,2.5,"SANTA BARBARA MUNICIPAL AIRPORT, CA US",0,250,67,9,66,24,97
USW00023190,2011-10-31,34.4241,-119.84249,2.5,"SANTA BARBARA MUNICIPAL AIRPORT, CA US",0,167,100,18,93,78,100
USW00023190,2011-11-01,34.4241,-119.84249,2.5,"SANTA BARBARA MUNICIPAL AIRPORT, CA US",0,172,117,18,89,75,100
USW00023190,2011-11-02,34.4241,-119.84249,2.5,"SANTA BARBARA MUNICIPAL AIRPORT, CA US",0,244,72,9,54,18,100
USW00023190,2011-11-03,34.4241,-119.84249,2.5,"SANTA BARBARA MUNICIPAL AIRPORT, CA US",0,194,44,12,71,58,84
USW00023190,2011-11-04,34.4241,-119.84249,2.5,"SANTA BARBARA MUNICIPAL AIRPORT, CA US",0,183,67,33,59,37,93
USW00023190,2011-11-05,34.4241,-119.84249,2.5,"SANTA BARBARA MUNICIPAL AIRPORT, CA US",0,189,56,42,48,32,73
USW00023190,2011-11-06,34.4241,-119.84249,2.5,"SANTA BARBARA MUNICIPAL AIRPORT, CA US",66,189,67,29,67,40,93
USW00023190,2011-11-07,34.4241,-119.84249,2.5,"SANTA BARBARA MUNICIPAL AIRPORT, CA US",0,194,50,22,56,32,77
USW00023190,2011-11-08,34.4241,-119.84249,2.5,"SANTA BARBARA MUNICIPAL AIRPORT, CA US",0,178,39,12,68,43,86
USW00023190,2011-11-09,34.4241,-119.84249,2.5,"SANTA BARBARA MUNICIPAL AIRPORT, CA US",0,211,17,15,53,21,89
USW00023190,2011-11-10,34.4241,-119.84249,2.5,"SANTA BARBARA MUNICIPAL AIRPORT, CA US",0,194,44,5,55,26,73
USW00023190,2011-11-11,34.4241,-119.84249,2.5,"SANTA BARBARA MUNICIPAL AIRPORT, CA US",127,178,106,28,65,42,89
USW00023190,2011-11-12,34.4241,-119.84249,2.5,"SANTA BARBARA MUNICIPAL AIRPORT, CA US",53,178,128,36,68,54,81
USW00023190,2011-11-13,34.4241,-119.84249,2.5,"SANTA BARBARA MUNICIPAL AIRPORT, CA US",0,211,78,13,78,39,96
USW00023190,2011-11-14,34.4241,-119.84249,2.5,"SANTA BARBARA MUNICIPAL AIRPORT, CA US",0,167,56,13,87,72,97
USW00023190,2011-11-15,34.4241,-119.84249,2.5,"SANTA BARBARA MUNICIPAL AIRPORT, CA US",0,172,67,9,87,70,100
USW00023190,2011-11-16,34.4241,-119.84249,2.5,"SANTA BARBARA MUNICIPAL AIRPORT, CA US",0,172,72,16,86,70,97
USW00023190,2011-11-17,34.4241,-119.84249,2.5,"SANTA BARBARA MUNICIPAL AIRPORT, CA US",0,189,50,7,87,66,97
USW00023190,2011-11-18,34.4241,-119.84249,2.5,"SANTA BARBARA MUNICIPAL AIRPORT, CA US",0,167,67,10,83,70,97
USW00023190,2011-11-19,34.4241,-119.84249,2.5,"SANTA BARBARA MUNICIPAL AIRPORT, CA US",0,183,67,18,68,45,86
USW00023190,2011-11-20,34.4241,-119.84249,2.5,"SANTA BARBARA MUNICIPAL AIRPORT, CA US",523,128,83,26,90,74,97
USW00023190,2011-11-21,34.4241,-119.84249,2.5,"SANTA BARBARA MUNICIPAL AIRPORT, CA US",0,161,39,12,85,64,100
USW00023190,2011-11-22,34.4241,-119.84249,2.5,"SANTA BARBARA MUNICIPAL AIRPORT, CA US",0,167,39,9,83,60,97
USW00023190,2011-11-23,34.4241,-119.84249,2.5,"SANTA BARBARA MUNICIPAL AIRPORT, CA US",0,161,50,13,81,67,96
USW00023190,2011-11-24,34.4241,-119.84249,2.5,"SANTA BARBARA MUNICIPAL AIRPORT, CA US",0,167,89,21,75,58,89
USW00023190,2011-11-25,34.4241,-119.84249,2.5,"SANTA BARBARA MUNICIPAL AIRPORT, CA US",0,178,56,13,84,72,96
USW00023190,2011-11-26,34.4241,-119.84249,2.5,"SANTA BARBARA MUNICIPAL AIRPORT, CA US",0,244,39,9,66,27,93
USW00023190,2011-11-27,34.4241,-119.84249,2.5,"SANTA BARBARA MUNICIPAL AIRPORT, CA US",0,256,44,9,54,16,89
USW00023190,2011-11-28,34.4241,-119.84249,2.5,"SANTA BARBARA MUNICIPAL AIRPORT, CA US",0,233,61,6,71,26,93
USW00023190,2011-11-29,34.4241,-119.84249,2.5,"SANTA BARBARA MUNICIPAL AIRPORT, CA US",0,222,67,5,76,34,100
USW00023190,2011-11-30,34.4241,-119.84249,2.5,"SANTA BARBARA MUNICIPAL AIRPORT, CA US",0,200,44,24,63,19,97
USW00023190,2011-12-01,34.4241,-119.84249,2.5,"SANTA BARBARA MUNICIPAL AIRPORT, CA US",0,211,72,43,23,12,46
USW00023190,2011-12-02,34.4241,-119.84249,2.5,"SANTA BARBARA MUNICIPAL AIRPORT, CA US",0,194,28,18,48,19,73
USW00023190,2011-12-03,34.4241,-119.84249,2.5,"SANTA BARBARA MUNICIPAL AIRPORT, CA US",0,172,28,14,50,19,76
USW00023190,2011-12-04,34.4241,-119.84249,2.5,"SANTA BARBARA MUNICIPAL AIRPORT, CA US",0,178,11,14,57,27,82
USW00023190,2011-12-05,34.4241,-119.84249,2.5,"SANTA BARBARA MUNICIPAL AIRPORT, CA US",0,178,17,7,56,19,85
USW00023190,2011-12-06,34.4241,-119.84249,2.5,"SANTA BARBARA MUNICIPAL AIRPORT, CA US",0,156,6,9,64,42,83
USW00023190,2011-12-07,34.4241,-119.84249,2.5,"SANTA BARBARA MUNICIPAL AIRPORT, CA US",0,167,6,8,75,47,93
USW00023190,2011-12-08,34.4241,-119.84249,2.5,"SANTA BARBARA MUNICIPAL AIRPORT, CA US",0,172,11,8,73,54,89
USW00023190,2011-12-09,34.4241,-119.84249,2.5,"SANTA BARBARA MUNICIPAL AIRPORT, CA US",0,194,6,13,65,25,85
USW00023190,2011-12-10,34.4241,-119.84249,2.5,"SANTA BARBARA MUNICIPAL AIRPORT, CA US",0,172,17,9,76,50,93
USW00023190,2011-12-11,34.4241,-119.84249,2.5,"SANTA BARBARA MUNICIPAL AIRPORT, CA US",91,150,33,14,79,56,96
USW00023190,2011-12-12,34.4241,-119.84249,2.5,"SANTA BARBARA MUNICIPAL AIRPORT, CA US",183,133,89,26,81,67,97
USW00023190,2011-12-13,34.4241,-119.84249,2.5,"SANTA BARBARA MUNICIPAL AIRPORT, CA US",0,161,44,19,75,50,97
USW00023190,2011-12-14,34.4241,-119.84249,2.5,"SANTA BARBARA MUNICIPAL AIRPORT, CA US",0,156,33,9,82,58,96
USW00023190,2011-12-15,34.4241,-119.84249,2.5,"SANTA BARBARA MUNICIPAL AIRPORT, CA US",3,161,22,19,73,48,96
USW00023190,2011-12-16,34.4241,-119.84249,2.5,"SANTA BARBARA MUNICIPAL AIRPORT, CA US",0,183,39,17,61,32,86
USW00023190,2011-12-17,34.4241,-119.84249,2.5,"SANTA BARBARA MUNICIPAL AIRPORT, CA US",0,189,22,10,60,27,86
USW00023190,2011-12-18,34.4241,-119.84249,2.5,"SANTA BARBARA MUNICIPAL AIRPORT, CA US",0,183,44,18,70,50,85
USW00023190,2011-12-19,34.4241,-119.84249,2.5,"SANTA BARBARA MUNICIPAL AIRPORT, CA US",0,139,39,4,86,74,97
USW00023190,2011-12-20,34.4241,-119.84249,2.5,"SANTA BARBARA MUNICIPAL AIRPORT, CA US",0,167,22,9,78,54,97
USW00023190,2011-12-21,34.4241,-119.84249,2.5,"SANTA BARBARA MUNICIPAL AIRPORT, CA US",0,156,17,14,82,62,97
USW00023190,2011-12-22,34.4241,-119.84249,2.5,"SANTA BARBARA MUNICIPAL AIRPORT, CA US",0,167,28,11,74,38,96
USW00023190,2011-12-23,34.4241,-119.84249,2.5,"SANTA BARBARA MUNICIPAL AIRPORT, CA US",0,167,11,9,75,39,93
USW00023190,2011-12-24,34.4241,-119.84249,2.5,"SANTA BARBARA MUNICIPAL AIRPORT, CA US",0,200,-6,10,54,12,89
USW00023190,2011-12-25,34.4241,-119.84249,2.5,"SANTA BARBARA MUNICIPAL AIRPORT, CA US",0,211,-6,7,68,33,93
USW00023190,2011-12-26,34.4241,-119.84249,2.5,"SANTA BARBARA MUNICIPAL AIRPORT, CA US",0,183,-6,7,68,30,89
USW00023190,2011-12-27,34.4241,-119.84249,2.5,"SANTA BARBARA MUNICIPAL AIRPORT, CA US",0,167,6,10,80,52,93
USW00023190,2011-12-28,34.4241,-119.84249,2.5,"SANTA BARBARA MUNICIPAL AIRPORT, CA US",0,217,11,10,69,26,89
USW00023190,2011-12-29,34.4241,-119.84249,2.5,"SANTA BARBARA MUNICIPAL AIRPORT, CA US",0,200,44,9,78,52,93
USW00023190,2011-12-30,34.4241,-119.84249,2.5,"SANTA BARBARA MUNICIPAL AIRPORT, CA US",0,183,33,10,88,68,100
USW00023190,2011-12-31,34.4241,-119.84249,2.5,"SANTA BARBARA MUNICIPAL AIRPORT, CA US",0,172,22,6,93,70,100
USW00023190,2012-01-01,34.4241,-119.84249,2.5,"SANTA BARBARA MUNICIPAL AIRPORT, CA US",0,172,28,9,88,58,100
USW00023190,2012-01-02,34.4241,-119.84249,2.5,"SANTA BARBARA MUNICIPAL AIRPORT, CA US",0,206,28,13,84,59,100
USW00023190,2012-01-03,34.4241,-119.84249,2.5,"SANTA BARBARA MUNICIPAL AIRPORT, CA US",0,206,28,5,81,54,96
USW00023190,2012-01-04,34.4241,-119.84249,2.5,"SANTA BARBARA MUNICIPAL AIRPORT, CA US",0,217,39,8,73,41,93
USW00023190,2012-01-05,34.4241,-119.84249,2.5,"SANTA BARBARA MUNICIPAL AIRPORT, CA US",0,239,44,8,76,34,93
USW00023190,2012-01-06,34.4241,-119.84249,2.5,"SANTA BARBARA MUNICIPAL AIRPORT, CA US",0,211,61,18,78,30,96
USW00023190,2012-01-07,34.4241,-119.84249,2.5,"SANTA BARBARA MUNICIPAL AIRPORT, CA US",0,139,22,10,93,81,100
USW00023190,2012-01-08,34.4241,-119.84249,2.5,"SANTA BARBARA MUNICIPAL AIRPORT, CA US",0,189,17,11,62,23,97
USW00023190,2012-01-09,34.4241,-119.84249,2.5,"SANTA BARBARA MUNICIPAL AIRPORT, CA US",0,233,17,9,53,12,76
USW00023190,2012-01-10,34.4241,-119.84249,2.5,"SANTA BARBARA MUNICIPAL AIRPORT, CA US",0,167,22,9,79,58,93
USW00023190,2012-01-11,34.4241,-119.84249,2.5,"SANTA BARBARA MUNICIPAL AIRPORT, CA US",0,178,33,6,78,34,96
USW00023190,2012-01-12,34.4241,-119.84249,2.5,"SANTA BARBARA MUNICIPAL AIRPORT, CA US",0,211,39,9,62,20,86
USW00023190,2012-01-13,34.4241,-119.84249,2.5,"SANTA BARBARA MUNICIPAL AIRPORT, CA US",0,239,6,6,45,7,89
USW00023190,2012-01-14,34.4241,-119.84249,2.5,"SANTA BARBARA MUNICIPAL AIRPORT, CA US",0,194,28,2,49,19,70
USW00023190,2012-01-15,34.4241,-119.84249,2.5,"SANTA BARBARA MUNICIPAL AIRPORT, CA US",0,167,44,12,70,41,93
USW00023190,2012-01-16,34.4241,-119.84249,2.5,"SANTA BARBARA MUNICIPAL AIRPORT, CA US",0,161,33,20,51,31,93
USW00023190,2012-01-17,34.4241,-119.84249,2.5,"SANTA BARBARA MUNICIPAL AIRPORT, CA US",0,144,17,12,70,51,89
USW00023190,2012-01-18,34.4241,-119.84249,2.5,"SANTA BARBARA MUNICIPAL AIRPORT, CA US",0,161,17,8,72,41,89
USW00023190,2012-01-19,34.4241,-119.84249,2.5,"SANTA BARBARA MUNICIPAL AIRPORT, CA US",0,156,11,13,74,55,96
USW00023190,2012-01-20,34.4241,-119.84249,2.5,"SANTA BARBARA MUNICIPAL AIRPORT, CA US",3,161,44,14,81,67,97
USW00023190,2012-01-21,34.4241,-119.84249,2.5,"SANTA BARBARA MUNICIPAL AIRPORT, CA US",356,167,56,31,70,39,97
USW00023190,2012-01-22,34.4241,-119.84249,2.5,"SANTA BARBARA MUNICIPAL AIRPORT, CA US",0,150,50,16,70,53,83
USW00023190,2012-01-23,34.4241,-119.84249,2.5,"SANTA BARBARA MUNICIPAL AIRPORT, CA US",173,144,83,27,84,65,97
USW00023190,2012-01-24,34.4241,-119.84249,2.5,"SANTA BARBARA MUNICIPAL AIRPORT, CA US",0,189,50,17,67,30,93
USW00023190,2012-01-25,34.4241,-119.84249,2.5,"SANTA BARBARA MUNICIPAL AIRPORT, CA US",0,261,61,20,63,26,89
USW00023190,2012-01-26,34.4241,-119.84249,2.5,"SANTA BARBARA MUNICIPAL AIRPORT, CA US",0,294,83,26,54,31,93
USW00023190,2012-01-27,34.4241,-119.84249,2.5,"SANTA BARBARA MUNICIPAL AIRPORT, CA US",0,233,78,22,65,38,93
USW00023190,2012-01-28,34.4241,-119.84249,2.5,"SANTA BARBARA MUNICIPAL AIRPORT, CA US",0,222,44,10,62,23,93
USW00023190,2012-01-29,34.4241,-119.84249,2.5,"SANTA BARBARA MUNICIPAL AIRPORT, CA US",0,233,33,9,53,12,86
USW00023190,2012-01-30,34.4241,-119.84249,2.5,"SANTA BARBARA MUNICIPAL AIRPORT, CA US",0,178,28,7,68,39,83
USW00023190,2012-01-31,34.4241,-119.84249,2.5,"SANTA BARBARA MUNICIPAL AIRPORT, CA US",0,161,44,15,82,67,93
USW00023190,2012-02-01,34.4241,-119.84249,2.5,"SANTA BARBARA MUNICIPAL AIRPORT, CA US",0,183,61,17,83,58,96
USW00023190,2012-02-02,34.4241,-119.84249,2.5,"SANTA BARBARA MUNICIPAL AIRPORT, CA US",0,189,44,10,71,33,89
USW00023190,2012-02-03,34.4241,-119.84249,2.5,"SANTA BARBARA MUNICIPAL AIRPORT, CA US",0,200,33,6,57,18,89
USW00023190,2012-02-04,34.4241,-119.84249,2.5,"SANTA BARBARA MUNICIPAL AIRPORT, CA US",0,206,28,5,49,16,79
USW00023190,2012-02-05,34.4241,-119.84249,2.5,"SANTA BARBARA MUNICIPAL AIRPORT, CA US",0,217,33,9,57,20,90
USW00023190,2012-02-06,34.4241,-119.84249,2.5,"SANTA BARBARA MUNICIPAL AIRPORT, CA US",0,178,50,19,64,44,82
USW00023190,2012-02-07,34.4241,-119.84249,2.5,"SANTA BARBARA MUNICIPAL AIRPORT, CA US",18,167,100,41,73,60,86
USW00023190,2012-02-08,34.4241,-119.84249,2.5,"SANTA BARBARA MUNICIPAL AIRPORT, CA US",0,211,61,10,67,31,93
USW00023190,2012-02-09,34.4241,-119.84249,2.5,"SANTA BARBARA MUNICIPAL AIRPORT, CA US",0,228,50,15,68,33,89
USW00023190,2012-02-10,34.4241,-119.84249,2.5,"SANTA BARBARA MUNICIPAL AIRPORT, CA US",0,200,61,14,72,42,93
USW00023190,2012-02-11,34.4241,-119.84249,2.5,"SANTA BARBARA MUNICIPAL AIRPORT, CA US",0,194,89,31,69,40,93
USW00023190,2012-02-12,34.4241,-119.84249,2.5,"SANTA BARBARA MUNICIPAL AIRPORT, CA US",0,172,61,23,71,54,83
USW00023190,2012-02-13,34.4241,-119.84249,2.5,"SANTA BARBARA MUNICIPAL AIRPORT, CA US",3,167,89,44,62,31,80
USW00023190,2012-02-14,34.4241,-119.84249,2.5,"SANTA BARBARA MUNICIPAL AIRPORT, CA US",0,183,56,31,49,32,74
USW00023190,2012-02-15,34.4241,-119.84249,2.5,"SANTA BARBARA MUNICIPAL AIRPORT, CA US",0,172,39,35,52,26,83
USW00023190,2012-02-16,34.4241,-119.84249,2.5,"SANTA BARBARA MUNICIPAL AIRPORT, CA US",0,183,44,26,52,28,80
USW00023190,2012-02-17,34.4241,-119.84249,2.5,"SANTA BARBARA MUNICIPAL AIRPORT, CA US",0,178,22,10,66,32,82
USW00023190,2012-02-18,34.4241,-119.84249,2.5,"SANTA BARBARA MUNICIPAL AIRPORT, CA US",0,150,44,15,81,70,90
USW00023190,2012-02-19,34.4241,-119.84249,2.5,"SANTA BARBARA MUNICIPAL AIRPORT, CA US",0,183,50,22,62,38,93
USW00023190,2012-02-20,34.4241,-119.84249,2.5,"SANTA BARBARA MUNICIPAL AIRPORT, CA US",0,156,44,13,75,58,93
USW00023190,2012-02-21,34.4241,-119.84249,2.5,"SANTA BARBARA MUNICIPAL AIRPORT, CA US",0,189,28,11,68,40,93
USW00023190,2012-02-22,34.4241,-119.84249,2.5,"SANTA BARBARA MUNICIPAL AIRPORT, CA US",0,239,50,12,57,13,86
USW00023190,2012-02-23,34.4241,-119.84249,2.5,"SANTA BARBARA MUNICIPAL AIRPORT, CA US",0,239,89,19,60,13,90
USW00023190,2012-02-24,34.4241,-119.84249,2.5,"SANTA BARBARA MUNICIPAL AIRPORT, CA US",0,156,83,25,88,78,97
USW00023190,2012-02-25,34.4241,-119.84249,2.5,"SANTA BARBARA MUNICIPAL AIRPORT, CA US",0,178,83,18,77,22,97
USW00023190,2012-02-26,34.4241,-119.84249,2.5,"SANTA BARBARA MUNICIPAL AIRPORT, CA US",0,172,39,25,74,39,96
USW00023190,2012-02-27,34.4241,-119.84249,2.5,"SANTA BARBARA MUNICIPAL AIRPORT, CA US",0,139,72,44,60,49,77
USW00023190,2012-02-28,34.4241,-119.84249,2.5,"SANTA BARBARA MUNICIPAL AIRPORT, CA US",0,156,39,25,59,39,76
USW00023190,2012-02-29,34.4241,-119.84249,2.5,"SANTA BARBARA MUNICIPAL AIRPORT, CA US",0,150,22,32,77,59,93
USW00023190,2012-03-01,34.4241,-119.84249,2.5,"SANTA BARBARA MUNICIPAL AIRPORT, CA US",0,206,28,41,58,25,93
USW00023190,2012-03-02,34.4241,-119.84249,2.5,"SANTA BARBARA MUNICIPAL AIRPORT, CA US",0,183,33,18,62,33,86
USW00023190,2012-03-03,34.4241,-119.84249,2.5,"SANTA BARBARA MUNICIPAL AIRPORT, CA US",0,211,28,14,57,21,86
USW00023190,2012-03-04,34.4241,-119.84249,2.5,"SANTA BARBARA MUNICIPAL AIRPORT, CA US",0,250,33,12,55,15,87
USW00023190,2012-03-05,34.4241,-119.84249,2.5,"SANTA BARBARA MUNICIPAL AIRPORT, CA US",0,211,61,12,77,49,100
USW00023190,2012-03-06,34.4241,-119.84249,2.5,"SANTA BARBARA MUNICIPAL AIRPORT, CA US",0,189,67,39,60,29,100
USW00023190,2012-03-07,34.4241,-119.84249,2.5,"SANTA BARBARA MUNICIPAL AIRPORT, CA US",0,144,28,26,31,17,63
USW00023190,2012-03-08,34.4241,-119.84249,2.5,"SANTA BARBARA MUNICIPAL AIRPORT, CA US",0,228,6,16,47,10,76
USW00023190,2012-03-09,34.4241,-119.84249,2.5,"SANTA BARBARA MUNICIPAL AIRPORT, CA US",0,256,28,22,36,9,73
USW00023190,2012-03-10,34.4241,-119.84249,2.5,"SANTA BARBARA MUNICIPAL AIRPORT, CA US",0,178,28,20,69,35,89
USW00023190,2012-03-11,34.4241,-119.84249,2.5,"SANTA BARBARA MUNICIPAL AIRPORT, CA US",0,156,39,17,78,60,93
USW00023190,2012-03-12,34.4241,-119.84249,2.5,"SANTA BARBARA MUNICIPAL AIRPORT, CA US",0,156,56,13,80,62,93
USW00023190,2012-03-13,34.4241,-119.84249,2.5,"SANTA BARBARA MUNICIPAL AIRPORT, CA US",0,156,44,21,80,62,97
USW00023190,2012-03-14,34.4241,-119.84249,2.5,"SANTA BARBARA MUNICIPAL AIRPORT, CA US",0,156,56,23,86,69,96
USW00023190,2012-03-15,34.4241,-119.84249,2.5,"SANTA BARBARA MUNICIPAL AIRPORT, CA US",0,156,89,22,86,72,93
USW00023190,2012-03-16,34.4241,-119.84249,2.5,"SANTA BARBARA MUNICIPAL AIRPORT, CA US",18,167,106,19,88,72,97
USW00023190,2012-03-17,34.4241,-119.84249,2.5,"SANTA BARBARA MUNICIPAL AIRPORT, CA US",216,139,61,55,80,59,97
USW00023190,2012-03-18,34.4241,-119.84249,2.5,"SANTA BARBARA MUNICIPAL AIRPORT, CA US",5,139,44,47,62,42,86
USW00023190,2012-03-19,34.4241,-119.84249,2.5,"SANTA BARBARA MUNICIPAL AIRPORT, CA US",0,139,67,22,57,35,74
USW00023190,2012-03-20,34.4241,-119.84249,2.5,"SANTA BARBARA MUNICIPAL AIRPORT, CA US",0,172,39,13,66,39,89
USW00023190,2012-03-21,34.4241,-119.84249,2.5,"SANTA BARBARA MUNICIPAL AIRPORT, CA US",0,194,61,17,70,39,93
USW00023190,2012-03-22,34.4241,-119.84249,2.5,"SANTA BARBARA MUNICIPAL AIRPORT, CA US",0,178,67,16,82,60,93
USW00023190,2012-03-23,34.4241,-119.84249,2.5,"SANTA BARBARA MUNICIPAL AIRPORT, CA US",0,156,72,21,83,70,93
USW00023190,2012-03-24,34.4241,-119.84249,2.5,"SANTA BARBARA MUNICIPAL AIRPORT, CA US",0,150,61,31,76,62,93
USW00023190,2012-03-25,34.4241,-119.84249,2.5,"SANTA BARBARA MUNICIPAL AIRPORT, CA US",251,139,67,33,88,77,97
USW00023190,2012-03-26,34.4241,-119.84249,2.5,"SANTA BARBARA MUNICIPAL AIRPORT, CA US",0,150,39,17,80,58,96
USW00023190,2012-03-27,34.4241,-119.84249,2.5,"SANTA BARBARA MUNICIPAL AIRPORT, CA US",0,161,56,21,76,54,93
USW00023190,2012-03-28,34.4241,-119.84249,2.5,"SANTA BARBARA MUNICIPAL AIRPORT, CA US",0,172,78,28,86,78,100
USW00023190,2012-03-29,34.4241,-119.84249,2.5,"SANTA BARBARA MUNICIPAL AIRPORT, CA US",0,167,89,27,89,75,100
USW00023190,2012-03-30,34.4241,-119.84249,2.5,"SANTA BARBARA MUNICIPAL AIRPORT, CA US",0,156,78,19,91,81,100
USW00023190,2012-03-31,34.4241,-119.84249,2.5,"SANTA BARBARA MUNICIPAL AIRPORT, CA US",89,150,78,25,89,74,100
USW00023190,2012-04-01,34.4241,-119.84249,2.5,"SANTA BARBARA MUNICIPAL AIRPORT, CA US",0,200,83,55,43,22,83
USW00023190,2012-04-02,34.4241,-119.84249,2.5,"SANTA BARBARA MUNICIPAL AIRPORT, CA US",0,206,56,21,56,23,92
USW00023190,2012-04-03,34.4241,-119.84249,2.5,"SANTA BARBARA MUNICIPAL AIRPORT, CA US",0,200,61,14,74,36,97
USW00023190,2012-04-04,34.4241,-119.84249,2.5,"SANTA BARBARA MUNICIPAL AIRPORT, CA US",0,228,83,29,57,33,97
USW00023190,2012-04-05,34.4241,-119.84249,2.5,"SANTA BARBARA MUNICIPAL AIRPORT, CA US",0,206,78,54,34,18,77
USW00023190,2012-04-06,34.4241,-119.84249,2.5,"SANTA BARBARA MUNICIPAL AIRPORT, CA US",0,167,56,20,57,24,90
USW00023190,2012-04-07,34.4241,-119.84249,2.5,"SANTA BARBARA MUNICIPAL AIRPORT, CA US",0,217,33,22,61,20,93
USW00023190,2012-04-08,34.4241,-119.84249,2.5,"SANTA BARBARA MUNICIPAL AIRPORT, CA US",0,200,44,20,74,33,93
USW00023190,2012-04-09,34.4241,-119.84249,2.5,"SANTA BARBARA MUNICIPAL AIRPORT, CA US",0,161,33,22,83,62,97
USW00023190,2012-04-10,34.4241,-119.84249,2.5,"SANTA BARBARA MUNICIPAL AIRPORT, CA US",157,156,39,24,85,67,100
USW00023190,2012-04-11,34.4241,-119.84249,2.5,"SANTA BARBARA MUNICIPAL AIRPORT, CA US",168,150,78,30,90,78,100
USW00023190,2012-04-12,34.4241,-119.84249,2.5,"SANTA BARBARA MUNICIPAL AIRPORT, CA US",28,150,56,11,94,77,100
USW00023190,2012-04-13,34.4241,-119.84249,2.5,"SANTA BARBARA MUNICIPAL AIRPORT, CA US",124,128,83,40,85,64,100
USW00023190,2012-04-14,34.4241,-119.84249,2.5,"SANTA BARBARA MUNICIPAL AIRPORT, CA US",0,178,67,58,64,43,93
USW00023190,2012-04-15,34.4241,-119.84249,2.5,"SANTA BARBARA MUNICIPAL AIRPORT, CA US",0,167,56,23,83,56,100
USW00023190,2012-04-16,34.4241,-119.84249,2.5,"SANTA BARBARA MUNICIPAL AIRPORT, CA US",0,189,61,16,84,58,100
USW00023190,2012-04-17,34.4241,-119.84249,2.5,"SANTA BARBARA MUNICIPAL AIRPORT, CA US",0,206,78,16,81,57,100
USW00023190,2012-04-18,34.4241,-119.84249,2.5,"SANTA BARBARA MUNICIPAL AIRPORT, CA US",0,178,89,18,86,70,100
USW00023190,2012-04-19,34.4241,-119.84249,2.5,"SANTA BARBARA MUNICIPAL AIRPORT, CA US",0,167,94,26,92,78,100
USW00023190,2012-04-20,34.4241,-119.84249,2.5,"SANTA BARBARA MUNICIPAL AIRPORT, CA US",0,172,106,20,94,78,100
USW00023190,2012-04-21,34.4241,-119.84249,2.5,"SANTA BARBARA MUNICIPAL AIRPORT, CA US",0,156,111,26,97,83,100
USW00023190,2012-04-22,34.4241,-119.84249,2.5,"SANTA BARBARA MUNICIPAL AIRPORT, CA US",0,139,117,19,98,90,100
USW00023190,2012-04-23,34.4241,-119.84249,2.5,"SANTA BARBARA MUNICIPAL AIRPORT, CA US",13,156,111,19,90,75,100
USW00023190,2012-04-24,34.4241,-119.84249,2.5,"SANTA BARBARA MUNICIPAL AIRPORT, CA US",0,200,106,19,77,56,97
USW00023190,2012-04-25,34.4241,-119.84249,2.5,"SANTA BARBARA MUNICIPAL AIRPORT, CA US",53,200,122,28,88,73,100
USW00023190,2012-04-26,34.4241,-119.84249,2.5,"SANTA BARBARA MUNICIPAL AIRPORT, CA US",20,211,100,26,79,49,100
USW00023190,2012-04-27,34.4241,-119.84249,2.5,"SANTA BARBARA MUNICIPAL AIRPORT, CA US",0,200,67,19,75,47,97
USW00023190,2012-04-28,34.4241,-119.84249,2.5,"SANTA BARBARA MUNICIPAL AIRPORT, CA US",0,222,72,22,75,38,97
USW00023190,2012-04-29,34.4241,-119.84249,2.5,"SANTA BARBARA MUNICIPAL AIRPORT, CA US",0,189,100,19,87,73,100
USW00023190,2012-04-30,34.4241,-119.84249,2.5,"SANTA BARBARA MUNICIPAL AIRPORT, CA US",0,150,117,23,95,90,100
USW00023190,2012-05-01,34.4241,-119.84249,2.5,"SANTA BARBARA MUNICIPAL AIRPORT, CA US",0,172,117,23,88,73,100
USW00023190,2012-05-02,34.4241,-119.84249,2.5,"SANTA BARBARA MUNICIPAL AIRPORT, CA US",0,183,100,17,81,63,100
USW00023190,2012-05-03,34.4241,-119.84249,2.5,"SANTA BARBARA MUNICIPAL AIRPORT, CA US",0,183,78,19,81,58,100
USW00023190,2012-05-04,34.4241,-119.84249,2.5,"SANTA BARBARA MUNICIPAL AIRPORT, CA US",0,189,78,23,75,58,97
USW00023190,2012-05-05,34.4241,-119.84249,2.5,"SANTA BARBARA MUNICIPAL AIRPORT, CA US",0,228,89,21,76,33,100
USW00023190,2012-05-06,34.4241,-119.84249,2.5,"SANTA BARBARA MUNICIPAL AIRPORT, CA US",0,194,94,22,83,70,93
USW00023190,2012-05-07,34.4241,-119.84249,2.5,"SANTA BARBARA MUNICIPAL AIRPORT, CA US",0,183,117,26,87,75,100
USW00023190,2012-05-08,34.4241,-119.84249,2.5,"SANTA BARBARA MUNICIPAL AIRPORT, CA US",0,283,117,22,78,23,100
USW00023190,2012-05-09,34.4241,-119.84249,2.5,"SANTA BARBARA MUNICIPAL AIRPORT, CA US",0,211,111,19,84,65,97
USW00023190,2012-05-10,34.4241,-119.84249,2.5,"SANTA BARBARA MUNICIPAL AIRPORT, CA US",0,189,117,30,86,73,96
USW00023190,2012-05-11,34.4241,-119.84249,2.5,"SANTA BARBARA MUNICIPAL AIRPORT, CA US",0,167,117,22,89,78,100
USW00023190,2012-05-12,34.4241,-119.84249,2.5,"SANTA BARBARA MUNICIPAL AIRPORT, CA US",0,150,122,26,91,83,100
USW00023190,2012-05-13,34.4241,-119.84249,2.5,"SANTA BARBARA MUNICIPAL AIRPORT, CA US",0,189,94,17,87,68,100
USW00023190,2012-05-14,34.4241,-119.84249,2.5,"SANTA BARBARA MUNICIPAL AIRPORT, CA US",0,206,78,30,78,57,100
USW00023190,2012-05-15,34.4241,-119.84249,2.5,"SANTA BARBARA MUNICIPAL AIRPORT, CA US",0,233,78,18,80,60,96
USW00023190,2012-05-16,34.4241,-119.84249,2.5,"SANTA BARBARA MUNICIPAL AIRPORT, CA US",0,272,106,20,81,55,100
USW00023190,2012-05-17,34.4241,-119.84249,2.5,"SANTA BARBARA MUNICIPAL AIRPORT, CA US",0,222,122,32,71,20,96
USW00023190,2012-05-18,34.4241,-119.84249,2.5,"SANTA BARBARA MUNICIPAL AIRPORT, CA US",0,239,100,33,74,48,90
USW00023190,2012-05-19,34.4241,-119.84249,2.5,"SANTA BARBARA MUNICIPAL AIRPORT, CA US",0,189,100,22,83,63,93
USW00023190,2012-05-20,34.4241,-119.84249,2.5,"SANTA BARBARA MUNICIPAL AIRPORT, CA US",0,189,100,17,87,68,97
USW00023190,2012-05-21,34.4241,-119.84249,2.5,"SANTA BARBARA MUNICIPAL AIRPORT, CA US",0,206,128,26,85,68,97
USW00023190,2012-05-22,34.4241,-119.84249,2.5,"SANTA BARBARA MUNICIPAL AIRPORT, CA US",0,278,106,22,78,34,100
USW00023190,2012-05-23,34.4241,-119.84249,2.5,"SANTA BARBARA MUNICIPAL AIRPORT, CA US",0,300,167,55,36,22,51
USW00023190,2012-05-24,34.4241,-119.84249,2.5,"SANTA BARBARA MUNICIPAL AIRPORT, CA US",0,194,100,32,76,63,90
USW00023190,2012-05-25,34.4241,-119.84249,2.5,"SANTA BARBARA MUNICIPAL AIRPORT, CA US",0,206,106,52,51,27,80
USW00023190,2012-05-26,34.4241,-119.84249,2.5,"SANTA BARBARA MUNICIPAL AIRPORT, CA US",0,211,94,44,59,42,80
USW00023190,2012-05-27,34.4241,-119.84249,2.5,"SANTA BARBARA MUNICIPAL AIRPORT, CA US",0,217,78,21,73,46,89
USW00023190,2012-05-28,34.4241,-119.84249,2.5,"SANTA BARBARA MUNICIPAL AIRPORT, CA US",0,233,89,21,73,43,93
USW00023190,2012-05-29,34.4241,-119.84249,2.5,"SANTA BARBARA MUNICIPAL AIRPORT, CA US",0,222,111,20,78,55,93
USW00023190,2012-05-30,34.4241,-119.84249,2.5,"SANTA BARBARA MUNICIPAL AIRPORT, CA US",0,206,100,20,81,57,97
USW00023190,2012-05-31,34.4241,-119.84249,2.5,"SANTA BARBARA MUNICIPAL AIRPORT, CA US",0,211,94,22,83,57,100
USW00023190,2012-06-01,34.4241,-119.84249,2.5,"SANTA BARBARA MUNICIPAL AIRPORT, CA US",0,178,122,25,89,73,100
USW00023190,2012-06-02,34.4241,-119.84249,2.5,"SANTA BARBARA MUNICIPAL AIRPORT, CA US",0,178,128,22,89,78,97
USW00023190,2012-06-03,34.4241,-119.84249,2.5,"SANTA BARBARA MUNICIPAL AIRPORT, CA US",0,200,133,22,87,70,97
USW00023190,2012-06-04,34.4241,-119.84249,2.5,"SANTA BARBARA MUNICIPAL AIRPORT, CA US",0,194,128,18,82,54,96
USW00023190,2012-06-05,34.4241,-119.84249,2.5,"SANTA BARBARA MUNICIPAL AIRPORT, CA US",0,233,117,48,44,32,74
USW00023190,2012-06-06,34.4241,-119.84249,2.5,"SANTA BARBARA MUNICIPAL AIRPORT, CA US",0,289,150,40,37,24,87
USW00023190,2012-06-07,34.4241,-119.84249,2.5,"SANTA BARBARA MUNICIPAL AIRPORT, CA US",0,206,100,25,77,63,93
USW00023190,2012-06-08,34.4241,-119.84249,2.5,"SANTA BARBARA MUNICIPAL AIRPORT, CA US",0,200,122,22,83,71,93
USW00023190,2012-06-09,34.4241,-119.84249,2.5,"SANTA BARBARA MUNICIPAL AIRPORT, CA US",0,194,117,17,82,68,96
USW00023190,2012-06-10,34.4241,-119.84249,2.5,"SANTA BARBARA MUNICIPAL AIRPORT, CA US",0,206,100,20,84,65,96
USW00023190,2012-06-11,34.4241,-119.84249,2.5,"SANTA BARBARA MUNICIPAL AIRPORT, CA US",0,189,111,23,89,78,97
USW00023190,2012-06-12,34.4241,-119.84249,2.5,"SANTA BARBARA MUNICIPAL AIRPORT, CA US",0,178,133,23,89,78,100
USW00023190,2012-06-13,34.4241,-119.84249,2.5,"SANTA BARBARA MUNICIPAL AIRPORT, CA US",0,189,139,18,86,70,100
USW00023190,2012-06-14,34.4241,-119.84249,2.5,"SANTA BARBARA MUNICIPAL AIRPORT, CA US",0,183,133,25,85,73,93
USW00023190,2012-06-15,34.4241,-119.84249,2.5,"SANTA BARBARA MUNICIPAL AIRPORT, CA US",0,183,133,16,87,75,97
USW00023190,2012-06-16,34.4241,-119.84249,2.5,"SANTA BARBARA MUNICIPAL AIRPORT, CA US",0,194,122,22,85,71,100
USW00023190,2012-06-17,34.4241,-119.84249,2.5,"SANTA BARBARA MUNICIPAL AIRPORT, CA US",0,178,139,30,91,78,100
USW00023190,2012-06-18,34.4241,-119.84249,2.5,"SANTA BARBARA MUNICIPAL AIRPORT, CA US",0,189,139,27,88,78,100
USW00023190,2012-06-19,34.4241,-119.84249,2.5,"SANTA BARBARA MUNICIPAL AIRPORT, CA US",0,194,144,32,83,68,93
USW00023190,2012-06-20,34.4241,-119.84249,2.5,"SANTA BARBARA MUNICIPAL AIRPORT, CA US",0,189,139,29,86,73,93
USW00023190,2012-06-21,34.4241,-119.84249,2.5,"SANTA BARBARA MUNICIPAL AIRPORT, CA US",0,194,106,25,86,66,97
USW00023190,2012-06-22,34.4241,-119.84249,2.5,"SANTA BARBARA MUNICIPAL AIRPORT, CA US",0,233,94,29,75,49,100
USW00023190,2012-06-23,34.4241,-119.84249,2.5,"SANTA BARBARA MUNICIPAL AIRPORT, CA US",0,222,106,22,77,59,93
USW00023190,2012-06-24,34.4241,-119.84249,2.5,"SANTA BARBARA MUNICIPAL AIRPORT, CA US",0,239,100,22,66,45,89
USW00023190,2012-06-25,34.4241,-119.84249,2.5,"SANTA BARBARA MUNICIPAL AIRPORT, CA US",0,261,89,22,59,30,90
USW00023190,2012-06-26,34.4241,-119.84249,2.5,"SANTA BARBARA MUNICIPAL AIRPORT, CA US",0,228,106,19,72,50,84
USW00023190,2012-06-27,34.4241,-119.84249,2.5,"SANTA BARBARA MUNICIPAL AIRPORT, CA US",0,239,111,20,74,51,90
USW00023190,2012-06-28,34.4241,-119.84249,2.5,"SANTA BARBARA MUNICIPAL AIRPORT, CA US",0,222,128,23,79,59,93
USW00023190,2012-06-29,34.4241,-119.84249,2.5,"SANTA BARBARA MUNICIPAL AIRPORT, CA US",0,233,117,18,79,57,96
USW00023190,2012-06-30,34.4241,-119.84249,2.5,"SANTA BARBARA MUNICIPAL AIRPORT, CA US",0,233,128,22,78,53,93
USW00023190,2012-07-01,34.4241,-119.84249,2.5,"SANTA BARBARA MUNICIPAL AIRPORT, CA US",0,206,133,30,80,68,93
USW00023190,2012-07-02,34.4241,-119.84249,2.5,"SANTA BARBARA MUNICIPAL AIRPORT, CA US",0,228,133,26,78,64,93
USW00023190,2012-07-03,34.4241,-119.84249,2.5,"SANTA BARBARA MUNICIPAL AIRPORT, CA US",0,200,144,21,83,70,93
USW00023190,2012-07-04,34.4241,-119.84249,2.5,"SANTA BARBARA MUNICIPAL AIRPORT, CA US",0,189,139,25,85,78,93
USW00023190,2012-07-05,34.4241,-119.84249,2.5,"SANTA BARBARA MUNICIPAL AIRPORT, CA US",0,200,133,25,84,68,97
USW00023190,2012-07-06,34.4241,-119.84249,2.5,"SANTA BARBARA MUNICIPAL AIRPORT, CA US",0,194,128,20,86,73,97
USW00023190,2012-07-07,34.4241,-119.84249,2.5,"SANTA BARBARA MUNICIPAL AIRPORT, CA US",0,183,128,20,89,75,100
USW00023190,2012-07-08,34.4241,-119.84249,2.5,"SANTA BARBARA MUNICIPAL AIRPORT, CA US",0,206,122,23,84,65,100
USW00023190,2012-07-09,34.4241,-119.84249,2.5,"SANTA BARBARA MUNICIPAL AIRPORT, CA US",0,239,111,23,80,55,96
USW00023190,2012-07-10,34.4241,-119.84249,2.5,"SANTA BARBARA MUNICIPAL AIRPORT, CA US",0,233,144,28,79,57,93
USW00023190,2012-07-11,34.4241,-119.84249,2.5,"SANTA BARBARA MUNICIPAL AIRPORT, CA US",0,217,133,26,84,59,100
USW00023190,2012-07-12,34.4241,-119.84249,2.5,"SANTA BARBARA MUNICIPAL AIRPORT, CA US",0,206,133,20,85,73,93
USW00023190,2012-07-13,34.4241,-119.84249,2.5,"SANTA BARBARA MUNICIPAL AIRPORT, CA US",0,244,150,24,76,57,93
USW00023190,2012-07-14,34.4241,-119.84249,2.5,"SANTA BARBARA MUNICIPAL AIRPORT, CA US",0,228,139,25,79,55,93
USW00023190,2012-07-15,34.4241,-119.84249,2.5,"SANTA BARBARA MUNICIPAL AIRPORT, CA US",0,206,133,24,82,68,93
USW00023190,2012-07-16,34.4241,-119.84249,2.5,"SANTA BARBARA MUNICIPAL AIRPORT, CA US",0,200,144,22,76,63,87
USW00023190,2012-07-17,34.4241,-119.84249,2.5,"SANTA BARBARA MUNICIPAL AIRPORT, CA US",0,211,156,27,77,63,87
USW00023190,2012-07-18,34.4241,-119.84249,2.5,"SANTA BARBARA MUNICIPAL AIRPORT, CA US",0,217,128,18,75,63,93
USW00023190,2012-07-19,34.4241,-119.84249,2.5,"SANTA BARBARA MUNICIPAL AIRPORT, CA US",0,294,167,26,62,43,87
USW00023190,2012-07-20,34.4241,-119.84249,2.5,"SANTA BARBARA MUNICIPAL AIRPORT, CA US",0,244,167,23,73,54,90
USW00023190,2012-07-21,34.4241,-119.84249,2.5,"SANTA BARBARA MUNICIPAL AIRPORT, CA US",0,239,128,23,81,62,97
USW00023190,2012-07-22,34.4241,-119.84249,2.5,"SANTA BARBARA MUNICIPAL AIRPORT, CA US",0,211,144,30,84,66,97
USW00023190,2012-07-23,34.4241,-119.84249,2.5,"SANTA BARBARA MUNICIPAL AIRPORT, CA US",0,200,150,26,84,73,93
USW00023190,2012-07-24,34.4241,-119.84249,2.5,"SANTA BARBARA MUNICIPAL AIRPORT, CA US",0,200,133,29,84,68,93
USW00023190,2012-07-25,34.4241,-119.84249,2.5,"SANTA BARBARA MUNICIPAL AIRPORT, CA US",0,206,128,33,80,61,93
USW00023190,2012-07-26,34.4241,-119.84249,2.5,"SANTA BARBARA MUNICIPAL AIRPORT, CA US",0,206,117,29,79,61,90
USW00023190,2012-07-27,34.4241,-119.84249,2.5,"SANTA BARBARA MUNICIPAL AIRPORT, CA US",0,206,89,26,78,59,96
USW00023190,2012-07-28,34.4241,-119.84249,2.5,"SANTA BARBARA MUNICIPAL AIRPORT, CA US",0,228,111,19,77,48,93
USW00023190,2012-07-29,34.4241,-119.84249,2.5,"SANTA BARBARA MUNICIPAL AIRPORT, CA US",0,228,117,23,78,55,93
USW00023190,2012-07-30,34.4241,-119.84249,2.5,"SANTA BARBARA MUNICIPAL AIRPORT, CA US",0,206,133,20,84,73,93
USW00023190,2012-07-31,34.4241,-119.84249,2.5,"SANTA BARBARA MUNICIPAL AIRPORT, CA US",0,189,139,15,87,73,100
USW00023190,2012-08-01,34.4241,-119.84249,2.5,"SANTA BARBARA MUNICIPAL AIRPORT, CA US",0,200,139,26,86,70,100
USW00023190,2012-08-02,34.4241,-119.84249,2.5,"SANTA BARBARA MUNICIPAL AIRPORT, CA US",0,200,144,21,83,66,93
USW00023190,2012-08-03,34.4241,-119.84249,2.5,"SANTA BARBARA MUNICIPAL AIRPORT, CA US",0,211,144,24,86,71,97
USW00023190,2012-08-04,34.4241,-119.84249,2.5,"SANTA BARBARA MUNICIPAL AIRPORT, CA US",5,217,139,23,82,64,93
USW00023190,2012-08-05,34.4241,-119.84249,2.5,"SANTA BARBARA MUNICIPAL AIRPORT, CA US",0,239,139,22,79,58,97
USW00023190,2012-08-06,34.4241,-119.84249,2.5,"SANTA BARBARA MUNICIPAL AIRPORT, CA US",0,267,139,20,74,52,93
USW00023190,2012-08-07,34.4241,-119.84249,2.5,"SANTA BARBARA MUNICIPAL AIRPORT, CA US",0,278,161,25,72,43,90
USW00023190,2012-08-08,34.4241,-119.84249,2.5,"SANTA BARBARA MUNICIPAL AIRPORT, CA US",0,250,161,24,74,54,87
USW00023190,2012-08-09,34.4241,-119.84249,2.5,"SANTA BARBARA MUNICIPAL AIRPORT, CA US",0,239,144,17,77,58,90
USW00023190,2012-08-10,34.4241,-119.84249,2.5,"SANTA BARBARA MUNICIPAL AIRPORT, CA US",0,261,144,21,74,50,97
USW00023190,2012-08-11,34.4241,-119.84249,2.5,"SANTA BARBARA MUNICIPAL AIRPORT, CA US",0,256,144,13,77,56,97
USW00023190,2012-08-12,34.4241,-119.84249,2.5,"SANTA BARBARA MUNICIPAL AIRPORT, CA US",0,256,156,17,76,52,93
USW00023190,2012-08-13,34.4241,-119.84249,2.5,"SANTA BARBARA MUNICIPAL AIRPORT, CA US",0,250,156,24,79,54,93
USW00023190,2012-08-14,34.4241,-119.84249,2.5,"SANTA BARBARA MUNICIPAL AIRPORT, CA US",0,239,156,25,81,64,97
USW00023190,2012-08-15,34.4241,-119.84249,2.5,"SANTA BARBARA MUNICIPAL AIRPORT, CA US",0,228,144,18,83,62,100
USW00023190,2012-08-16,34.4241,-119.84249,2.5,"SANTA BARBARA MUNICIPAL AIRPORT, CA US",0,256,128,16,78,54,96
USW00023190,2012-08-17,34.4241,-119.84249,2.5,"SANTA BARBARA MUNICIPAL AIRPORT, CA US",0,267,156,20,77,52,93
USW00023190,2012-08-18,34.4241,-119.84249,2.5,"SANTA BARBARA MUNICIPAL AIRPORT, CA US",0,272,167,16,72,49,90
USW00023190,2012-08-19,34.4241,-119.84249,2.5,"SANTA BARBARA MUNICIPAL AIRPORT, CA US",0,256,156,22,74,48,93
USW00023190,2012-08-20,34.4241,-119.84249,2.5,"SANTA BARBARA MUNICIPAL AIRPORT, CA US",0,261,144,14,78,58,93
USW00023190,2012-08-21,34.4241,-119.84249,2.5,"SANTA BARBARA MUNICIPAL AIRPORT, CA US",0,239,150,17,80,64,93
USW00023190,2012-08-22,34.4241,-119.84249,2.5,"SANTA BARBARA MUNICIPAL AIRPORT, CA US",0,222,161,22,84,71,97
USW00023190,2012-08-23,34.4241,-119.84249,2.5,"SANTA BARBARA MUNICIPAL AIRPORT, CA US",0,211,167,27,85,71,90
USW00023190,2012-08-24,34.4241,-119.84249,2.5,"SANTA BARBARA MUNICIPAL AIRPORT, CA US",0,211,156,21,84,71,93
USW00023190,2012-08-25,34.4241,-119.84249,2.5,"SANTA BARBARA MUNICIPAL AIRPORT, CA US",0,211,161,25,82,71,90
USW00023190,2012-08-26,34.4241,-119.84249,2.5,"SANTA BARBARA MUNICIPAL AIRPORT, CA US",0,222,128,18,72,59,84
USW00023190,2012-08-27,34.4241,-119.84249,2.5,"SANTA BARBARA MUNICIPAL AIRPORT, CA US",0,250,111,18,71,45,93
USW00023190,2012-08-28,34.4241,-119.84249,2.5,"SANTA BARBARA MUNICIPAL AIRPORT, CA US",0,272,139,16,75,45,93
USW00023190,2012-08-29,34.4241,-119.84249,2.5,"SANTA BARBARA MUNICIPAL AIRPORT, CA US",0,278,150,15,76,53,90
USW00023190,2012-08-30,34.4241,-119.84249,2.5,"SANTA BARBARA MUNICIPAL AIRPORT, CA US",0,250,144,17,76,52,97
USW00023190,2012-08-31,34.4241,-119.84249,2.5,"SANTA BARBARA MUNICIPAL AIRPORT, CA US",0,261,133,23,74,45,90
USW00023190,2012-09-01,34.4241,-119.84249,2.5,"SANTA BARBARA MUNICIPAL AIRPORT, CA US",0,250,111,18,77,48,96
USW00023190,2012-09-02,34.4241,-119.84249,2.5,"SANTA BARBARA MUNICIPAL AIRPORT, CA US",0,233,122,19,78,57,93
USW00023190,2012-09-03,34.4241,-119.84249,2.5,"SANTA BARBARA MUNICIPAL AIRPORT, CA US",0,217,150,22,86,73,96
USW00023190,2012-09-04,34.4241,-119.84249,2.5,"SANTA BARBARA MUNICIPAL AIRPORT, CA US",0,239,150,18,80,55,96
USW00023190,2012-09-05,34.4241,-119.84249,2.5,"SANTA BARBARA MUNICIPAL AIRPORT, CA US",8,233,156,16,81,64,93
USW00023190,2012-09-06,34.4241,-119.84249,2.5,"SANTA BARBARA MUNICIPAL AIRPORT, CA US",13,211,156,16,85,68,93
USW00023190,2012-09-07,34.4241,-119.84249,2.5,"SANTA BARBARA MUNICIPAL AIRPORT, CA US",0,250,161,17,79,60,97
USW00023190,2012-09-08,34.4241,-119.84249,2.5,"SANTA BARBARA MUNICIPAL AIRPORT, CA US",0,272,156,20,73,50,90
USW00023190,2012-09-09,34.4241,-119.84249,2.5,"SANTA BARBARA MUNICIPAL AIRPORT, CA US",0,261,161,19,73,50,87
USW00023190,2012-09-10,34.4241,-119.84249,2.5,"SANTA BARBARA MUNICIPAL AIRPORT, CA US",0,256,161,14,76,58,93
USW00023190,2012-09-11,34.4241,-119.84249,2.5,"SANTA BARBARA MUNICIPAL AIRPORT, CA US",0,228,150,14,86,73,96
USW00023190,2012-09-12,34.4241,-119.84249,2.5,"SANTA BARBARA MUNICIPAL AIRPORT, CA US",0,233,172,29,89,71,97
USW00023190,2012-09-13,34.4241,-119.84249,2.5,"SANTA BARBARA MUNICIPAL AIRPORT, CA US",0,256,161,15,85,58,100
USW00023190,2012-09-14,34.4241,-119.84249,2.5,"SANTA BARBARA MUNICIPAL AIRPORT, CA US",0,272,144,16,78,50,96
USW00023190,2012-09-15,34.4241,-119.84249,2.5,"SANTA BARBARA MUNICIPAL AIRPORT, CA US",0,278,139,9,77,47,97
USW00023190,2012-09-16,34.4241,-119.84249,2.5,"SANTA BARBARA MUNICIPAL AIRPORT, CA US",0,228,139,21,84,68,97
USW00023190,2012-09-17,34.4241,-119.84249,2.5,"SANTA BARBARA MUNICIPAL AIRPORT, CA US",0,206,128,17,85,73,97
USW00023190,2012-09-18,34.4241,-119.84249,2.5,"SANTA BARBARA MUNICIPAL AIRPORT, CA US",0,222,100,15,80,53,100
USW00023190,2012-09-19,34.4241,-119.84249,2.5,"SANTA BARBARA MUNICIPAL AIRPORT, CA US",0,256,133,22,78,48,93
USW00023190,2012-09-20,34.4241,-119.84249,2.5,"SANTA BARBARA MUNICIPAL AIRPORT, CA US",0,256,150,18,76,48,93
USW00023190,2012-09-21,34.4241,-119.84249,2.5,"SANTA BARBARA MUNICIPAL AIRPORT, CA US",0,256,144,20,77,52,93
USW00023190,2012-09-22,34.4241,-119.84249,2.5,"SANTA BARBARA MUNICIPAL AIRPORT, CA US",0,244,150,15,84,69,93
USW00023190,2012-09-23,34.4241,-119.84249,2.5,"SANTA BARBARA MUNICIPAL AIRPORT, CA US",0,250,139,13,82,60,96
USW00023190,2012-09-24,34.4241,-119.84249,2.5,"SANTA BARBARA MUNICIPAL AIRPORT, CA US",0,228,128,21,83,64,97
USW00023190,2012-09-25,34.4241,-119.84249,2.5,"SANTA BARBARA MUNICIPAL AIRPORT, CA US",0,206,144,26,80,68,87
USW00023190,2012-09-26,34.4241,-119.84249,2.5,"SANTA BARBARA MUNICIPAL AIRPORT, CA US",0,211,133,22,82,66,93
USW00023190,2012-09-27,34.4241,-119.84249,2.5,"SANTA BARBARA MUNICIPAL AIRPORT, CA US",0,222,150,21,84,66,100
USW00023190,2012-09-28,34.4241,-119.84249,2.5,"SANTA BARBARA MUNICIPAL AIRPORT, CA US",0,228,128,21,80,64,93
USW00023190,2012-09-29,34.4241,-119.84249,2.5,"SANTA BARBARA MUNICIPAL AIRPORT, CA US",0,250,106,13,80,55,96
USW00023190,2012-09-30,34.4241,-119.84249,2.5,"SANTA BARBARA MUNICIPAL AIRPORT, CA US",0,272,139,15,78,47,93
USW00023190,2012-10-01,34.4241,-119.84249,2.5,"SANTA BARBARA MUNICIPAL AIRPORT, CA US",0,311,122,15,73,31,100
USW00023190,2012-10-02,34.4241,-119.84249,2.5,"SANTA BARBARA MUNICIPAL AIRPORT, CA US",0,278,139,19,79,53,97
USW00023190,2012-10-03,34.4241,-119.84249,2.5,"SANTA BARBARA MUNICIPAL AIRPORT, CA US",0,217,144,17,85,71,100
USW00023190,2012-10-04,34.4241,-119.84249,2.5,"SANTA BARBARA MUNICIPAL AIRPORT, CA US",0,211,122,20,78,61,93
USW00023190,2012-10-05,34.4241,-119.84249,2.5,"SANTA BARBARA MUNICIPAL AIRPORT, CA US",0,250,100,23,80,50,96
USW00023190,2012-10-06,34.4241,-119.84249,2.5,"SANTA BARBARA MUNICIPAL AIRPORT, CA US",0,261,128,18,78,58,93
USW00023190,2012-10-07,34.4241,-119.84249,2.5,"SANTA BARBARA MUNICIPAL AIRPORT, CA US",0,244,122,15,75,54,97
USW00023190,2012-10-08,34.4241,-119.84249,2.5,"SANTA BARBARA MUNICIPAL AIRPORT, CA US",0,267,117,16,65,37,93
USW00023190,2012-10-09,34.4241,-119.84249,2.5,"SANTA BARBARA MUNICIPAL AIRPORT, CA US",0,228,106,17,74,55,90
USW00023190,2012-10-10,34.4241,-119.84249,2.5,"SANTA BARBARA MUNICIPAL AIRPORT, CA US",0,217,100,17,78,59,93
USW00023190,2012-10-11,34.4241,-119.84249,2.5,"SANTA BARBARA MUNICIPAL AIRPORT, CA US",0,228,89,16,71,41,93
USW00023190,2012-10-12,34.4241,-119.84249,2.5,"SANTA BARBARA MUNICIPAL AIRPORT, CA US",0,217,100,29,69,53,89
USW00023190,2012-10-13,34.4241,-119.84249,2.5,"SANTA BARBARA MUNICIPAL AIRPORT, CA US",0,217,94,10,75,51,93
USW00023190,2012-10-14,34.4241,-119.84249,2.5,"SANTA BARBARA MUNICIPAL AIRPORT, CA US",0,272,89,14,74,35,96
USW00023190,2012-10-15,34.4241,-119.84249,2.5,"SANTA BARBARA MUNICIPAL AIRPORT, CA US",0,267,100,9,79,48,100
USW00023190,2012-10-16,34.4241,-119.84249,2.5,"SANTA BARBARA MUNICIPAL AIRPORT, CA US",0,278,106,13,72,34,93
USW00023190,2012-10-17,34.4241,-119.84249,2.5,"SANTA BARBARA MUNICIPAL AIRPORT, CA US",0,317,128,9,67,30,93
USW00023190,2012-10-18,34.4241,-119.84249,2.5,"SANTA BARBARA MUNICIPAL AIRPORT, CA US",0,256,133,28,74,56,93
USW00023190,2012-10-19,34.4241,-119.84249,2.5,"SANTA BARBARA MUNICIPAL AIRPORT, CA US",0,228,133,24,88,71,100
USW00023190,2012-10-20,34.4241,-119.84249,2.5,"SANTA BARBARA MUNICIPAL AIRPORT, CA US",3,217,161,18,86,71,100
USW00023190,2012-10-21,34.4241,-119.84249,2.5,"SANTA BARBARA MUNICIPAL AIRPORT, CA US",0,217,133,14,82,64,97
USW00023190,2012-10-22,34.4241,-119.84249,2.5,"SANTA BARBARA MUNICIPAL AIRPORT, CA US",8,189,100,16,78,54,100
USW00023190,2012-10-23,34.4241,-119.84249,2.5,"SANTA BARBARA MUNICIPAL AIRPORT, CA US",0,228,67,34,60,32,93
USW00023190,2012-10-24,34.4241,-119.84249,2.5,"SANTA BARBARA MUNICIPAL AIRPORT, CA US",0,256,89,39,45,19,74
USW00023190,2012-10-25,34.4241,-119.84249,2.5,"SANTA BARBARA MUNICIPAL AIRPORT, CA US",0,294,89,32,46,24,74
USW00023190,2012-10-26,34.4241,-119.84249,2.5,"SANTA BARBARA MUNICIPAL AIRPORT, CA US",0,261,94,11,49,24,74
USW00023190,2012-10-27,34.4241,-119.84249,2.5,"SANTA BARBARA MUNICIPAL AIRPORT, CA US",0,278,72,11,46,17,77
USW00023190,2012-10-28,34.4241,-119.84249,2.5,"SANTA BARBARA MUNICIPAL AIRPORT, CA US",0,272,94,7,52,17,77
USW00023190,2012-10-29,34.4241,-119.84249,2.5,"SANTA BARBARA MUNICIPAL AIRPORT, CA US",0,228,83,13,86,48,100
USW00023190,2012-10-30,34.4241,-119.84249,2.5,"SANTA BARBARA MUNICIPAL AIRPORT, CA US",0,189,89,13,88,68,100
USW00023190,2012-10-31,34.4241,-119.84249,2.5,"SANTA BARBARA MUNICIPAL AIRPORT, CA US",0,189,94,17,83,68,96
USW00023190,2012-11-01,34.4241,-119.84249,2.5,"SANTA BARBARA MUNICIPAL AIRPORT, CA US",0,189,106,18,84,66,97
USW00023190,2012-11-02,34.4241,-119.84249,2.5,"SANTA BARBARA MUNICIPAL AIRPORT, CA US",0,200,83,15,85,65,100
USW00023190,2012-11-03,34.4241,-119.84249,2.5,"SANTA BARBARA MUNICIPAL AIRPORT, CA US",0,211,83,10,85,68,100
USW00023190,2012-11-04,34.4241,-119.84249,2.5,"SANTA BARBARA MUNICIPAL AIRPORT, CA US",0,300,72,9,60,18,97
USW00023190,2012-11-05,34.4241,-119.84249,2.5,"SANTA BARBARA MUNICIPAL AIRPORT, CA US",0,344,89,9,39,10,77
USW00023190,2012-11-06,34.4241,-119.84249,2.5,"SANTA BARBARA MUNICIPAL AIRPORT, CA US",0,239,100,15,69,34,93
USW00023190,2012-11-07,34.4241,-119.84249,2.5,"SANTA BARBARA MUNICIPAL AIRPORT, CA US",0,189,144,21,83,73,90
USW00023190,2012-11-08,34.4241,-119.84249,2.5,"SANTA BARBARA MUNICIPAL AIRPORT, CA US",0,189,122,31,68,46,84
USW00023190,2012-11-09,34.4241,-119.84249,2.5,"SANTA BARBARA MUNICIPAL AIRPORT, CA US",0,183,100,42,51,34,67
USW00023190,2012-11-10,34.4241,-119.84249,2.5,"SANTA BARBARA MUNICIPAL AIRPORT, CA US",0,183,61,42,52,27,69
USW00023190,2012-11-11,34.4241,-119.84249,2.5,"SANTA BARBARA MUNICIPAL AIRPORT, CA US",0,183,50,20,44,25,68
USW00023190,2012-11-12,34.4241,-119.84249,2.5,"SANTA BARBARA MUNICIPAL AIRPORT, CA US",0,194,28,9,54,21,72
USW00023190,2012-11-13,34.4241,-119.84249,2.5,"SANTA BARBARA MUNICIPAL AIRPORT, CA US",0,244,22,11,40,11,67
USW00023190,2012-11-14,34.4241,-119.84249,2.5,"SANTA BARBARA MUNICIPAL AIRPORT, CA US",0,217,50,9,46,23,65
USW00023190,2012-11-15,34.4241,-119.84249,2.5,"SANTA BARBARA MUNICIPAL AIRPORT, CA US",3,183,100,21,75,62,87
USW00023190,2012-11-16,34.4241,-119.84249,2.5,"SANTA BARBARA MUNICIPAL AIRPORT, CA US",51,189,100,27,78,63,90
USW00023190,2012-11-17,34.4241,-119.84249,2.5,"SANTA BARBARA MUNICIPAL AIRPORT, CA US",142,172,150,27,95,78,100
USW00023190,2012-11-18,34.4241,-119.84249,2.5,"SANTA BARBARA MUNICIPAL AIRPORT, CA US",0,189,100,17,90,70,100
USW00023190,2012-11-19,34.4241,-119.84249,2.5,"SANTA BARBARA MUNICIPAL AIRPORT, CA US",0,178,100,11,86,73,100
USW00023190,2012-11-20,34.4241,-119.84249,2.5,"SANTA BARBARA MUNICIPAL AIRPORT, CA US",0,206,78,10,84,63,96
USW00023190,2012-11-21,34.4241,-119.84249,2.5,"SANTA BARBARA MUNICIPAL AIRPORT, CA US",0,228,94,17,77,59,96
USW00023190,2012-11-22,34.4241,-119.84249,2.5,"SANTA BARBARA MUNICIPAL AIRPORT, CA US",0,183,94,11,91,75,97
USW00023190,2012-11-23,34.4241,-119.84249,2.5,"SANTA BARBARA MUNICIPAL AIRPORT, CA US",0,183,89,5,93,73,100
USW00023190,2012-11-24,34.4241,-119.84249,2.5,"SANTA BARBARA MUNICIPAL AIRPORT, CA US",0,233,72,8,79,31,97
USW00023190,2012-11-25,34.4241,-119.84249,2.5,"SANTA BARBARA MUNICIPAL AIRPORT, CA US",0,178,72,14,87,78,100
USW00023190,2012-11-26,34.4241,-119.84249,2.5,"SANTA BARBARA MUNICIPAL AIRPORT, CA US",0,172,111,20,78,67,87
USW00023190,2012-11-27,34.4241,-119.84249,2.5,"SANTA BARBARA MUNICIPAL AIRPORT, CA US",0,178,94,16,82,67,93
USW00023190,2012-11-28,34.4241,-119.84249,2.5,"SANTA BARBARA MUNICIPAL AIRPORT, CA US",91,178,83,30,87,65,93
USW00023190,2012-11-29,34.4241,-119.84249,2.5,"SANTA BARBARA MUNICIPAL AIRPORT, CA US",53,167,156,32,92,90,96
USW00023190,2012-11-30,34.4241,-119.84249,2.5,"SANTA BARBARA MUNICIPAL AIRPORT, CA US",150,200,156,23,91,78,97
USW00023190,2012-12-01,34.4241,-119.84249,2.5,"SANTA BARBARA MUNICIPAL AIRPORT, CA US",76,183,139,13,93,87,97
USW00023190,2012-12-02,34.4241,-119.84249,2.5,"SANTA BARBARA MUNICIPAL AIRPORT, CA US",312,178,150,9,94,87,97
USW00023190,2012-12-03,34.4241,-119.84249,2.5,"SANTA BARBARA MUNICIPAL AIRPORT, CA US",3,183,106,10,88,68,97
USW00023190,2012-12-04,34.4241,-119.84249,2.5,"SANTA BARBARA MUNICIPAL AIRPORT, CA US",0,178,89,13,90,78,97
USW00023190,2012-12-05,34.4241,-119.84249,2.5,"SANTA BARBARA MUNICIPAL AIRPORT, CA US",0,178,83,15,88,78,100
USW00023190,2012-12-06,34.4241,-119.84249,2.5,"SANTA BARBARA MUNICIPAL AIRPORT, CA US",0,211,106,20,83,46,97
USW00023190,2012-12-07,34.4241,-119.84249,2.5,"SANTA BARBARA MUNICIPAL AIRPORT, CA US",0,217,67,7,81,44,96
USW00023190,2012-12-08,34.4241,-119.84249,2.5,"SANTA BARBARA MUNICIPAL AIRPORT, CA US",0,172,39,15,84,65,96
USW00023190,2012-12-09,34.4241,-119.84249,2.5,"SANTA BARBARA MUNICIPAL AIRPORT, CA US",0,167,72,13,86,70,97
USW00023190,2012-12-10,34.4241,-119.84249,2.5,"SANTA BARBARA MUNICIPAL AIRPORT, CA US",0,217,56,8,79,31,97
USW00023190,2012-12-11,34.4241,-119.84249,2.5,"SANTA BARBARA MUNICIPAL AIRPORT, CA US",0,189,50,10,82,58,97
USW00023190,2012-12-12,34.4241,-119.84249,2.5,"SANTA BARBARA MUNICIPAL AIRPORT, CA US",23,167,106,9,83,67,93
USW00023190,2012-12-13,34.4241,-119.84249,2.5,"SANTA BARBARA MUNICIPAL AIRPORT, CA US",0,161,56,23,62,44,90
USW00023190,2012-12-14,34.4241,-119.84249,2.5,"SANTA BARBARA MUNICIPAL AIRPORT, CA US",13,144,39,18,60,39,93
USW00023190,2012-12-15,34.4241,-119.84249,2.5,"SANTA BARBARA MUNICIPAL AIRPORT, CA US",5,161,22,13,68,39,97
USW00023190,2012-12-16,34.4241,-119.84249,2.5,"SANTA BARBARA MUNICIPAL AIRPORT, CA US",25,139,94,22,89,75,93
USW00023190,2012-12-17,34.4241,-119.84249,2.5,"SANTA BARBARA MUNICIPAL AIRPORT, CA US",58,167,122,16,84,67,96
USW00023190,2012-12-18,34.4241,-119.84249,2.5,"SANTA BARBARA MUNICIPAL AIRPORT, CA US",13,172,72,42,52,30,100
USW00023190,2012-12-19,34.4241,-119.84249,2.5,"SANTA BARBARA MUNICIPAL AIRPORT, CA US",0,139,6,11,56,26,86
USW00023190,2012-12-20,34.4241,-119.84249,2.5,"SANTA BARBARA MUNICIPAL AIRPORT, CA US",0,161,-6,8,62,24,85
USW00023190,2012-12-21,34.4241,-119.84249,2.5,"SANTA BARBARA MUNICIPAL AIRPORT, CA US",0,156,0,9,68,28,86
USW00023190,2012-12-22,34.4241,-119.84249,2.5,"SANTA BARBARA MUNICIPAL AIRPORT, CA US",48,128,28,13,87,72,93
USW00023190,2012-12-23,34.4241,-119.84249,2.5,"SANTA BARBARA MUNICIPAL AIRPORT, CA US",114,150,61,9,90,75,100
USW00023190,2012-12-24,34.4241,-119.84249,2.5,"SANTA BARBARA MUNICIPAL AIRPORT, CA US",150,189,72,16,76,50,100
USW00023190,2012-12-25,34.4241,-119.84249,2.5,"SANTA BARBARA MUNICIPAL AIRPORT, CA US",28,161,61,8,79,47,93
USW00023190,2012-12-26,34.4241,-119.84249,2.5,"SANTA BARBARA MUNICIPAL AIRPORT, CA US",71,161,78,39,68,43,97
USW00023190,2012-12-27,34.4241,-119.84249,2.5,"SANTA BARBARA MUNICIPAL AIRPORT, CA US",0,172,50,48,48,34,69
USW00023190,2012-12-28,34.4241,-119.84249,2.5,"SANTA BARBARA MUNICIPAL AIRPORT, CA US",0,150,17,9,69,32,86
USW00023190,2012-12-29,34.4241,-119.84249,2.5,"SANTA BARBARA MUNICIPAL AIRPORT, CA US",79,139,39,26,78,64,97
USW00023190,2012-12-30,34.4241,-119.84249,2.5,"SANTA BARBARA MUNICIPAL AIRPORT, CA US",0,156,17,21,61,33,96
USW00023190,2012-12-31,34.4241,-119.84249,2.5,"SANTA BARBARA MUNICIPAL AIRPORT, CA US",0,144,33,19,57,41,86
USW00023190,2013-01-01,34.4241,-119.84249,2.5,"SANTA BARBARA MUNICIPAL AIRPORT, CA US",0,144,28,6,68,42,93
USW00023190,2013-01-02,34.4241,-119.84249,2.5,"SANTA BARBARA MUNICIPAL AIRPORT, CA US",0,167,6,7,70,38,89
USW00023190,2013-01-03,34.4241,-119.84249,2.5,"SANTA BARBARA MUNICIPAL AIRPORT, CA US",0,189,6,10,64,24,89
USW00023190,2013-01-04,34.4241,-119.84249,2.5,"SANTA BARBARA MUNICIPAL AIRPORT, CA US",0,183,6,5,61,20,89
USW00023190,2013-01-05,34.4241,-119.84249,2.5,"SANTA BARBARA MUNICIPAL AIRPORT, CA US",25,161,17,12,73,41,93
USW00023190,2013-01-06,34.4241,-119.84249,2.5,"SANTA BARBARA MUNICIPAL AIRPORT, CA US",58,133,44,22,81,64,96
USW00023190,2013-01-07,34.4241,-119.84249,2.5,"SANTA BARBARA MUNICIPAL AIRPORT, CA US",0,189,44,18,61,35,86
USW00023190,2013-01-08,34.4241,-119.84249,2.5,"SANTA BARBARA MUNICIPAL AIRPORT, CA US",0,211,28,6,71,29,93
USW00023190,2013-01-09,34.4241,-119.84249,2.5,"SANTA BARBARA MUNICIPAL AIRPORT, CA US",0,156,44,9,86,72,97
USW00023190,2013-01-10,34.4241,-119.84249,2.5,"SANTA BARBARA MUNICIPAL AIRPORT, CA US",3,139,67,52,50,33,93
USW00023190,2013-01-11,34.4241,-119.84249,2.5,"SANTA BARBARA MUNICIPAL AIRPORT, CA US",0,144,0,34,53,30,79
USW00023190,2013-01-12,34.4241,-119.84249,2.5,"SANTA BARBARA MUNICIPAL AIRPORT, CA US",0,128,6,18,55,30,82
USW00023190,2013-01-13,34.4241,-119.84249,2.5,"SANTA BARBARA MUNICIPAL AIRPORT, CA US",0,128,-11,22,57,35,85
USW00023190,2013-01-14,34.4241,-119.84249,2.5,"SANTA BARBARA MUNICIPAL AIRPORT, CA US",0,122,-28,11,62,41,82
USW00023190,2013-01-15,34.4241,-119.84249,2.5,"SANTA BARBARA MUNICIPAL AIRPORT, CA US",0,139,-6,13,69,49,86
USW00023190,2013-01-16,34.4241,-119.84249,2.5,"SANTA BARBARA MUNICIPAL AIRPORT, CA US",0,183,0,10,59,24,85
USW00023190,2013-01-17,34.4241,-119.84249,2.5,"SANTA BARBARA MUNICIPAL AIRPORT, CA US",0,217,0,10,57,20,89
USW00023190,2013-01-18,34.4241,-119.84249,2.5,"SANTA BARBARA MUNICIPAL AIRPORT, CA US",0,233,17,12,51,13,82
USW00023190,2013-01-19,34.4241,-119.84249,2.5,"SANTA BARBARA MUNICIPAL AIRPORT, CA US",0,250,11,6,48,10,79
USW00023190,2013-01-20,34.4241,-119.84249,2.5,"SANTA BARBARA MUNICIPAL AIRPORT, CA US",0,244,22,8,46,12,76
USW00023190,2013-01-21,34.4241,-119.84249,2.5,"SANTA BARBARA MUNICIPAL AIRPORT, CA US",0,250,11,8,46,11,79
USW00023190,2013-01-22,34.4241,-119.84249,2.5,"SANTA BARBARA MUNICIPAL AIRPORT, CA US",0,244,17,7,48,13,78
USW00023190,2013-01-23,34.4241,-119.84249,2.5,"SANTA BARBARA MUNICIPAL AIRPORT, CA US",3,200,78,13,56,33,77
USW00023190,2013-01-24,34.4241,-119.84249,2.5,"SANTA BARBARA MUNICIPAL AIRPORT, CA US",376,156,128,19,93,72,97
USW00023190,2013-01-25,34.4241,-119.84249,2.5,"SANTA BARBARA MUNICIPAL AIRPORT, CA US",46,167,122,10,93,86,97
USW00023190,2013-01-26,34.4241,-119.84249,2.5,"SANTA BARBARA MUNICIPAL AIRPORT, CA US",8,183,89,11,89,70,100
USW00023190,2013-01-27,34.4241,-119.84249,2.5,"SANTA BARBARA MUNICIPAL AIRPORT, CA US",0,172,61,31,59,34,97
USW00023190,2013-01-28,34.4241,-119.84249,2.5,"SANTA BARBARA MUNICIPAL AIRPORT, CA US",0,172,44,35,52,26,70
USW00023190,2013-01-29,34.4241,-119.84249,2.5,"SANTA BARBARA MUNICIPAL AIRPORT, CA US",0,172,33,23,65,41,80
USW00023190,2013-01-30,34.4241,-119.84249,2.5,"SANTA BARBARA MUNICIPAL AIRPORT, CA US",0,167,39,10,76,46,93
USW00023190,2013-01-31,34.4241,-119.84249,2.5,"SANTA BARBARA MUNICIPAL AIRPORT, CA US",0,200,44,8,74,43,93
USW00023190,2013-02-01,34.4241,-119.84249,2.5,"SANTA BARBARA MUNICIPAL AIRPORT, CA US",0,200,44,10,82,54,97
USW00023190,2013-02-02,34.4241,-119.84249,2.5,"SANTA BARBARA MUNICIPAL AIRPORT, CA US",0,206,89,10,76,51,96
USW00023190,2013-02-03,34.4241,-119.84249,2.5,"SANTA BARBARA MUNICIPAL AIRPORT, CA US",0,217,61,13,75,56,90
USW00023190,2013-02-04,34.4241,-119.84249,2.5,"SANTA BARBARA MUNICIPAL AIRPORT, CA US",0,178,67,14,83,67,93
USW00023190,2013-02-05,34.4241,-119.84249,2.5,"SANTA BARBARA MUNICIPAL AIRPORT, CA US",0,144,67,18,83,72,93
USW00023190,2013-02-06,34.4241,-119.84249,2.5,"SANTA BARBARA MUNICIPAL AIRPORT, CA US",0,156,39,9,82,67,97
USW00023190,2013-02-07,34.4241,-119.84249,2.5,"SANTA BARBARA MUNICIPAL AIRPORT, CA US",0,172,39,21,71,41,93
USW00023190,2013-02-08,34.4241,-119.84249,2.5,"SANTA BARBARA MUNICIPAL AIRPORT, CA US",13,133,56,34,68,55,82
USW00023190,2013-02-09,34.4241,-119.84249,2.5,"SANTA BARBARA MUNICIPAL AIRPORT, CA US",0,167,33,29,61,28,86
USW00023190,2013-02-10,34.4241,-119.84249,2.5,"SANTA BARBARA MUNICIPAL AIRPORT, CA US",0,144,17,16,74,59,89
USW00023190,2013-02-11,34.4241,-119.84249,2.5,"SANTA BARBARA MUNICIPAL AIRPORT, CA US",0,156,22,12,66,38,93
USW00023190,2013-02-12,34.4241,-119.84249,2.5,"SANTA BARBARA MUNICIPAL AIRPORT, CA US",0,161,22,13,67,48,85
USW00023190,2013-02-13,34.4241,-119.84249,2.5,"SANTA BARBARA MUNICIPAL AIRPORT, CA US",0,172,28,10,73,47,86
USW00023190,2013-02-14,34.4241,-119.84249,2.5,"SANTA BARBARA MUNICIPAL AIRPORT, CA US",0,183,39,13,76,50,93
USW00023190,2013-02-15,34.4241,-119.84249,2.5,"SANTA BARBARA MUNICIPAL AIRPORT, CA US",0,267,44,11,56,15,93
USW00023190,2013-02-16,34.4241,-119.84249,2.5,"SANTA BARBARA MUNICIPAL AIRPORT, CA US",0,261,50,10,47,10,74
USW00023190,2013-02-17,34.4241,-119.84249,2.5,"SANTA BARBARA MUNICIPAL AIRPORT, CA US",0,172,33,20,73,54,87
USW00023190,2013-02-18,34.4241,-119.84249,2.5,"SANTA BARBARA MUNICIPAL AIRPORT, CA US",0,156,106,21,74,60,86
USW00023190,2013-02-19,34.4241,-119.84249,2.5,"SANTA BARBARA MUNICIPAL AIRPORT, CA US",33,156,72,37,67,51,86
USW00023190,2013-02-20,34.4241,-119.84249,2.5,"SANTA BARBARA MUNICIPAL AIRPORT, CA US",0,178,56,56,51,29,80
USW00023190,2013-02-21,34.4241,-119.84249,2.5,"SANTA BARBARA MUNICIPAL AIRPORT, CA US",0,178,22,29,53,26,86
USW00023190,2013-02-22,34.4241,-119.84249,2.5,"SANTA BARBARA MUNICIPAL AIRPORT, CA US",0,161,17,14,63,32,82
USW00023190,2013-02-23,34.4241,-119.84249,2.5,"SANTA BARBARA MUNICIPAL AIRPORT, CA US",0,217,28,36,60,28,89
USW00023190,2013-02-24,34.4241,-119.84249,2.5,"SANTA BARBARA MUNICIPAL AIRPORT, CA US",0,178,39,19,45,27,73
USW00023190,2013-02-25,34.4241,-119.84249,2.5,"SANTA BARBARA MUNICIPAL AIRPORT, CA US",0,172,17,13,66,34,86
USW00023190,2013-02-26,34.4241,-119.84249,2.5,"SANTA BARBARA MUNICIPAL AIRPORT, CA US",0,206,17,13,58,22,89
USW00023190,2013-02-27,34.4241,-119.84249,2.5,"SANTA BARBARA MUNICIPAL AIRPORT, CA US",0,206,22,11,50,19,86
USW00023190,2013-02-28,34.4241,-119.84249,2.5,"SANTA BARBARA MUNICIPAL AIRPORT, CA US",0,217,28,9,61,28,89
USW00023190,2013-03-01,34.4241,-119.84249,2.5,"SANTA BARBARA MUNICIPAL AIRPORT, CA US",0,289,56,11,46,10,80
USW00023190,2013-03-02,34.4241,-119.84249,2.5,"SANTA BARBARA MUNICIPAL AIRPORT, CA US",0,267,61,17,60,17,90
USW00023190,2013-03-03,34.4241,-119.84249,2.5,"SANTA BARBARA MUNICIPAL AIRPORT, CA US",0,228,117,21,70,48,90
USW00023190,2013-03-04,34.4241,-119.84249,2.5,"SANTA BARBARA MUNICIPAL AIRPORT, CA US",0,172,78,20,79,63,90
USW00023190,2013-03-05,34.4241,-119.84249,2.5,"SANTA BARBARA MUNICIPAL AIRPORT, CA US",0,144,89,19,76,69,89
USW00023190,2013-03-06,34.4241,-119.84249,2.5,"SANTA BARBARA MUNICIPAL AIRPORT, CA US",3,139,100,21,76,66,89
USW00023190,2013-03-07,34.4241,-119.84249,2.5,"SANTA BARBARA MUNICIPAL AIRPORT, CA US",157,150,83,21,81,64,93
USW00023190,2013-03-08,34.4241,-119.84249,2.5,"SANTA BARBARA MUNICIPAL AIRPORT, CA US",15,172,50,35,70,47,93
USW00023190,2013-03-09,34.4241,-119.84249,2.5,"SANTA BARBARA MUNICIPAL AIRPORT, CA US",0,206,94,54,44,28,68
USW00023190,2013-03-10,34.4241,-119.84249,2.5,"SANTA BARBARA MUNICIPAL AIRPORT, CA US",0,206,56,13,66,33,93
USW00023190,2013-03-11,34.4241,-119.84249,2.5,"SANTA BARBARA MUNICIPAL AIRPORT, CA US",0,200,56,14,74,44,90
USW00023190,2013-03-12,34.4241,-119.84249,2.5,"SANTA BARBARA MUNICIPAL AIRPORT, CA US",0,194,72,14,79,51,100
USW00023190,2013-03-13,34.4241,-119.84249,2.5,"SANTA BARBARA MUNICIPAL AIRPORT, CA US",0,189,78,14,88,54,100
USW00023190,2013-03-14,34.4241,-119.84249,2.5,"SANTA BARBARA MUNICIPAL AIRPORT, CA US",0,178,100,18,90,73,100
USW00023190,2013-03-15,34.4241,-119.84249,2.5,"SANTA BARBARA MUNICIPAL AIRPORT, CA US",0,156,106,16,92,80,100
USW00023190,2013-03-16,34.4241,-119.84249,2.5,"SANTA BARBARA MUNICIPAL AIRPORT, CA US",0,161,100,21,88,75,100
USW00023190,2013-03-17,34.4241,-119.84249,2.5,"SANTA BARBARA MUNICIPAL AIRPORT, CA US",0,167,83,34,88,72,97
USW00023190,2013-03-18,34.4241,-119.84249,2.5,"SANTA BARBARA MUNICIPAL AIRPORT, CA US",0,167,94,23,80,67,90
USW00023190,2013-03-19,34.4241,-119.84249,2.5,"SANTA BARBARA MUNICIPAL AIRPORT, CA US",0,172,94,26,82,72,89
USW00023190,2013-03-20,34.4241,-119.84249,2.5,"SANTA BARBARA MUNICIPAL AIRPORT, CA US",0,222,111,26,69,44,93
USW00023190,2013-03-21,34.4241,-119.84249,2.5,"SANTA BARBARA MUNICIPAL AIRPORT, CA US",0,261,122,41,51,29,72
USW00023190,2013-03-22,34.4241,-119.84249,2.5,"SANTA BARBARA MUNICIPAL AIRPORT, CA US",0,261,128,48,34,9,72
USW00023190,2013-03-23,34.4241,-119.84249,2.5,"SANTA BARBARA MUNICIPAL AIRPORT, CA US",0,189,83,22,72,14,93
USW00023190,2013-03-24,34.4241,-119.84249,2.5,"SANTA BARBARA MUNICIPAL AIRPORT, CA US",0,189,67,18,78,56,89
USW00023190,2013-03-25,34.4241,-119.84249,2.5,"SANTA BARBARA MUNICIPAL AIRPORT, CA US",0,178,89,17,81,67,93
USW00023190,2013-03-26,34.4241,-119.84249,2.5,"SANTA BARBARA MUNICIPAL AIRPORT, CA US",0,178,78,18,82,58,97
USW00023190,2013-03-27,34.4241,-119.84249,2.5,"SANTA BARBARA MUNICIPAL AIRPORT, CA US",0,172,94,26,82,65,93
USW00023190,2013-03-28,34.4241,-119.84249,2.5,"SANTA BARBARA MUNICIPAL AIRPORT, CA US",0,178,117,22,87,75,93
USW00023190,2013-03-29,34.4241,-119.84249,2.5,"SANTA BARBARA MUNICIPAL AIRPORT, CA US",0,161,111,25,91,78,100
USW00023190,2013-03-30,34.4241,-119.84249,2.5,"SANTA BARBARA MUNICIPAL AIRPORT, CA US",0,178,122,16,84,68,97
USW00023190,2013-03-31,34.4241,-119.84249,2.5,"SANTA BARBARA MUNICIPAL AIRPORT, CA US",94,178,122,26,89,80,97
USW00023190,2013-04-01,34.4241,-119.84249,2.5,"SANTA BARBARA MUNICIPAL AIRPORT, CA US",0,178,111,37,83,70,96
USW00023190,2013-04-02,34.4241,-119.84249,2.5,"SANTA BARBARA MUNICIPAL AIRPORT, CA US",0,183,89,21,81,65,93
USW00023190,2013-04-03,34.4241,-119.84249,2.5,"SANTA BARBARA MUNICIPAL AIRPORT, CA US",0,172,100,26,88,73,97
USW00023190,2013-04-04,34.4241,-119.84249,2.5,"SANTA BARBARA MUNICIPAL AIRPORT, CA US",3,194,122,31,81,65,97
USW00023190,2013-04-05,34.4241,-119.84249,2.5,"SANTA BARBARA MUNICIPAL AIRPORT, CA US",0,250,106,23,71,45,93
USW00023190,2013-04-06,34.4241,-119.84249,2.5,"SANTA BARBARA MUNICIPAL AIRPORT, CA US",0,278,133,38,64,35,87
USW00023190,2013-04-07,34.4241,-119.84249,2.5,"SANTA BARBARA MUNICIPAL AIRPORT, CA US",0,294,128,44,48,23,70
USW00023190,2013-04-08,34.4241,-119.84249,2.5,"SANTA BARBARA MUNICIPAL AIRPORT, CA US",0,200,111,82,51,32,67
USW00023190,2013-04-09,34.4241,-119.84249,2.5,"SANTA BARBARA MUNICIPAL AIRPORT, CA US",0,222,94,28,45,33,59
USW00023190,2013-04-10,34.4241,-119.84249,2.5,"SANTA BARBARA MUNICIPAL AIRPORT, CA US",0,239,83,16,57,33,81
USW00023190,2013-04-11,34.4241,-119.84249,2.5,"SANTA BARBARA MUNICIPAL AIRPORT, CA US",0,217,106,19,69,41,86
USW00023190,2013-04-12,34.4241,-119.84249,2.5,"SANTA BARBARA MUNICIPAL AIRPORT, CA US",0,178,106,26,81,68,90
USW00023190,2013-04-13,34.4241,-119.84249,2.5,"SANTA BARBARA MUNICIPAL AIRPORT, CA US",0,150,122,19,85,81,90
USW00023190,2013-04-14,34.4241,-119.84249,2.5,"SANTA BARBARA MUNICIPAL AIRPORT, CA US",0,172,94,15,80,62,90
USW00023190,2013-04-15,34.4241,-119.84249,2.5,"SANTA BARBARA MUNICIPAL AIRPORT, CA US",0,189,72,30,65,41,90
USW00023190,2013-04-16,34.4241,-119.84249,2.5,"SANTA BARBARA MUNICIPAL AIRPORT, CA US",0,222,78,51,42,19,69
USW00023190,2013-04-17,34.4241,-119.84249,2.5,"SANTA BARBARA MUNICIPAL AIRPORT, CA US",0,244,83,39,30,10,55
USW00023190,2013-04-18,34.4241,-119.84249,2.5,"SANTA BARBARA MUNICIPAL AIRPORT, CA US",0,217,72,23,44,21,67
USW00023190,2013-04-19,34.4241,-119.84249,2.5,"SANTA BARBARA MUNICIPAL AIRPORT, CA US",0,222,61,15,66,28,81
USW00023190,2013-04-20,34.4241,-119.84249,2.5,"SANTA BARBARA MUNICIPAL AIRPORT, CA US",0,283,133,30,64,27,83
USW00023190,2013-04-21,34.4241,-119.84249,2.5,"SANTA BARBARA MUNICIPAL AIRPORT, CA US",0,206,122,27,80,57,96
USW00023190,2013-04-22,34.4241,-119.84249,2.5,"SANTA BARBARA MUNICIPAL AIRPORT, CA US",0,183,122,30,80,66,93
USW00023190,2013-04-23,34.4241,-119.84249,2.5,"SANTA BARBARA MUNICIPAL AIRPORT, CA US",0,189,122,17,80,63,93
USW00023190,2013-04-24,34.4241,-119.84249,2.5,"SANTA BARBARA MUNICIPAL AIRPORT, CA US",3,150,128,17,87,78,93
USW00023190,2013-04-25,34.4241,-119.84249,2.5,"SANTA BARBARA MUNICIPAL AIRPORT, CA US",0,200,100,24,72,52,92
USW00023190,2013-04-26,34.4241,-119.84249,2.5,"SANTA BARBARA MUNICIPAL AIRPORT, CA US",0,206,100,21,75,53,89
USW00023190,2013-04-27,34.4241,-119.84249,2.5,"SANTA BARBARA MUNICIPAL AIRPORT, CA US",0,211,100,20,77,59,92
USW00023190,2013-04-28,34.4241,-119.84249,2.5,"SANTA BARBARA MUNICIPAL AIRPORT, CA US",0,178,128,30,85,73,93
USW00023190,2013-04-29,34.4241,-119.84249,2.5,"SANTA BARBARA MUNICIPAL AIRPORT, CA US",0,183,122,26,85,73,93
USW00023190,2013-04-30,34.4241,-119.84249,2.5,"SANTA BARBARA MUNICIPAL AIRPORT, CA US",3,167,133,15,85,73,93
USW00023190,2013-05-01,34.4241,-119.84249,2.5,"SANTA BARBARA MUNICIPAL AIRPORT, CA US",0,217,128,20,75,55,90
USW00023190,2013-05-02,34.4241,-119.84249,2.5,"SANTA BARBARA MUNICIPAL AIRPORT, CA US",0,267,100,23,68,23,90
USW00023190,2013-05-03,34.4241,-119.84249,2.5,"SANTA BARBARA MUNICIPAL AIRPORT, CA US",0,317,100,17,64,15,90
USW00023190,2013-05-04,34.4241,-119.84249,2.5,"SANTA BARBARA MUNICIPAL AIRPORT, CA US",0,206,133,31,79,63,93
USW00023190,2013-05-05,34.4241,-119.84249,2.5,"SANTA BARBARA MUNICIPAL AIRPORT, CA US",0,183,139,59,76,68,84
USW00023190,2013-05-06,34.4241,-119.84249,2.5,"SANTA BARBARA MUNICIPAL AIRPORT, CA US",3,206,144,43,76,63,90
USW00023190,2013-05-07,34.4241,-119.84249,2.5,"SANTA BARBARA MUNICIPAL AIRPORT, CA US",0,217,128,24,70,53,84
USW00023190,2013-05-08,34.4241,-119.84249,2.5,"SANTA BARBARA MUNICIPAL AIRPORT, CA US",0,211,106,21,66,42,87
USW00023190,2013-05-09,34.4241,-119.84249,2.5,"SANTA BARBARA MUNICIPAL AIRPORT, CA US",0,211,111,25,71,53,84
USW00023190,2013-05-10,34.4241,-119.84249,2.5,"SANTA BARBARA MUNICIPAL AIRPORT, CA US",0,228,122,24,74,57,84
USW00023190,2013-05-11,34.4241,-119.84249,2.5,"SANTA BARBARA MUNICIPAL AIRPORT, CA US",0,200,150,26,82,73,90
USW00023190,2013-05-12,34.4241,-119.84249,2.5,"SANTA BARBARA MUNICIPAL AIRPORT, CA US",0,261,156,22,76,54,96
USW00023190,2013-05-13,34.4241,-119.84249,2.5,"SANTA BARBARA MUNICIPAL AIRPORT, CA US",0,267,144,18,71,54,87
USW00023190,2013-05-14,34.4241,-119.84249,2.5,"SANTA BARBARA MUNICIPAL AIRPORT, CA US",0,289,117,30,64,28,90
USW00023190,2013-05-15,34.4241,-119.84249,2.5,"SANTA BARBARA MUNICIPAL AIRPORT, CA US",0,211,122,20,76,55,87
USW00023190,2013-05-16,34.4241,-119.84249,2.5,"SANTA BARBARA MUNICIPAL AIRPORT, CA US",0,200,111,23,76,61,90
USW00023190,2013-05-17,34.4241,-119.84249,2.5,"SANTA BARBARA MUNICIPAL AIRPORT, CA US",0,222,117,23,66,38,87
USW00023190,2013-05-18,34.4241,-119.84249,2.5,"SANTA BARBARA MUNICIPAL AIRPORT, CA US",0,217,117,19,64,45,81
USW00023190,2013-05-19,34.4241,-119.84249,2.5,"SANTA BARBARA MUNICIPAL AIRPORT, CA US",0,211,133,29,71,57,87
USW00023190,2013-05-20,34.4241,-119.84249,2.5,"SANTA BARBARA MUNICIPAL AIRPORT, CA US",0,244,117,21,74,40,87
USW00023190,2013-05-21,34.4241,-119.84249,2.5,"SANTA BARBARA MUNICIPAL AIRPORT, CA US",0,222,144,31,72,50,84
USW00023190,2013-05-22,34.4241,-119.84249,2.5,"SANTA BARBARA MUNICIPAL AIRPORT, CA US",0,256,106,27,55,26,89
USW00023190,2013-05-23,34.4241,-119.84249,2.5,"SANTA BARBARA MUNICIPAL AIRPORT, CA US",0,233,78,21,47,31,71
USW00023190,2013-05-24,34.4241,-119.84249,2.5,"SANTA BARBARA MUNICIPAL AIRPORT, CA US",0,206,100,25,66,45,80
USW00023190,2013-05-25,34.4241,-119.84249,2.5,"SANTA BARBARA MUNICIPAL AIRPORT, CA US",0,206,111,25,65,45,83
USW00023190,2013-05-26,34.4241,-119.84249,2.5,"SANTA BARBARA MUNICIPAL AIRPORT, CA US",0,200,100,29,65,59,77
USW00023190,2013-05-27,34.4241,-119.84249,2.5,"SANTA BARBARA MUNICIPAL AIRPORT, CA US",0,278,139,47,54,32,75
USW00023190,2013-05-28,34.4241,-119.84249,2.5,"SANTA BARBARA MUNICIPAL AIRPORT, CA US",0,272,156,61,54,38,70
USW00023190,2013-05-29,34.4241,-119.84249,2.5,"SANTA BARBARA MUNICIPAL AIRPORT, CA US",0,283,167,58,46,33,65
USW00023190,2013-05-30,34.4241,-119.84249,2.5,"SANTA BARBARA MUNICIPAL AIRPORT, CA US",0,244,139,29,71,30,87
USW00023190,2013-05-31,34.4241,-119.84249,2.5,"SANTA BARBARA MUNICIPAL AIRPORT, CA US",0,222,133,22,72,51,87
USW00023190,2013-06-01,34.4241,-119.84249,2.5,"SANTA BARBARA MUNICIPAL AIRPORT, CA US",0,211,133,26,79,63,87
USW00023190,2013-06-02,34.4241,-119.84249,2.5,"SANTA BARBARA MUNICIPAL AIRPORT, CA US",0,194,156,21,84,75,90
USW00023190,2013-06-03,34.4241,-119.84249,2.5,"SANTA BARBARA MUNICIPAL AIRPORT, CA US",0,200,144,16,81,66,93
USW00023190,2013-06-04,34.4241,-119.84249,2.5,"SANTA BARBARA MUNICIPAL AIRPORT, CA US",0,194,128,30,75,63,86
USW00023190,2013-06-05,34.4241,-119.84249,2.5,"SANTA BARBARA MUNICIPAL AIRPORT, CA US",0,200,111,33,76,63,89
USW00023190,2013-06-06,34.4241,-119.84249,2.5,"SANTA BARBARA MUNICIPAL AIRPORT, CA US",0,194,133,32,79,63,90
USW00023190,2013-06-07,34.4241,-119.84249,2.5,"SANTA BARBARA MUNICIPAL AIRPORT, CA US",0,189,144,28,82,73,87
USW00023190,2013-06-08,34.4241,-119.84249,2.5,"SANTA BARBARA MUNICIPAL AIRPORT, CA US",0,189,150,27,85,76,90
USW00023190,2013-06-09,34.4241,-119.84249,2.5,"SANTA BARBARA MUNICIPAL AIRPORT, CA US",5,178,150,22,84,75,93
USW00023190,2013-06-10,34.4241,-119.84249,2.5,"SANTA BARBARA MUNICIPAL AIRPORT, CA US",0,222,139,30,73,55,87
USW00023190,2013-06-11,34.4241,-119.84249,2.5,"SANTA BARBARA MUNICIPAL AIRPORT, CA US",0,233,144,23,79,59,90
USW00023190,2013-06-12,34.4241,-119.84249,2.5,"SANTA BARBARA MUNICIPAL AIRPORT, CA US",0,194,144,22,87,73,97
USW00023190,2013-06-13,34.4241,-119.84249,2.5,"SANTA BARBARA MUNICIPAL AIRPORT, CA US",0,206,133,20,81,63,93
USW00023190,2013-06-14,34.4241,-119.84249,2.5,"SANTA BARBARA MUNICIPAL AIRPORT, CA US",0,217,122,29,80,66,93
USW00023190,2013-06-15,34.4241,-119.84249,2.5,"SANTA BARBARA MUNICIPAL AIRPORT, CA US",0,206,133,22,81,68,93
USW00023190,2013-06-16,34.4241,-119.84249,2.5,"SANTA BARBARA MUNICIPAL AIRPORT, CA US",0,206,122,22,79,68,90
USW00023190,2013-06-17,34.4241,-119.84249,2.5,"SANTA BARBARA MUNICIPAL AIRPORT, CA US",0,217,111,28,78,68,93
USW00023190,2013-06-18,34.4241,-119.84249,2.5,"SANTA BARBARA MUNICIPAL AIRPORT, CA US",0,306,139,27,59,23,90
USW00023190,2013-06-19,34.4241,-119.84249,2.5,"SANTA BARBARA MUNICIPAL AIRPORT, CA US",0,328,128,38,49,12,76
USW00023190,2013-06-20,34.4241,-119.84249,2.5,"SANTA BARBARA MUNICIPAL AIRPORT, CA US",0,233,122,27,68,53,87
USW00023190,2013-06-21,34.4241,-119.84249,2.5,"SANTA BARBARA MUNICIPAL AIRPORT, CA US",0,228,122,21,73,57,84
USW00023190,2013-06-22,34.4241,-119.84249,2.5,"SANTA BARBARA MUNICIPAL AIRPORT, CA US",0,222,144,26,76,57,90
USW00023190,2013-06-23,34.4241,-119.84249,2.5,"SANTA BARBARA MUNICIPAL AIRPORT, CA US",0,211,139,22,76,59,90
USW00023190,2013-06-24,34.4241,-119.84249,2.5,"SANTA BARBARA MUNICIPAL AIRPORT, CA US",0,217,139,22,81,66,96
USW00023190,2013-06-25,34.4241,-119.84249,2.5,"SANTA BARBARA MUNICIPAL AIRPORT, CA US",0,217,150,26,82,66,96
USW00023190,2013-06-26,34.4241,-119.84249,2.5,"SANTA BARBARA MUNICIPAL AIRPORT, CA US",0,222,156,23,78,68,90
USW00023190,2013-06-27,34.4241,-119.84249,2.5,"SANTA BARBARA MUNICIPAL AIRPORT, CA US",0,256,172,25,79,62,90
USW00023190,2013-06-28,34.4241,-119.84249,2.5,"SANTA BARBARA MUNICIPAL AIRPORT, CA US",0,244,161,23,75,56,87
USW00023190,2013-06-29,34.4241,-119.84249,2.5,"SANTA BARBARA MUNICIPAL AIRPORT, CA US",0,267,156,17,75,52,90
USW00023190,2013-06-30,34.4241,-119.84249,2.5,"SANTA BARBARA MUNICIPAL AIRPORT, CA US",0,233,167,17,75,57,90
USW00023190,2013-07-01,34.4241,-119.84249,2.5,"SANTA BARBARA MUNICIPAL AIRPORT, CA US",0,250,183,24,83,64,93
USW00023190,2013-07-02,34.4241,-119.84249,2.5,"SANTA BARBARA MUNICIPAL AIRPORT, CA US",0,233,172,18,86,71,97
USW00023190,2013-07-03,34.4241,-119.84249,2.5,"SANTA BARBARA MUNICIPAL AIRPORT, CA US",0,228,161,24,86,71,97
USW00023190,2013-07-04,34.4241,-119.84249,2.5,"SANTA BARBARA MUNICIPAL AIRPORT, CA US",0,222,161,18,84,71,93
USW00023190,2013-07-05,34.4241,-119.84249,2.5,"SANTA BARBARA MUNICIPAL AIRPORT, CA US",0,233,167,20,81,66,93
USW00023190,2013-07-06,34.4241,-119.84249,2.5,"SANTA BARBARA MUNICIPAL AIRPORT, CA US",0,228,172,19,79,66,87
USW00023190,2013-07-07,34.4241,-119.84249,2.5,"SANTA BARBARA MUNICIPAL AIRPORT, CA US",0,228,161,33,77,57,90
USW00023190,2013-07-08,34.4241,-119.84249,2.5,"SANTA BARBARA MUNICIPAL AIRPORT, CA US",0,222,161,27,77,63,90
USW00023190,2013-07-09,34.4241,-119.84249,2.5,"SANTA BARBARA MUNICIPAL AIRPORT, CA US",0,239,156,20,78,56,93
USW00023190,2013-07-10,34.4241,-119.84249,2.5,"SANTA BARBARA MUNICIPAL AIRPORT, CA US",0,222,161,15,79,66,90
USW00023190,2013-07-11,34.4241,-119.84249,2.5,"SANTA BARBARA MUNICIPAL AIRPORT, CA US",0,250,161,15,79,64,90
USW00023190,2013-07-12,34.4241,-119.84249,2.5,"SANTA BARBARA MUNICIPAL AIRPORT, CA US",0,222,150,22,82,66,93
USW00023190,2013-07-13,34.4241,-119.84249,2.5,"SANTA BARBARA MUNICIPAL AIRPORT, CA US",0,211,150,24,82,68,96
USW00023190,2013-07-14,34.4241,-119.84249,2.5,"SANTA BARBARA MUNICIPAL AIRPORT, CA US",0,367,139,25,66,19,90
USW00023190,2013-07-15,34.4241,-119.84249,2.5,"SANTA BARBARA MUNICIPAL AIRPORT, CA US",0,239,150,22,69,48,84
USW00023190,2013-07-16,34.4241,-119.84249,2.5,"SANTA BARBARA MUNICIPAL AIRPORT, CA US",0,244,122,20,74,47,93
USW00023190,2013-07-17,34.4241,-119.84249,2.5,"SANTA BARBARA MUNICIPAL AIRPORT, CA US",0,256,122,20,72,47,90
USW00023190,2013-07-18,34.4241,-119.84249,2.5,"SANTA BARBARA MUNICIPAL AIRPORT, CA US",0,244,128,27,74,52,90
USW00023190,2013-07-19,34.4241,-119.84249,2.5,"SANTA BARBARA MUNICIPAL AIRPORT, CA US",0,228,128,21,76,51,90
USW00023190,2013-07-20,34.4241,-119.84249,2.5,"SANTA BARBARA MUNICIPAL AIRPORT, CA US",0,217,144,25,79,66,90
USW00023190,2013-07-21,34.4241,-119.84249,2.5,"SANTA BARBARA MUNICIPAL AIRPORT, CA US",0,228,150,23,82,73,90
USW00023190,2013-07-22,34.4241,-119.84249,2.5,"SANTA BARBARA MUNICIPAL AIRPORT, CA US",18,228,161,22,84,69,93
USW00023190,2013-07-23,34.4241,-119.84249,2.5,"SANTA BARBARA MUNICIPAL AIRPORT, CA US",0,217,156,24,82,63,93
USW00023190,2013-07-24,34.4241,-119.84249,2.5,"SANTA BARBARA MUNICIPAL AIRPORT, CA US",0,211,156,26,81,66,93
USW00023190,2013-07-25,34.4241,-119.84249,2.5,"SANTA BARBARA MUNICIPAL AIRPORT, CA US",0,211,161,23,77,64,86
USW00023190,2013-07-26,34.4241,-119.84249,2.5,"SANTA BARBARA MUNICIPAL AIRPORT, CA US",0,228,144,22,78,57,90
USW00023190,2013-07-27,34.4241,-119.84249,2.5,"SANTA BARBARA MUNICIPAL AIRPORT, CA US",0,222,144,22,79,61,90
USW00023190,2013-07-28,34.4241,-119.84249,2.5,"SANTA BARBARA MUNICIPAL AIRPORT, CA US",0,206,150,26,81,68,90
USW00023190,2013-07-29,34.4241,-119.84249,2.5,"SANTA BARBARA MUNICIPAL AIRPORT, CA US",0,211,133,23,79,63,93
USW00023190,2013-07-30,34.4241,-119.84249,2.5,"SANTA BARBARA MUNICIPAL AIRPORT, CA US",0,211,128,21,77,59,87
USW00023190,2013-07-31,34.4241,-119.84249,2.5,"SANTA BARBARA MUNICIPAL AIRPORT, CA US",0,206,122,24,76,63,87
USW00023190,2013-08-01,34.4241,-119.84249,2.5,"SANTA BARBARA MUNICIPAL AIRPORT, CA US",0,211,133,21,79,63,90
USW00023190,2013-08-02,34.4241,-119.84249,2.5,"SANTA BARBARA MUNICIPAL AIRPORT, CA US",0,211,133,23,79,65,90
USW00023190,2013-08-03,34.4241,-119.84249,2.5,"SANTA BARBARA MUNICIPAL AIRPORT, CA US",0,206,139,22,80,65,90
USW00023190,2013-08-04,34.4241,-119.84249,2.5,"SANTA BARBARA MUNICIPAL AIRPORT, CA US",0,200,139,27,80,65,90
USW00023190,2013-08-05,34.4241,-119.84249,2.5,"SANTA BARBARA MUNICIPAL AIRPORT, CA US",0,217,150,25,77,59,90
USW00023190,2013-08-06,34.4241,-119.84249,2.5,"SANTA BARBARA MUNICIPAL AIRPORT, CA US",0,206,133,30,78,63,90
USW00023190,2013-08-07,34.4241,-119.84249,2.5,"SANTA BARBARA MUNICIPAL AIRPORT, CA US",0,211,111,23,79,65,93
USW00023190,2013-08-08,34.4241,-119.84249,2.5,"SANTA BARBARA MUNICIPAL AIRPORT, CA US",0,239,122,20,74,54,90
USW00023190,2013-08-09,34.4241,-119.84249,2.5,"SANTA BARBARA MUNICIPAL AIRPORT, CA US",0,206,128,23,77,63,90
USW00023190,2013-08-10,34.4241,-119.84249,2.5,"SANTA BARBARA MUNICIPAL AIRPORT, CA US",0,217,150,27,80,66,90
USW00023190,2013-08-11,34.4241,-119.84249,2.5,"SANTA BARBARA MUNICIPAL AIRPORT, CA US",0,222,144,22,78,61,93
USW00023190,2013-08-12,34.4241,-119.84249,2.5,"SANTA BARBARA MUNICIPAL AIRPORT, CA US",0,211,161,26,79,64,90
USW00023190,2013-08-13,34.4241,-119.84249,2.5,"SANTA BARBARA MUNICIPAL AIRPORT, CA US",0,211,150,26,80,66,90
USW00023190,2013-08-14,34.4241,-119.84249,2.5,"SANTA BARBARA MUNICIPAL AIRPORT, CA US",0,217,156,29,82,68,90
USW00023190,2013-08-15,34.4241,-119.84249,2.5,"SANTA BARBARA MUNICIPAL AIRPORT, CA US",0,217,150,25,86,73,96
USW00023190,2013-08-16,34.4241,-119.84249,2.5,"SANTA BARBARA MUNICIPAL AIRPORT, CA US",0,211,150,19,83,68,93
USW00023190,2013-08-17,34.4241,-119.84249,2.5,"SANTA BARBARA MUNICIPAL AIRPORT, CA US",0,228,156,21,80,57,90
USW00023190,2013-08-18,34.4241,-119.84249,2.5,"SANTA BARBARA MUNICIPAL AIRPORT, CA US",0,233,156,22,81,61,93
USW00023190,2013-08-19,34.4241,-119.84249,2.5,"SANTA BARBARA MUNICIPAL AIRPORT, CA US",0,211,133,17,83,68,96
USW00023190,2013-08-20,34.4241,-119.84249,2.5,"SANTA BARBARA MUNICIPAL AIRPORT, CA US",0,222,128,26,78,57,90
USW00023190,2013-08-21,34.4241,-119.84249,2.5,"SANTA BARBARA MUNICIPAL AIRPORT, CA US",0,228,122,28,76,52,97
USW00023190,2013-08-22,34.4241,-119.84249,2.5,"SANTA BARBARA MUNICIPAL AIRPORT, CA US",0,267,117,20,70,41,90
USW00023190,2013-08-23,34.4241,-119.84249,2.5,"SANTA BARBARA MUNICIPAL AIRPORT, CA US",0,261,122,22,72,47,87
USW00023190,2013-08-24,34.4241,-119.84249,2.5,"SANTA BARBARA MUNICIPAL AIRPORT, CA US",0,256,139,25,78,42,90
USW00023190,2013-08-25,34.4241,-119.84249,2.5,"SANTA BARBARA MUNICIPAL AIRPORT, CA US",0,256,156,20,79,66,93
USW00023190,2013-08-26,34.4241,-119.84249,2.5,"SANTA BARBARA MUNICIPAL AIRPORT, CA US",0,267,133,17,75,47,90
USW00023190,2013-08-27,34.4241,-119.84249,2.5,"SANTA BARBARA MUNICIPAL AIRPORT, CA US",0,239,144,15,76,57,87
USW00023190,2013-08-28,34.4241,-119.84249,2.5,"SANTA BARBARA MUNICIPAL AIRPORT, CA US",0,250,150,16,75,54,90
USW00023190,2013-08-29,34.4241,-119.84249,2.5,"SANTA BARBARA MUNICIPAL AIRPORT, CA US",0,272,144,20,72,44,90
USW00023190,2013-08-30,34.4241,-119.84249,2.5,"SANTA BARBARA MUNICIPAL AIRPORT, CA US",0,289,167,13,70,44,90
USW00023190,2013-08-31,34.4241,-119.84249,2.5,"SANTA BARBARA MUNICIPAL AIRPORT, CA US",0,300,189,16,63,39,87
USW00023190,2013-09-01,34.4241,-119.84249,2.5,"SANTA BARBARA MUNICIPAL AIRPORT, CA US",0,267,183,23,75,52,87
USW00023190,2013-09-02,34.4241,-119.84249,2.5,"SANTA BARBARA MUNICIPAL AIRPORT, CA US",0,267,172,19,77,62,90
USW00023190,2013-09-03,34.4241,-119.84249,2.5,"SANTA BARBARA MUNICIPAL AIRPORT, CA US",0,294,194,16,73,51,91
USW00023190,2013-09-04,34.4241,-119.84249,2.5,"SANTA BARBARA MUNICIPAL AIRPORT, CA US",0,289,178,18,72,48,90
USW00023190,2013-09-05,34.4241,-119.84249,2.5,"SANTA BARBARA MUNICIPAL AIRPORT, CA US",0,294,161,13,71,44,90
USW00023190,2013-09-06,34.4241,-119.84249,2.5,"SANTA BARBARA MUNICIPAL AIRPORT, CA US",0,278,150,13,74,52,90
USW00023190,2013-09-07,34.4241,-119.84249,2.5,"SANTA BARBARA MUNICIPAL AIRPORT, CA US",0,250,144,24,78,58,93
USW00023190,2013-09-08,34.4241,-119.84249,2.5,"SANTA BARBARA MUNICIPAL AIRPORT, CA US",0,228,144,20,81,63,93
USW00023190,2013-09-09,34.4241,-119.84249,2.5,"SANTA BARBARA MUNICIPAL AIRPORT, CA US",0,211,150,27,83,73,93
USW00023190,2013-09-10,34.4241,-119.84249,2.5,"SANTA BARBARA MUNICIPAL AIRPORT, CA US",0,222,144,18,77,61,93
USW00023190,2013-09-11,34.4241,-119.84249,2.5,"SANTA BARBARA MUNICIPAL AIRPORT, CA US",0,222,156,20,76,59,84
USW00023190,2013-09-12,34.4241,-119.84249,2.5,"SANTA BARBARA MUNICIPAL AIRPORT, CA US",0,244,122,17,76,56,90
USW00023190,2013-09-13,34.4241,-119.84249,2.5,"SANTA BARBARA MUNICIPAL AIRPORT, CA US",0,244,128,14,77,54,90
USW00023190,2013-09-14,34.4241,-119.84249,2.5,"SANTA BARBARA MUNICIPAL AIRPORT, CA US",0,267,144,14,75,47,90
USW00023190,2013-09-15,34.4241,-119.84249,2.5,"SANTA BARBARA MUNICIPAL AIRPORT, CA US",0,267,150,18,73,47,87
USW00023190,2013-09-16,34.4241,-119.84249,2.5,"SANTA BARBARA MUNICIPAL AIRPORT, CA US",0,256,128,16,74,50,90
USW00023190,2013-09-17,34.4241,-119.84249,2.5,"SANTA BARBARA MUNICIPAL AIRPORT, CA US",0,217,122,17,81,61,93
USW00023190,2013-09-18,34.4241,-119.84249,2.5,"SANTA BARBARA MUNICIPAL AIRPORT, CA US",0,222,133,17,78,63,90
USW00023190,2013-09-19,34.4241,-119.84249,2.5,"SANTA BARBARA MUNICIPAL AIRPORT, CA US",0,217,122,18,85,70,93
USW00023190,2013-09-20,34.4241,-119.84249,2.5,"SANTA BARBARA MUNICIPAL AIRPORT, CA US",0,194,122,17,82,73,90
USW00023190,2013-09-21,34.4241,-119.84249,2.5,"SANTA BARBARA MUNICIPAL AIRPORT, CA US",0,250,111,29,68,45,90
USW00023190,2013-09-22,34.4241,-119.84249,2.5,"SANTA BARBARA MUNICIPAL AIRPORT, CA US",0,311,133,41,38,15,69
USW00023190,2013-09-23,34.4241,-119.84249,2.5,"SANTA BARBARA MUNICIPAL AIRPORT, CA US",0,289,117,18,56,21,87
USW00023190,2013-09-24,34.4241,-119.84249,2.5,"SANTA BARBARA MUNICIPAL AIRPORT, CA US",0,261,128,16,69,37,87
USW00023190,2013-09-25,34.4241,-119.84249,2.5,"SANTA BARBARA MUNICIPAL AIRPORT, CA US",0,289,106,22,56,27,93
USW00023190,2013-09-26,34.4241,-119.84249,2.5,"SANTA BARBARA MUNICIPAL AIRPORT, CA US",0,267,106,38,38,20,62
USW00023190,2013-09-27,34.4241,-119.84249,2.5,"SANTA BARBARA MUNICIPAL AIRPORT, CA US",0,261,106,16,50,15,84
USW00023190,2013-09-28,34.4241,-119.84249,2.5,"SANTA BARBARA MUNICIPAL AIRPORT, CA US",0,278,89,17,49,16,87
USW00023190,2013-09-29,34.4241,-119.84249,2.5,"SANTA BARBARA MUNICIPAL AIRPORT, CA US",0,256,89,13,62,28,87
USW00023190,2013-09-30,34.4241,-119.84249,2.5,"SANTA BARBARA MUNICIPAL AIRPORT, CA US",0,233,94,17,72,53,90
USW00023190,2013-10-01,34.4241,-119.84249,2.5,"SANTA BARBARA MUNICIPAL AIRPORT, CA US",0,239,128,18,,,
USW00023190,2013-10-02,34.4241,-119.84249,2.5,"SANTA BARBARA MUNICIPAL AIRPORT, CA US",0,217,111,22,,,
USW00023190,2013-10-03,34.4241,-119.84249,2.5,"SANTA BARBARA MUNICIPAL AIRPORT, CA US",0,217,106,18,,,
USW00023190,2013-10-04,34.4241,-119.84249,2.5,"SANTA BARBARA MUNICIPAL AIRPORT, CA US",0,261,106,16,,,
USW00023190,2013-10-05,34.4241,-119.84249,2.5,"SANTA BARBARA MUNICIPAL AIRPORT, CA US",0,300,67,14,,,
USW00023190,2013-10-06,34.4241,-119.84249,2.5,"SANTA BARBARA MUNICIPAL AIRPORT, CA US",0,311,72,12,,,
USW00023190,2013-10-07,34.4241,-119.84249,2.5,"SANTA BARBARA MUNICIPAL AIRPORT, CA US",0,233,89,18,,,
USW00023190,2013-10-08,34.4241,-119.84249,2.5,"SANTA BARBARA MUNICIPAL AIRPORT, CA US",0,200,106,20,,,
USW00023190,2013-10-09,34.4241,-119.84249,2.5,"SANTA BARBARA MUNICIPAL AIRPORT, CA US",8,194,78,29,,,
USW00023190,2013-10-10,34.4241,-119.84249,2.5,"SANTA BARBARA MUNICIPAL AIRPORT, CA US",0,194,56,13,,,
USW00023190,2013-10-11,34.4241,-119.84249,2.5,"SANTA BARBARA MUNICIPAL AIRPORT, CA US",0,194,78,13,,,
USW00023190,2013-10-12,34.4241,-119.84249,2.5,"SANTA BARBARA MUNICIPAL AIRPORT, CA US",0,206,89,13,,,
USW00023190,2013-10-13,34.4241,-119.84249,2.5,"SANTA BARBARA MUNICIPAL AIRPORT, CA US",0,194,106,15,,,
USW00023190,2013-10-14,34.4241,-119.84249,2.5,"SANTA BARBARA MUNICIPAL AIRPORT, CA US",0,250,78,18,,,
USW00023190,2013-10-15,34.4241,-119.84249,2.5,"SANTA BARBARA MUNICIPAL AIRPORT, CA US",0,294,83,13,,,
USW00023190,2013-10-16,34.4241,-119.84249,2.5,"SANTA BARBARA MUNICIPAL AIRPORT, CA US",0,289,83,10,,,
USW00023190,2013-10-17,34.4241,-119.84249,2.5,"SANTA BARBARA MUNICIPAL AIRPORT, CA US",0,233,83,10,,,
USW00023190,2013-10-18,34.4241,-119.84249,2.5,"SANTA BARBARA MUNICIPAL AIRPORT, CA US",0,244,78,12,,,
USW00023190,2013-10-19,34.4241,-119.84249,2.5,"SANTA BARBARA MUNICIPAL AIRPORT, CA US",0,256,72,17,,,
USW00023190,2013-10-20,34.4241,-119.84249,2.5,"SANTA BARBARA MUNICIPAL AIRPORT, CA US",0,200,117,22,,,
USW00023190,2013-10-21,34.4241,-119.84249,2.5,"SANTA BARBARA MUNICIPAL AIRPORT, CA US",0,200,106,16,,,
USW00023190,2013-10-22,34.4241,-119.84249,2.5,"SANTA BARBARA MUNICIPAL AIRPORT, CA US",0,194,128,19,,,
USW00023190,2013-10-23,34.4241,-119.84249,2.5,"SANTA BARBARA MUNICIPAL AIRPORT, CA US",0,189,150,20,,,
USW00023190,2013-10-24,34.4241,-119.84249,2.5,"SANTA BARBARA MUNICIPAL AIRPORT, CA US",0,200,100,16,,,
USW00023190,2013-10-25,34.4241,-119.84249,2.5,"SANTA BARBARA MUNICIPAL AIRPORT, CA US",0,194,94,16,,,
USW00023190,2013-10-26,34.4241,-119.84249,2.5,"SANTA BARBARA MUNICIPAL AIRPORT, CA US",0,206,89,10,,,
USW00023190,2013-10-27,34.4241,-119.84249,2.5,"SANTA BARBARA MUNICIPAL AIRPORT, CA US",0,211,83,16,,,
USW00023190,2013-10-28,34.4241,-119.84249,2.5,"SANTA BARBARA MUNICIPAL AIRPORT, CA US",0,189,94,34,,,
USW00023190,2013-10-29,34.4241,-119.84249,2.5,"SANTA BARBARA MUNICIPAL AIRPORT, CA US",91,189,72,24,,,
USW00023190,2013-10-30,34.4241,-119.84249,2.5,"SANTA BARBARA MUNICIPAL AIRPORT, CA US",0,200,67,15,,,
USW00023190,2013-10-31,34.4241,-119.84249,2.5,"SANTA BARBARA MUNICIPAL AIRPORT, CA US",0,233,72,16,,,
USW00023190,2013-11-01,34.4241,-119.84249,2.5,"SANTA BARBARA MUNICIPAL AIRPORT, CA US",0,261,72,10,52,23,77
USW00023190,2013-11-02,34.4241,-119.84249,2.5,"SANTA BARBARA MUNICIPAL AIRPORT, CA US",0,250,67,9,67,32,93
USW00023190,2013-11-03,34.4241,-119.84249,2.5,"SANTA BARBARA MUNICIPAL AIRPORT, CA US",0,194,83,13,77,63,93
USW00023190,2013-11-04,34.4241,-119.84249,2.5,"SANTA BARBARA MUNICIPAL AIRPORT, CA US",0,206,100,17,62,18,89
USW00023190,2013-11-05,34.4241,-119.84249,2.5,"SANTA BARBARA MUNICIPAL AIRPORT, CA US",0,222,61,13,50,21,80
USW00023190,2013-11-06,34.4241,-119.84249,2.5,"SANTA BARBARA MUNICIPAL AIRPORT, CA US",0,256,50,12,42,13,65
USW00023190,2013-11-07,34.4241,-119.84249,2.5,"SANTA BARBARA MUNICIPAL AIRPORT, CA US",0,272,67,11,52,15,90
USW00023190,2013-11-08,34.4241,-119.84249,2.5,"SANTA BARBARA MUNICIPAL AIRPORT, CA US",0,211,61,10,76,53,93
USW00023190,2013-11-09,34.4241,-119.84249,2.5,"SANTA BARBARA MUNICIPAL AIRPORT, CA US",0,194,89,17,80,61,93
USW00023190,2013-11-10,34.4241,-119.84249,2.5,"SANTA BARBARA MUNICIPAL AIRPORT, CA US",0,211,67,18,79,54,90
USW00023190,2013-11-11,34.4241,-119.84249,2.5,"SANTA BARBARA MUNICIPAL AIRPORT, CA US",0,217,50,13,76,47,90
USW00023190,2013-11-12,34.4241,-119.84249,2.5,"SANTA BARBARA MUNICIPAL AIRPORT, CA US",0,233,89,9,71,46,87
USW00023190,2013-11-13,34.4241,-119.84249,2.5,"SANTA BARBARA MUNICIPAL AIRPORT, CA US",0,294,72,16,57,16,86
USW00023190,2013-11-14,34.4241,-119.84249,2.5,"SANTA BARBARA MUNICIPAL AIRPORT, CA US",0,267,100,10,66,35,90
USW00023190,2013-11-15,34.4241,-119.84249,2.5,"SANTA BARBARA MUNICIPAL AIRPORT, CA US",0,200,78,21,67,49,93
USW00023190,2013-11-16,34.4241,-119.84249,2.5,"SANTA BARBARA MUNICIPAL AIRPORT, CA US",0,200,78,16,72,57,86
USW00023190,2013-11-17,34.4241,-119.84249,2.5,"SANTA BARBARA MUNICIPAL AIRPORT, CA US",0,194,78,10,76,59,86
USW00023190,2013-11-18,34.4241,-119.84249,2.5,"SANTA BARBARA MUNICIPAL AIRPORT, CA US",0,194,72,15,77,54,90
USW00023190,2013-11-19,34.4241,-119.84249,2.5,"SANTA BARBARA MUNICIPAL AIRPORT, CA US",0,194,67,12,68,49,89
USW00023190,2013-11-20,34.4241,-119.84249,2.5,"SANTA BARBARA MUNICIPAL AIRPORT, CA US",79,194,122,12,78,67,93
USW00023190,2013-11-21,34.4241,-119.84249,2.5,"SANTA BARBARA MUNICIPAL AIRPORT, CA US",0,200,111,19,76,59,93
USW00023190,2013-11-22,34.4241,-119.84249,2.5,"SANTA BARBARA MUNICIPAL AIRPORT, CA US",5,189,72,11,69,40,93
USW00023190,2013-11-23,34.4241,-119.84249,2.5,"SANTA BARBARA MUNICIPAL AIRPORT, CA US",0,189,67,13,71,52,89
USW00023190,2013-11-24,34.4241,-119.84249,2.5,"SANTA BARBARA MUNICIPAL AIRPORT, CA US",0,194,72,12,68,43,86
USW00023190,2013-11-25,34.4241,-119.84249,2.5,"SANTA BARBARA MUNICIPAL AIRPORT, CA US",0,211,44,11,69,39,83
USW00023190,2013-11-26,34.4241,-119.84249,2.5,"SANTA BARBARA MUNICIPAL AIRPORT, CA US",0,228,67,7,61,31,79
USW00023190,2013-11-27,34.4241,-119.84249,2.5,"SANTA BARBARA MUNICIPAL AIRPORT, CA US",0,217,61,18,65,34,93
USW00023190,2013-11-28,34.4241,-119.84249,2.5,"SANTA BARBARA MUNICIPAL AIRPORT, CA US",0,183,117,30,74,47,87
USW00023190,2013-11-29,34.4241,-119.84249,2.5,"SANTA BARBARA MUNICIPAL AIRPORT, CA US",104,189,100,14,77,63,90
USW00023190,2013-11-30,34.4241,-119.84249,2.5,"SANTA BARBARA MUNICIPAL AIRPORT, CA US",0,222,78,8,68,37,90
USW00023190,2013-12-01,34.4241,-119.84249,2.5,"SANTA BARBARA MUNICIPAL AIRPORT, CA US",0,239,61,9,60,23,86
USW00023190,2013-12-02,34.4241,-119.84249,2.5,"SANTA BARBARA MUNICIPAL AIRPORT, CA US",0,233,56,9,67,35,89
USW00023190,2013-12-03,34.4241,-119.84249,2.5,"SANTA BARBARA MUNICIPAL AIRPORT, CA US",0,194,56,22,67,41,93
USW00023190,2013-12-04,34.4241,-119.84249,2.5,"SANTA BARBARA MUNICIPAL AIRPORT, CA US",0,189,39,25,34,13,63
USW00023190,2013-12-05,34.4241,-119.84249,2.5,"SANTA BARBARA MUNICIPAL AIRPORT, CA US",0,161,6,15,43,15,72
USW00023190,2013-12-06,34.4241,-119.84249,2.5,"SANTA BARBARA MUNICIPAL AIRPORT, CA US",0,150,0,9,51,36,70
USW00023190,2013-12-07,34.4241,-119.84249,2.5,"SANTA BARBARA MUNICIPAL AIRPORT, CA US",41,156,22,35,60,30,90
USW00023190,2013-12-08,34.4241,-119.84249,2.5,"SANTA BARBARA MUNICIPAL AIRPORT, CA US",0,150,11,17,48,22,73
USW00023190,2013-12-09,34.4241,-119.84249,2.5,"SANTA BARBARA MUNICIPAL AIRPORT, CA US",0,150,-16,10,58,31,82
USW00023190,2013-12-10,34.4241,-119.84249,2.5,"SANTA BARBARA MUNICIPAL AIRPORT, CA US",0,156,-5,5,68,44,82
USW00023190,2013-12-11,34.4241,-119.84249,2.5,"SANTA BARBARA MUNICIPAL AIRPORT, CA US",0,194,0,12,51,17,85
USW00023190,2013-12-12,34.4241,-119.84249,2.5,"SANTA BARBARA MUNICIPAL AIRPORT, CA US",0,200,6,9,58,20,86
USW00023190,2013-12-13,34.4241,-119.84249,2.5,"SANTA BARBARA MUNICIPAL AIRPORT, CA US",0,161,17,9,74,58,89
USW00023190,2013-12-14,34.4241,-119.84249,2.5,"SANTA BARBARA MUNICIPAL AIRPORT, CA US",0,228,6,8,53,15,93
USW00023190,2013-12-15,34.4241,-119.84249,2.5,"SANTA BARBARA MUNICIPAL AIRPORT, CA US",0,244,11,8,48,14,76
USW00023190,2013-12-16,34.4241,-119.84249,2.5,"SANTA BARBARA MUNICIPAL AIRPORT, CA US",0,278,50,9,40,11,70
USW00023190,2013-12-17,34.4241,-119.84249,2.5,"SANTA BARBARA MUNICIPAL AIRPORT, CA US",0,250,67,12,53,22,72
USW00023190,2013-12-18,34.4241,-119.84249,2.5,"SANTA BARBARA MUNICIPAL AIRPORT, CA US",0,178,100,18,80,68,87
USW00023190,2013-12-19,34.4241,-119.84249,2.5,"SANTA BARBARA MUNICIPAL AIRPORT, CA US",0,161,89,37,58,42,77
USW00023190,2013-12-20,34.4241,-119.84249,2.5,"SANTA BARBARA MUNICIPAL AIRPORT, CA US",0,178,50,13,49,33,68
USW00023190,2013-12-21,34.4241,-119.84249,2.5,"SANTA BARBARA MUNICIPAL AIRPORT, CA US",0,167,33,11,73,58,90
USW00023190,2013-12-22,34.4241,-119.84249,2.5,"SANTA BARBARA MUNICIPAL AIRPORT, CA US",0,178,39,7,79,62,90
USW00023190,2013-12-23,34.4241,-119.84249,2.5,"SANTA BARBARA MUNICIPAL AIRPORT, CA US",0,217,33,10,66,27,93
USW00023190,2013-12-24,34.4241,-119.84249,2.5,"SANTA BARBARA MUNICIPAL AIRPORT, CA US",0,244,33,5,60,21,83
USW00023190,2013-12-25,34.4241,-119.84249,2.5,"SANTA BARBARA MUNICIPAL AIRPORT, CA US",0,256,33,10,47,16,74
USW00023190,2013-12-26,34.4241,-119.84249,2.5,"SANTA BARBARA MUNICIPAL AIRPORT, CA US",0,250,28,10,39,11,65
USW00023190,2013-12-27,34.4241,-119.84249,2.5,"SANTA BARBARA MUNICIPAL AIRPORT, CA US",0,250,11,8,51,11,80
USW00023190,2013-12-28,34.4241,-119.84249,2.5,"SANTA BARBARA MUNICIPAL AIRPORT, CA US",0,194,33,15,71,42,90
USW00023190,2013-12-29,34.4241,-119.84249,2.5,"SANTA BARBARA MUNICIPAL AIRPORT, CA US",0,239,22,5,53,15,86
USW00023190,2013-12-30,34.4241,-119.84249,2.5,"SANTA BARBARA MUNICIPAL AIRPORT, CA US",0,211,22,7,53,19,74
USW00023190,2013-12-31,34.4241,-119.84249,2.5,"SANTA BARBARA MUNICIPAL AIRPORT, CA US",0,189,28,7,73,45,93
USW00023190,2014-01-01,34.4241,-119.84249,2.5,"SANTA BARBARA MUNICIPAL AIRPORT, CA US",0,194,33,10,78,56,89
USW00023190,2014-01-02,34.4241,-119.84249,2.5,"SANTA BARBARA MUNICIPAL AIRPORT, CA US",0,250,39,10,51,16,86
USW00023190,2014-01-03,34.4241,-119.84249,2.5,"SANTA BARBARA MUNICIPAL AIRPORT, CA US",0,200,50,11,69,35,87
USW00023190,2014-01-04,34.4241,-119.84249,2.5,"SANTA BARBARA MUNICIPAL AIRPORT, CA US",0,178,67,13,80,60,90
USW00023190,2014-01-05,34.4241,-119.84249,2.5,"SANTA BARBARA MUNICIPAL AIRPORT, CA US",0,228,44,9,58,22,89
USW00023190,2014-01-06,34.4241,-119.84249,2.5,"SANTA BARBARA MUNICIPAL AIRPORT, CA US",0,228,28,8,49,18,73
USW00023190,2014-01-07,34.4241,-119.84249,2.5,"SANTA BARBARA MUNICIPAL AIRPORT, CA US",0,189,28,12,60,37,75
USW00023190,2014-01-08,34.4241,-119.84249,2.5,"SANTA BARBARA MUNICIPAL AIRPORT, CA US",0,189,72,17,71,50,86
USW00023190,2014-01-09,34.4241,-119.84249,2.5,"SANTA BARBARA MUNICIPAL AIRPORT, CA US",0,228,50,22,59,25,89
USW00023190,2014-01-10,34.4241,-119.84249,2.5,"SANTA BARBARA MUNICIPAL AIRPORT, CA US",0,217,78,28,62,24,90
USW00023190,2014-01-11,34.4241,-119.84249,2.5,"SANTA BARBARA MUNICIPAL AIRPORT, CA US",0,206,56,9,71,51,89
USW00023190,2014-01-12,34.4241,-119.84249,2.5,"SANTA BARBARA MUNICIPAL AIRPORT, CA US",0,250,67,18,46,22,74
USW00023190,2014-01-13,34.4241,-119.84249,2.5,"SANTA BARBARA MUNICIPAL AIRPORT, CA US",0,250,39,8,40,13,73
USW00023190,2014-01-14,34.4241,-119.84249,2.5,"SANTA BARBARA MUNICIPAL AIRPORT, CA US",0,272,39,8,35,7,63
USW00023190,2014-01-15,34.4241,-119.84249,2.5,"SANTA BARBARA MUNICIPAL AIRPORT, CA US",0,278,44,9,31,7,56
USW00023190,2014-01-16,34.4241,-119.84249,2.5,"SANTA BARBARA MUNICIPAL AIRPORT, CA US",0,289,44,11,30,6,55
USW00023190,2014-01-17,34.4241,-119.84249,2.5,"SANTA BARBARA MUNICIPAL AIRPORT, CA US",0,294,39,7,32,5,51
USW00023190,2014-01-18,34.4241,-119.84249,2.5,"SANTA BARBARA MUNICIPAL AIRPORT, CA US",0,256,44,11,37,15,54
USW00023190,2014-01-19,34.4241,-119.84249,2.5,"SANTA BARBARA MUNICIPAL AIRPORT, CA US",0,228,33,3,40,14,62
USW00023190,2014-01-20,34.4241,-119.84249,2.5,"SANTA BARBARA MUNICIPAL AIRPORT, CA US",0,206,22,11,70,42,93
USW00023190,2014-01-21,34.4241,-119.84249,2.5,"SANTA BARBARA MUNICIPAL AIRPORT, CA US",0,217,61,4,60,31,80
USW00023190,2014-01-22,34.4241,-119.84249,2.5,"SANTA BARBARA MUNICIPAL AIRPORT, CA US",0,244,44,11,63,19,93
USW00023190,2014-01-23,34.4241,-119.84249,2.5,"SANTA BARBARA MUNICIPAL AIRPORT, CA US",0,178,78,32,78,62,93
USW00023190,2014-01-24,34.4241,-119.84249,2.5,"SANTA BARBARA MUNICIPAL AIRPORT, CA US",0,194,94,23,67,52,84
USW00023190,2014-01-25,34.4241,-119.84249,2.5,"SANTA BARBARA MUNICIPAL AIRPORT, CA US",0,239,83,10,49,15,72
USW00023190,2014-01-26,34.4241,-119.84249,2.5,"SANTA BARBARA MUNICIPAL AIRPORT, CA US",3,172,72,10,71,59,84
USW00023190,2014-01-27,34.4241,-119.84249,2.5,"SANTA BARBARA MUNICIPAL AIRPORT, CA US",0,183,56,12,81,59,93
USW00023190,2014-01-28,34.4241,-119.84249,2.5,"SANTA BARBARA MUNICIPAL AIRPORT, CA US",0,178,50,13,83,70,96
USW00023190,2014-01-29,34.4241,-119.84249,2.5,"SANTA BARBARA MUNICIPAL AIRPORT, CA US",0,167,83,15,88,70,96
USW00023190,2014-01-30,34.4241,-119.84249,2.5,"SANTA BARBARA MUNICIPAL AIRPORT, CA US",0,183,106,26,74,54,93
USW00023190,2014-01-31,34.4241,-119.84249,2.5,"SANTA BARBARA MUNICIPAL AIRPORT, CA US",0,211,72,36,48,21,66
USW00023190,2014-02-01,34.4241,-119.84249,2.5,"SANTA BARBARA MUNICIPAL AIRPORT, CA US",0,200,50,28,33,13,62
USW00023190,2014-02-02,34.4241,-119.84249,2.5,"SANTA BARBARA MUNICIPAL AIRPORT, CA US",51,156,39,23,62,41,83
USW00023190,2014-02-03,34.4241,-119.84249,2.5,"SANTA BARBARA MUNICIPAL AIRPORT, CA US",0,189,39,27,59,30,92
USW00023190,2014-02-04,34.4241,-119.84249,2.5,"SANTA BARBARA MUNICIPAL AIRPORT, CA US",0,161,50,17,55,36,76
USW00023190,2014-02-05,34.4241,-119.84249,2.5,"SANTA BARBARA MUNICIPAL AIRPORT, CA US",0,172,22,17,57,29,82
USW00023190,2014-02-06,34.4241,-119.84249,2.5,"SANTA BARBARA MUNICIPAL AIRPORT, CA US",56,144,83,9,83,60,97
USW00023190,2014-02-07,34.4241,-119.84249,2.5,"SANTA BARBARA MUNICIPAL AIRPORT, CA US",0,161,44,18,81,65,96
USW00023190,2014-02-08,34.4241,-119.84249,2.5,"SANTA BARBARA MUNICIPAL AIRPORT, CA US",0,167,78,22,86,75,93
USW00023190,2014-02-09,34.4241,-119.84249,2.5,"SANTA BARBARA MUNICIPAL AIRPORT, CA US",0,206,78,16,76,49,97
USW00023190,2014-02-10,34.4241,-119.84249,2.5,"SANTA BARBARA MUNICIPAL AIRPORT, CA US",0,239,111,29,56,33,86
USW00023190,2014-02-11,34.4241,-119.84249,2.5,"SANTA BARBARA MUNICIPAL AIRPORT, CA US",0,211,56,9,72,50,90
USW00023190,2014-02-12,34.4241,-119.84249,2.5,"SANTA BARBARA MUNICIPAL AIRPORT, CA US",0,222,67,11,73,45,93
USW00023190,2014-02-13,34.4241,-119.84249,2.5,"SANTA BARBARA MUNICIPAL AIRPORT, CA US",0,228,67,11,74,51,93
USW00023190,2014-02-14,34.4241,-119.84249,2.5,"SANTA BARBARA MUNICIPAL AIRPORT, CA US",0,211,56,18,76,47,93
USW00023190,2014-02-15,34.4241,-119.84249,2.5,"SANTA BARBARA MUNICIPAL AIRPORT, CA US",0,200,72,10,80,58,90
USW00023190,2014-02-16,34.4241,-119.84249,2.5,"SANTA BARBARA MUNICIPAL AIRPORT, CA US",0,194,83,16,79,54,93
USW00023190,2014-02-17,34.4241,-119.84249,2.5,"SANTA BARBARA MUNICIPAL AIRPORT, CA US",0,183,106,21,87,68,97
USW00023190,2014-02-18,34.4241,-119.84249,2.5,"SANTA BARBARA MUNICIPAL AIRPORT, CA US",0,172,94,20,78,65,89
USW00023190,2014-02-19,34.4241,-119.84249,2.5,"SANTA BARBARA MUNICIPAL AIRPORT, CA US",0,228,61,28,67,29,96
USW00023190,2014-02-20,34.4241,-119.84249,2.5,"SANTA BARBARA MUNICIPAL AIRPORT, CA US",0,261,83,26,36,13,77
USW00023190,2014-02-21,34.4241,-119.84249,2.5,"SANTA BARBARA MUNICIPAL AIRPORT, CA US",0,233,67,12,53,22,83
USW00023190,2014-02-22,34.4241,-119.84249,2.5,"SANTA BARBARA MUNICIPAL AIRPORT, CA US",0,189,61,8,80,56,97
USW00023190,2014-02-23,34.4241,-119.84249,2.5,"SANTA BARBARA MUNICIPAL AIRPORT, CA US",0,178,56,15,83,68,93
USW00023190,2014-02-24,34.4241,-119.84249,2.5,"SANTA BARBARA MUNICIPAL AIRPORT, CA US",0,172,94,20,81,58,90
USW00023190,2014-02-25,34.4241,-119.84249,2.5,"SANTA BARBARA MUNICIPAL AIRPORT, CA US",0,178,128,30,72,60,87
USW00023190,2014-02-26,34.4241,-119.84249,2.5,"SANTA BARBARA MUNICIPAL AIRPORT, CA US",254,167,139,40,78,69,90
USW00023190,2014-02-27,34.4241,-119.84249,2.5,"SANTA BARBARA MUNICIPAL AIRPORT, CA US",206,183,106,30,83,60,97
USW00023190,2014-02-28,34.4241,-119.84249,2.5,"SANTA BARBARA MUNICIPAL AIRPORT, CA US",406,167,128,49,85,81,93
USW00023190,2014-03-01,34.4241,-119.84249,2.5,"SANTA BARBARA MUNICIPAL AIRPORT, CA US",193,150,122,46,85,78,90
USW00023190,2014-03-02,34.4241,-119.84249,2.5,"SANTA BARBARA MUNICIPAL AIRPORT, CA US",18,161,106,23,87,75,96
USW00023190,2014-03-03,34.4241,-119.84249,2.5,"SANTA BARBARA MUNICIPAL AIRPORT, CA US",0,178,78,14,84,68,96
USW00023190,2014-03-04,34.4241,-119.84249,2.5,"SANTA BARBARA MUNICIPAL AIRPORT, CA US",0,222,100,37,72,59,90
USW00023190,2014-03-05,34.4241,-119.84249,2.5,"SANTA BARBARA MUNICIPAL AIRPORT, CA US",0,189,117,22,84,73,93
USW00023190,2014-03-06,34.4241,-119.84249,2.5,"SANTA BARBARA MUNICIPAL AIRPORT, CA US",0,283,128,38,64,35,93
USW00023190,2014-03-07,34.4241,-119.84249,2.5,"SANTA BARBARA MUNICIPAL AIRPORT, CA US",0,228,122,27,44,28,65
USW00023190,2014-03-08,34.4241,-119.84249,2.5,"SANTA BARBARA MUNICIPAL AIRPORT, CA US",0,267,78,14,47,19,80
USW00023190,2014-03-09,34.4241,-119.84249,2.5,"SANTA BARBARA MUNICIPAL AIRPORT, CA US",0,267,94,12,40,18,69
USW00023190,2014-03-10,34.4241,-119.84249,2.5,"SANTA BARBARA MUNICIPAL AIRPORT, CA US",0,217,89,12,65,42,86
USW00023190,2014-03-11,34.4241,-119.84249,2.5,"SANTA BARBARA MUNICIPAL AIRPORT, CA US",0,228,89,12,67,31,86
USW00023190,2014-03-12,34.4241,-119.84249,2.5,"SANTA BARBARA MUNICIPAL AIRPORT, CA US",0,233,83,18,66,30,89
USW00023190,2014-03-13,34.4241,-119.84249,2.5,"SANTA BARBARA MUNICIPAL AIRPORT, CA US",0,178,83,13,82,72,93
USW00023190,2014-03-14,34.4241,-119.84249,2.5,"SANTA BARBARA MUNICIPAL AIRPORT, CA US",0,239,67,22,69,17,90
USW00023190,2014-03-15,34.4241,-119.84249,2.5,"SANTA BARBARA MUNICIPAL AIRPORT, CA US",0,244,89,17,70,41,90
USW00023190,2014-03-16,34.4241,-119.84249,2.5,"SANTA BARBARA MUNICIPAL AIRPORT, CA US",0,289,89,14,57,19,89
USW00023190,2014-03-17,34.4241,-119.84249,2.5,"SANTA BARBARA MUNICIPAL AIRPORT, CA US",0,256,106,51,49,28,93
USW00023190,2014-03-18,34.4241,-119.84249,2.5,"SANTA BARBARA MUNICIPAL AIRPORT, CA US",0,211,106,24,68,39,83
USW00023190,2014-03-19,34.4241,-119.84249,2.5,"SANTA BARBARA MUNICIPAL AIRPORT, CA US",0,206,83,15,73,53,93
USW00023190,2014-03-20,34.4241,-119.84249,2.5,"SANTA BARBARA MUNICIPAL AIRPORT, CA US",0,183,100,22,80,67,90
USW00023190,2014-03-21,34.4241,-119.84249,2.5,"SANTA BARBARA MUNICIPAL AIRPORT, CA US",0,172,106,28,73,65,87
USW00023190,2014-03-22,34.4241,-119.84249,2.5,"SANTA BARBARA MUNICIPAL AIRPORT, CA US",0,167,89,16,72,62,86
USW00023190,2014-03-23,34.4241,-119.84249,2.5,"SANTA BARBARA MUNICIPAL AIRPORT, CA US",0,183,72,24,77,60,93
USW00023190,2014-03-24,34.4241,-119.84249,2.5,"SANTA BARBARA MUNICIPAL AIRPORT, CA US",0,167,122,24,81,72,90
USW00023190,2014-03-25,34.4241,-119.84249,2.5,"SANTA BARBARA MUNICIPAL AIRPORT, CA US",0,189,133,20,74,52,90
USW00023190,2014-03-26,34.4241,-119.84249,2.5,"SANTA BARBARA MUNICIPAL AIRPORT, CA US",0,183,117,50,72,58,81
USW00023190,2014-03-27,34.4241,-119.84249,2.5,"SANTA BARBARA MUNICIPAL AIRPORT, CA US",0,217,111,43,55,35,77
USW00023190,2014-03-28,34.4241,-119.84249,2.5,"SANTA BARBARA MUNICIPAL AIRPORT, CA US",0,189,78,17,76,54,89
USW00023190,2014-03-29,34.4241,-119.84249,2.5,"SANTA BARBARA MUNICIPAL AIRPORT, CA US",0,206,89,21,72,53,90
USW00023190,2014-03-30,34.4241,-119.84249,2.5,"SANTA BARBARA MUNICIPAL AIRPORT, CA US",0,211,100,48,53,41,67
USW00023190,2014-03-31,34.4241,-119.84249,2.5,"SANTA BARBARA MUNICIPAL AIRPORT, CA US",66,178,61,28,69,50,87
USW00023190,2014-04-01,34.4241,-119.84249,2.5,"SANTA BARBARA MUNICIPAL AIRPORT, CA US",64,167,72,35,72,50,90
USW00023190,2014-04-02,34.4241,-119.84249,2.5,"SANTA BARBARA MUNICIPAL AIRPORT, CA US",3,172,61,43,66,53,93
USW00023190,2014-04-03,34.4241,-119.84249,2.5,"SANTA BARBARA MUNICIPAL AIRPORT, CA US",0,172,56,21,71,56,83
USW00023190,2014-04-04,34.4241,-119.84249,2.5,"SANTA BARBARA MUNICIPAL AIRPORT, CA US",0,200,67,29,65,45,90
USW00023190,2014-04-05,34.4241,-119.84249,2.5,"SANTA BARBARA MUNICIPAL AIRPORT, CA US",0,250,94,46,40,22,69
USW00023190,2014-04-06,34.4241,-119.84249,2.5,"SANTA BARBARA MUNICIPAL AIRPORT, CA US",0,244,89,16,57,26,90
USW00023190,2014-04-07,34.4241,-119.84249,2.5,"SANTA BARBARA MUNICIPAL AIRPORT, CA US",0,261,89,14,55,24,89
USW00023190,2014-04-08,34.4241,-119.84249,2.5,"SANTA BARBARA MUNICIPAL AIRPORT, CA US",0,233,83,13,70,43,93
USW00023190,2014-04-09,34.4241,-119.84249,2.5,"SANTA BARBARA MUNICIPAL AIRPORT, CA US",0,200,106,22,86,59,97
USW00023190,2014-04-10,34.4241,-119.84249,2.5,"SANTA BARBARA MUNICIPAL AIRPORT, CA US",0,172,100,16,84,67,97
USW00023190,2014-04-11,34.4241,-119.84249,2.5,"SANTA BARBARA MUNICIPAL AIRPORT, CA US",0,194,94,19,81,56,96
USW00023190,2014-04-12,34.4241,-119.84249,2.5,"SANTA BARBARA MUNICIPAL AIRPORT, CA US",0,167,83,28,75,58,90
USW00023190,2014-04-13,34.4241,-119.84249,2.5,"SANTA BARBARA MUNICIPAL AIRPORT, CA US",0,183,61,21,76,56,90
USW00023190,2014-04-14,34.4241,-119.84249,2.5,"SANTA BARBARA MUNICIPAL AIRPORT, CA US",0,200,83,16,78,57,96
USW00023190,2014-04-15,34.4241,-119.84249,2.5,"SANTA BARBARA MUNICIPAL AIRPORT, CA US",0,200,106,21,86,63,97
USW00023190,2014-04-16,34.4241,-119.84249,2.5,"SANTA BARBARA MUNICIPAL AIRPORT, CA US",0,183,106,21,79,65,93
USW00023190,2014-04-17,34.4241,-119.84249,2.5,"SANTA BARBARA MUNICIPAL AIRPORT, CA US",0,189,117,20,77,65,90
USW00023190,2014-04-18,34.4241,-119.84249,2.5,"SANTA BARBARA MUNICIPAL AIRPORT, CA US",0,206,117,20,73,59,89
USW00023190,2014-04-19,34.4241,-119.84249,2.5,"SANTA BARBARA MUNICIPAL AIRPORT, CA US",0,206,100,16,76,61,93
USW00023190,2014-04-20,34.4241,-119.84249,2.5,"SANTA BARBARA MUNICIPAL AIRPORT, CA US",0,206,106,18,76,57,93
USW00023190,2014-04-21,34.4241,-119.84249,2.5,"SANTA BARBARA MUNICIPAL AIRPORT, CA US",0,183,100,20,86,75,97
USW00023190,2014-04-22,34.4241,-119.84249,2.5,"SANTA BARBARA MUNICIPAL AIRPORT, CA US",0,222,106,36,59,30,93
USW00023190,2014-04-23,34.4241,-119.84249,2.5,"SANTA BARBARA MUNICIPAL AIRPORT, CA US",0,233,128,38,36,20,67
USW00023190,2014-04-24,34.4241,-119.84249,2.5,"SANTA BARBARA MUNICIPAL AIRPORT, CA US",0,222,83,19,62,33,80
USW00023190,2014-04-25,34.4241,-119.84249,2.5,"SANTA BARBARA MUNICIPAL AIRPORT, CA US",3,189,111,35,72,61,83
USW00023190,2014-04-26,34.4241,-119.84249,2.5,"SANTA BARBARA MUNICIPAL AIRPORT, CA US",0,211,106,69,49,37,66
USW00023190,2014-04-27,34.4241,-119.84249,2.5,"SANTA BARBARA MUNICIPAL AIRPORT, CA US",0,250,106,46,50,31,72
USW00023190,2014-04-28,34.4241,-119.84249,2.5,"SANTA BARBARA MUNICIPAL AIRPORT, CA US",0,250,122,36,45,16,65
USW00023190,2014-04-29,34.4241,-119.84249,2.5,"SANTA BARBARA MUNICIPAL AIRPORT, CA US",0,294,122,20,40,15,75
USW00023190,2014-04-30,34.4241,-119.84249,2.5,"SANTA BARBARA MUNICIPAL AIRPORT, CA US",0,322,100,21,33,7,75
USW00023190,2014-05-01,34.4241,-119.84249,2.5,"SANTA BARBARA MUNICIPAL AIRPORT, CA US",0,328,100,30,26,8,64
USW00023190,2014-05-02,34.4241,-119.84249,2.5,"SANTA BARBARA MUNICIPAL AIRPORT, CA US",0,294,133,17,50,16,87
USW00023190,2014-05-03,34.4241,-119.84249,2.5,"SANTA BARBARA MUNICIPAL AIRPORT, CA US",0,250,117,21,70,41,87
USW00023190,2014-05-04,34.4241,-119.84249,2.5,"SANTA BARBARA MUNICIPAL AIRPORT, CA US",0,239,94,16,70,41,86
USW00023190,2014-05-05,34.4241,-119.84249,2.5,"SANTA BARBARA MUNICIPAL AIRPORT, CA US",0,233,100,35,63,33,89
USW00023190,2014-05-06,34.4241,-119.84249,2.5,"SANTA BARBARA MUNICIPAL AIRPORT, CA US",0,211,117,58,49,27,69
USW00023190,2014-05-07,34.4241,-119.84249,2.5,"SANTA BARBARA MUNICIPAL AIRPORT, CA US",0,228,94,34,54,35,75
USW00023190,2014-05-08,34.4241,-119.84249,2.5,"SANTA BARBARA MUNICIPAL AIRPORT, CA US",0,194,89,21,67,47,83
USW00023190,2014-05-09,34.4241,-119.84249,2.5,"SANTA BARBARA MUNICIPAL AIRPORT, CA US",0,272,100,36,59,30,87
USW00023190,2014-05-10,34.4241,-119.84249,2.5,"SANTA BARBARA MUNICIPAL AIRPORT, CA US",0,267,133,51,42,20,72
USW00023190,2014-05-11,34.4241,-119.84249,2.5,"SANTA BARBARA MUNICIPAL AIRPORT, CA US",0,244,117,32,41,11,75
USW00023190,2014-05-12,34.4241,-119.84249,2.5,"SANTA BARBARA MUNICIPAL AIRPORT, CA US",0,311,100,30,30,9,90
USW00023190,2014-05-13,34.4241,-119.84249,2.5,"SANTA BARBARA MUNICIPAL AIRPORT, CA US",0,317,122,20,25,10,54
USW00023190,2014-05-14,34.4241,-119.84249,2.5,"SANTA BARBARA MUNICIPAL AIRPORT, CA US",0,367,122,28,25,5,70
USW00023190,2014-05-15,34.4241,-119.84249,2.5,"SANTA BARBARA MUNICIPAL AIRPORT, CA US",0,361,128,17,35,9,81
USW00023190,2014-05-16,34.4241,-119.84249,2.5,"SANTA BARBARA MUNICIPAL AIRPORT, CA US",0,244,139,21,73,57,90
USW00023190,2014-05-17,34.4241,-119.84249,2.5,"SANTA BARBARA MUNICIPAL AIRPORT, CA US",0,222,117,23,71,51,90
USW00023190,2014-05-18,34.4241,-119.84249,2.5,"SANTA BARBARA MUNICIPAL AIRPORT, CA US",0,233,100,27,66,30,87
USW00023190,2014-05-19,34.4241,-119.84249,2.5,"SANTA BARBARA MUNICIPAL AIRPORT, CA US",0,256,117,28,55,22,84
USW00023190,2014-05-20,34.4241,-119.84249,2.5,"SANTA BARBARA MUNICIPAL AIRPORT, CA US",0,228,128,54,52,35,67
USW00023190,2014-05-21,34.4241,-119.84249,2.5,"SANTA BARBARA MUNICIPAL AIRPORT, CA US",0,211,117,32,65,51,78
USW00023190,2014-05-22,34.4241,-119.84249,2.5,"SANTA BARBARA MUNICIPAL AIRPORT, CA US",0,200,106,24,75,59,86
USW00023190,2014-05-23,34.4241,-119.84249,2.5,"SANTA BARBARA MUNICIPAL AIRPORT, CA US",0,206,122,25,77,59,90
USW00023190,2014-05-24,34.4241,-119.84249,2.5,"SANTA BARBARA MUNICIPAL AIRPORT, CA US",0,194,133,18,77,65,90
USW00023190,2014-05-25,34.4241,-119.84249,2.5,"SANTA BARBARA MUNICIPAL AIRPORT, CA US",0,211,128,26,77,61,93
USW00023190,2014-05-26,34.4241,-119.84249,2.5,"SANTA BARBARA MUNICIPAL AIRPORT, CA US",0,206,139,24,83,70,96
USW00023190,2014-05-27,34.4241,-119.84249,2.5,"SANTA BARBARA MUNICIPAL AIRPORT, CA US",0,206,139,23,83,68,97
USW00023190,2014-05-28,34.4241,-119.84249,2.5,"SANTA BARBARA MUNICIPAL AIRPORT, CA US",0,206,128,19,79,70,93
USW00023190,2014-05-29,34.4241,-119.84249,2.5,"SANTA BARBARA MUNICIPAL AIRPORT, CA US",0,222,117,29,73,61,87
USW00023190,2014-05-30,34.4241,-119.84249,2.5,"SANTA BARBARA MUNICIPAL AIRPORT, CA US",0,239,111,18,73,48,93
USW00023190,2014-05-31,34.4241,-119.84249,2.5,"SANTA BARBARA MUNICIPAL AIRPORT, CA US",0,233,106,23,71,50,89
USW00023190,2014-06-01,34.4241,-119.84249,2.5,"SANTA BARBARA MUNICIPAL AIRPORT, CA US",0,217,111,20,75,57,87
USW00023190,2014-06-02,34.4241,-119.84249,2.5,"SANTA BARBARA MUNICIPAL AIRPORT, CA US",0,222,122,24,72,49,90
USW00023190,2014-06-03,34.4241,-119.84249,2.5,"SANTA BARBARA MUNICIPAL AIRPORT, CA US",0,228,111,28,68,43,84
USW00023190,2014-06-04,34.4241,-119.84249,2.5,"SANTA BARBARA MUNICIPAL AIRPORT, CA US",0,222,111,27,72,53,87
USW00023190,2014-06-05,34.4241,-119.84249,2.5,"SANTA BARBARA MUNICIPAL AIRPORT, CA US",0,211,150,31,74,61,87
USW00023190,2014-06-06,34.4241,-119.84249,2.5,"SANTA BARBARA MUNICIPAL AIRPORT, CA US",0,200,117,27,76,63,90
USW00023190,2014-06-07,34.4241,-119.84249,2.5,"SANTA BARBARA MUNICIPAL AIRPORT, CA US",0,194,144,26,76,63,87
USW00023190,2014-06-08,34.4241,-119.84249,2.5,"SANTA BARBARA MUNICIPAL AIRPORT, CA US",0,194,117,18,82,70,90
USW00023190,2014-06-09,34.4241,-119.84249,2.5,"SANTA BARBARA MUNICIPAL AIRPORT, CA US",0,200,139,21,82,42,93
USW00023190,2014-06-10,34.4241,-119.84249,2.5,"SANTA BARBARA MUNICIPAL AIRPORT, CA US",0,217,150,21,79,68,90
USW00023190,2014-06-11,34.4241,-119.84249,2.5,"SANTA BARBARA MUNICIPAL AIRPORT, CA US",0,206,139,26,77,63,90
USW00023190,2014-06-12,34.4241,-119.84249,2.5,"SANTA BARBARA MUNICIPAL AIRPORT, CA US",0,200,133,30,77,65,84
USW00023190,2014-06-13,34.4241,-119.84249,2.5,"SANTA BARBARA MUNICIPAL AIRPORT, CA US",0,194,128,19,79,68,87
USW00023190,2014-06-14,34.4241,-119.84249,2.5,"SANTA BARBARA MUNICIPAL AIRPORT, CA US",0,206,117,26,77,65,90
USW00023190,2014-06-15,34.4241,-119.84249,2.5,"SANTA BARBARA MUNICIPAL AIRPORT, CA US",0,211,133,33,71,57,81
USW00023190,2014-06-16,34.4241,-119.84249,2.5,"SANTA BARBARA MUNICIPAL AIRPORT, CA US",0,239,106,26,61,33,83
USW00023190,2014-06-17,34.4241,-119.84249,2.5,"SANTA BARBARA MUNICIPAL AIRPORT, CA US",0,217,106,24,66,49,81
USW00023190,2014-06-18,34.4241,-119.84249,2.5,"SANTA BARBARA MUNICIPAL AIRPORT, CA US",0,217,106,25,73,55,87
USW00023190,2014-06-19,34.4241,-119.84249,2.5,"SANTA BARBARA MUNICIPAL AIRPORT, CA US",0,222,144,23,75,55,87
USW00023190,2014-06-20,34.4241,-119.84249,2.5,"SANTA BARBARA MUNICIPAL AIRPORT, CA US",0,228,139,24,75,57,87
USW00023190,2014-06-21,34.4241,-119.84249,2.5,"SANTA BARBARA MUNICIPAL AIRPORT, CA US",0,222,128,20,78,59,90
USW00023190,2014-06-22,34.4241,-119.84249,2.5,"SANTA BARBARA MUNICIPAL AIRPORT, CA US",0,217,150,26,75,61,87
USW00023190,2014-06-23,34.4241,-119.84249,2.5,"SANTA BARBARA MUNICIPAL AIRPORT, CA US",0,222,117,22,74,59,90
USW00023190,2014-06-24,34.4241,-119.84249,2.5,"SANTA BARBARA MUNICIPAL AIRPORT, CA US",0,217,133,21,75,61,87
USW00023190,2014-06-25,34.4241,-119.84249,2.5,"SANTA BARBARA MUNICIPAL AIRPORT, CA US",0,239,139,27,75,62,87
USW00023190,2014-06-26,34.4241,-119.84249,2.5,"SANTA BARBARA MUNICIPAL AIRPORT, CA US",0,300,139,28,61,32,90
USW00023190,2014-06-27,34.4241,-119.84249,2.5,"SANTA BARBARA MUNICIPAL AIRPORT, CA US",0,250,167,27,69,48,81
USW00023190,2014-06-28,34.4241,-119.84249,2.5,"SANTA BARBARA MUNICIPAL AIRPORT, CA US",0,233,156,28,74,62,84
USW00023190,2014-06-29,34.4241,-119.84249,2.5,"SANTA BARBARA MUNICIPAL AIRPORT, CA US",0,244,161,24,76,62,87
USW00023190,2014-06-30,34.4241,-119.84249,2.5,"SANTA BARBARA MUNICIPAL AIRPORT, CA US",0,228,172,29,79,69,87
USW00023190,2014-07-01,34.4241,-119.84249,2.5,"SANTA BARBARA MUNICIPAL AIRPORT, CA US",0,222,161,26,82,66,93
USW00023190,2014-07-02,34.4241,-119.84249,2.5,"SANTA BARBARA MUNICIPAL AIRPORT, CA US",0,228,161,26,79,66,90
USW00023190,2014-07-03,34.4241,-119.84249,2.5,"SANTA BARBARA MUNICIPAL AIRPORT, CA US",0,233,172,28,75,61,87
USW00023190,2014-07-04,34.4241,-119.84249,2.5,"SANTA BARBARA MUNICIPAL AIRPORT, CA US",0,250,150,24,80,62,90
USW00023190,2014-07-05,34.4241,-119.84249,2.5,"SANTA BARBARA MUNICIPAL AIRPORT, CA US",0,267,172,19,77,54,93
USW00023190,2014-07-06,34.4241,-119.84249,2.5,"SANTA BARBARA MUNICIPAL AIRPORT, CA US",0,261,150,21,74,50,93
USW00023190,2014-07-07,34.4241,-119.84249,2.5,"SANTA BARBARA MUNICIPAL AIRPORT, CA US",0,244,167,26,75,60,87
USW00023190,2014-07-08,34.4241,-119.84249,2.5,"SANTA BARBARA MUNICIPAL AIRPORT, CA US",0,228,167,27,77,66,87
USW00023190,2014-07-09,34.4241,-119.84249,2.5,"SANTA BARBARA MUNICIPAL AIRPORT, CA US",0,233,183,29,77,66,84
USW00023190,2014-07-10,34.4241,-119.84249,2.5,"SANTA BARBARA MUNICIPAL AIRPORT, CA US",0,228,167,33,77,66,84
USW00023190,2014-07-11,34.4241,-119.84249,2.5,"SANTA BARBARA MUNICIPAL AIRPORT, CA US",0,233,172,32,73,57,84
USW00023190,2014-07-12,34.4241,-119.84249,2.5,"SANTA BARBARA MUNICIPAL AIRPORT, CA US",0,261,150,23,70,52,90
USW00023190,2014-07-13,34.4241,-119.84249,2.5,"SANTA BARBARA MUNICIPAL AIRPORT, CA US",0,256,161,20,72,54,87
USW00023190,2014-07-14,34.4241,-119.84249,2.5,"SANTA BARBARA MUNICIPAL AIRPORT, CA US",0,250,200,34,79,69,84
USW00023190,2014-07-15,34.4241,-119.84249,2.5,"SANTA BARBARA MUNICIPAL AIRPORT, CA US",0,239,183,27,79,69,90
USW00023190,2014-07-16,34.4241,-119.84249,2.5,"SANTA BARBARA MUNICIPAL AIRPORT, CA US",3,239,161,21,77,58,93
USW00023190,2014-07-17,34.4241,-119.84249,2.5,"SANTA BARBARA MUNICIPAL AIRPORT, CA US",0,244,150,28,68,50,81
USW00023190,2014-07-18,34.4241,-119.84249,2.5,"SANTA BARBARA MUNICIPAL AIRPORT, CA US",0,233,156,28,72,60,84
USW00023190,2014-07-19,34.4241,-119.84249,2.5,"SANTA BARBARA MUNICIPAL AIRPORT, CA US",0,239,161,25,73,58,84
USW00023190,2014-07-20,34.4241,-119.84249,2.5,"SANTA BARBARA MUNICIPAL AIRPORT, CA US",0,250,183,28,70,54,81
USW00023190,2014-07-21,34.4241,-119.84249,2.5,"SANTA BARBARA MUNICIPAL AIRPORT, CA US",0,250,172,36,71,50,84
USW00023190,2014-07-22,34.4241,-119.84249,2.5,"SANTA BARBARA MUNICIPAL AIRPORT, CA US",0,283,156,27,66,44,90
USW00023190,2014-07-23,34.4241,-119.84249,2.5,"SANTA BARBARA MUNICIPAL AIRPORT, CA US",0,322,139,21,63,38,87
USW00023190,2014-07-24,34.4241,-119.84249,2.5,"SANTA BARBARA MUNICIPAL AIRPORT, CA US",0,272,161,22,69,52,81
USW00023190,2014-07-25,34.4241,-119.84249,2.5,"SANTA BARBARA MUNICIPAL AIRPORT, CA US",0,256,172,28,76,62,90
USW00023190,2014-07-26,34.4241,-119.84249,2.5,"SANTA BARBARA MUNICIPAL AIRPORT, CA US",0,239,167,18,82,62,96
USW00023190,2014-07-27,34.4241,-119.84249,2.5,"SANTA BARBARA MUNICIPAL AIRPORT, CA US",0,239,167,17,84,71,93
USW00023190,2014-07-28,34.4241,-119.84249,2.5,"SANTA BARBARA MUNICIPAL AIRPORT, CA US",0,261,172,22,77,56,90
USW00023190,2014-07-29,34.4241,-119.84249,2.5,"SANTA BARBARA MUNICIPAL AIRPORT, CA US",0,256,172,22,75,54,87
USW00023190,2014-07-30,34.4241,-119.84249,2.5,"SANTA BARBARA MUNICIPAL AIRPORT, CA US",0,289,183,20,72,44,81
USW00023190,2014-07-31,34.4241,-119.84249,2.5,"SANTA BARBARA MUNICIPAL AIRPORT, CA US",0,261,172,22,72,52,87
USW00023190,2014-08-01,34.4241,-119.84249,2.5,"SANTA BARBARA MUNICIPAL AIRPORT, CA US",0,233,178,26,79,66,87
USW00023190,2014-08-02,34.4241,-119.84249,2.5,"SANTA BARBARA MUNICIPAL AIRPORT, CA US",0,222,167,21,84,73,93
USW00023190,2014-08-03,34.4241,-119.84249,2.5,"SANTA BARBARA MUNICIPAL AIRPORT, CA US",0,267,172,13,77,56,90
USW00023190,2014-08-04,34.4241,-119.84249,2.5,"SANTA BARBARA MUNICIPAL AIRPORT, CA US",0,233,167,28,78,57,90
USW00023190,2014-08-05,34.4241,-119.84249,2.5,"SANTA BARBARA MUNICIPAL AIRPORT, CA US",0,228,144,32,77,59,90
USW00023190,2014-08-06,34.4241,-119.84249,2.5,"SANTA BARBARA MUNICIPAL AIRPORT, CA US",0,228,172,28,77,59,87
USW00023190,2014-08-07,34.4241,-119.84249,2.5,"SANTA BARBARA MUNICIPAL AIRPORT, CA US",0,233,178,30,76,57,87
USW00023190,2014-08-08,34.4241,-119.84249,2.5,"SANTA BARBARA MUNICIPAL AIRPORT, CA US",0,233,167,25,79,64,90
USW00023190,2014-08-09,34.4241,-119.84249,2.5,"SANTA BARBARA MUNICIPAL AIRPORT, CA US",0,233,178,28,80,64,87
USW00023190,2014-08-10,34.4241,-119.84249,2.5,"SANTA BARBARA MUNICIPAL AIRPORT, CA US",0,228,161,15,81,66,90
USW00023190,2014-08-11,34.4241,-119.84249,2.5,"SANTA BARBARA MUNICIPAL AIRPORT, CA US",0,228,139,18,83,66,93
USW00023190,2014-08-12,34.4241,-119.84249,2.5,"SANTA BARBARA MUNICIPAL AIRPORT, CA US",0,244,139,24,77,55,93
USW00023190,2014-08-13,34.4241,-119.84249,2.5,"SANTA BARBARA MUNICIPAL AIRPORT, CA US",0,233,156,24,76,64,87
USW00023190,2014-08-14,34.4241,-119.84249,2.5,"SANTA BARBARA MUNICIPAL AIRPORT, CA US",0,239,161,23,79,62,93
USW00023190,2014-08-15,34.4241,-119.84249,2.5,"SANTA BARBARA MUNICIPAL AIRPORT, CA US",0,228,150,24,81,66,97
USW00023190,2014-08-16,34.4241,-119.84249,2.5,"SANTA BARBARA MUNICIPAL AIRPORT, CA US",0,250,161,22,78,54,90
USW00023190,2014-08-17,34.4241,-119.84249,2.5,"SANTA BARBARA MUNICIPAL AIRPORT, CA US",0,261,144,19,72,48,90
USW00023190,2014-08-18,34.4241,-119.84249,2.5,"SANTA BARBARA MUNICIPAL AIRPORT, CA US",0,256,133,23,75,54,87
USW00023190,2014-08-19,34.4241,-119.84249,2.5,"SANTA BARBARA MUNICIPAL AIRPORT, CA US",0,244,161,21,76,58,87
USW00023190,2014-08-20,34.4241,-119.84249,2.5,"SANTA BARBARA MUNICIPAL AIRPORT, CA US",0,244,172,29,71,54,87
USW00023190,2014-08-21,34.4241,-119.84249,2.5,"SANTA BARBARA MUNICIPAL AIRPORT, CA US",0,250,144,24,73,52,87
USW00023190,2014-08-22,34.4241,-119.84249,2.5,"SANTA BARBARA MUNICIPAL AIRPORT, CA US",0,222,161,16,83,71,93
USW00023190,2014-08-23,34.4241,-119.84249,2.5,"SANTA BARBARA MUNICIPAL AIRPORT, CA US",0,233,161,19,79,62,93
USW00023190,2014-08-24,34.4241,-119.84249,2.5,"SANTA BARBARA MUNICIPAL AIRPORT, CA US",0,233,150,31,75,61,90
USW00023190,2014-08-25,34.4241,-119.84249,2.5,"SANTA BARBARA MUNICIPAL AIRPORT, CA US",0,228,133,26,72,55,90
USW00023190,2014-08-26,34.4241,-119.84249,2.5,"SANTA BARBARA MUNICIPAL AIRPORT, CA US",0,244,133,21,72,52,90
USW00023190,2014-08-27,34.4241,-119.84249,2.5,"SANTA BARBARA MUNICIPAL AIRPORT, CA US",0,283,122,19,61,33,87
USW00023190,2014-08-28,34.4241,-119.84249,2.5,"SANTA BARBARA MUNICIPAL AIRPORT, CA US",0,283,156,24,68,44,87
USW00023190,2014-08-29,34.4241,-119.84249,2.5,"SANTA BARBARA MUNICIPAL AIRPORT, CA US",0,267,133,20,74,48,90
USW00023190,2014-08-30,34.4241,-119.84249,2.5,"SANTA BARBARA MUNICIPAL AIRPORT, CA US",0,250,144,17,78,62,90
USW00023190,2014-08-31,34.4241,-119.84249,2.5,"SANTA BARBARA MUNICIPAL AIRPORT, CA US",0,256,156,26,73,60,90
USW00023190,2014-09-01,34.4241,-119.84249,2.5,"SANTA BARBARA MUNICIPAL AIRPORT, CA US",0,250,161,18,76,60,90
USW00023190,2014-09-02,34.4241,-119.84249,2.5,"SANTA BARBARA MUNICIPAL AIRPORT, CA US",0,244,178,32,78,62,93
USW00023190,2014-09-03,34.4241,-119.84249,2.5,"SANTA BARBARA MUNICIPAL AIRPORT, CA US",0,233,156,24,80,68,90
USW00023190,2014-09-04,34.4241,-119.84249,2.5,"SANTA BARBARA MUNICIPAL AIRPORT, CA US",0,228,133,24,79,64,90
USW00023190,2014-09-05,34.4241,-119.84249,2.5,"SANTA BARBARA MUNICIPAL AIRPORT, CA US",0,228,122,22,80,66,90
USW00023190,2014-09-06,34.4241,-119.84249,2.5,"SANTA BARBARA MUNICIPAL AIRPORT, CA US",0,256,128,20,78,54,93
USW00023190,2014-09-07,34.4241,-119.84249,2.5,"SANTA BARBARA MUNICIPAL AIRPORT, CA US",0,283,106,17,71,41,93
USW00023190,2014-09-08,34.4241,-119.84249,2.5,"SANTA BARBARA MUNICIPAL AIRPORT, CA US",0,278,156,18,72,51,90
USW00023190,2014-09-09,34.4241,-119.84249,2.5,"SANTA BARBARA MUNICIPAL AIRPORT, CA US",0,261,133,20,72,48,93
USW00023190,2014-09-10,34.4241,-119.84249,2.5,"SANTA BARBARA MUNICIPAL AIRPORT, CA US",0,256,128,20,77,50,93
USW00023190,2014-09-11,34.4241,-119.84249,2.5,"SANTA BARBARA MUNICIPAL AIRPORT, CA US",0,261,150,21,76,54,96
USW00023190,2014-09-12,34.4241,-119.84249,2.5,"SANTA BARBARA MUNICIPAL AIRPORT, CA US",0,261,172,23,78,52,90
USW00023190,2014-09-13,34.4241,-119.84249,2.5,"SANTA BARBARA MUNICIPAL AIRPORT, CA US",0,283,156,17,74,47,93
USW00023190,2014-09-14,34.4241,-119.84249,2.5,"SANTA BARBARA MUNICIPAL AIRPORT, CA US",0,306,183,12,74,47,93
USW00023190,2014-09-15,34.4241,-119.84249,2.5,"SANTA BARBARA MUNICIPAL AIRPORT, CA US",0,317,183,18,61,37,87
USW00023190,2014-09-16,34.4241,-119.84249,2.5,"SANTA BARBARA MUNICIPAL AIRPORT, CA US",0,372,189,25,58,13,79
USW00023190,2014-09-17,34.4241,-119.84249,2.5,"SANTA BARBARA MUNICIPAL AIRPORT, CA US",0,311,172,21,63,35,87
USW00023190,2014-09-18,34.4241,-119.84249,2.5,"SANTA BARBARA MUNICIPAL AIRPORT, CA US",0,261,156,31,73,58,87
USW00023190,2014-09-19,34.4241,-119.84249,2.5,"SANTA BARBARA MUNICIPAL AIRPORT, CA US",0,250,150,21,77,60,93
USW00023190,2014-09-20,34.4241,-119.84249,2.5,"SANTA BARBARA MUNICIPAL AIRPORT, CA US",0,244,167,23,78,62,93
USW00023190,2014-09-21,34.4241,-119.84249,2.5,"SANTA BARBARA MUNICIPAL AIRPORT, CA US",0,239,167,23,78,62,93
USW00023190,2014-09-22,34.4241,-119.84249,2.5,"SANTA BARBARA MUNICIPAL AIRPORT, CA US",0,256,144,21,76,54,90
USW00023190,2014-09-23,34.4241,-119.84249,2.5,"SANTA BARBARA MUNICIPAL AIRPORT, CA US",0,244,150,23,79,60,90
USW00023190,2014-09-24,34.4241,-119.84249,2.5,"SANTA BARBARA MUNICIPAL AIRPORT, CA US",0,261,122,16,79,48,93
USW00023190,2014-09-25,34.4241,-119.84249,2.5,"SANTA BARBARA MUNICIPAL AIRPORT, CA US",0,278,122,20,66,51,90
USW00023190,2014-09-26,34.4241,-119.84249,2.5,"SANTA BARBARA MUNICIPAL AIRPORT, CA US",0,294,144,27,56,32,84
USW00023190,2014-09-27,34.4241,-119.84249,2.5,"SANTA BARBARA MUNICIPAL AIRPORT, CA US",0,272,133,39,53,26,72
USW00023190,2014-09-28,34.4241,-119.84249,2.5,"SANTA BARBARA MUNICIPAL AIRPORT, CA US",0,244,122,26,65,46,78
USW00023190,2014-09-29,34.4241,-119.84249,2.5,"SANTA BARBARA MUNICIPAL AIRPORT, CA US",0,244,117,16,72,50,87
USW00023190,2014-09-30,34.4241,-119.84249,2.5,"SANTA BARBARA MUNICIPAL AIRPORT, CA US",0,256,106,17,75,43,87
USW00023190,2014-10-01,34.4241,-119.84249,2.5,"SANTA BARBARA MUNICIPAL AIRPORT, CA US",0,239,128,18,79,67,93
USW00023190,2014-10-02,34.4241,-119.84249,2.5,"SANTA BARBARA MUNICIPAL AIRPORT, CA US",0,344,117,16,51,11,93
USW00023190,2014-10-03,34.4241,-119.84249,2.5,"SANTA BARBARA MUNICIPAL AIRPORT, CA US",0,333,111,19,37,9,67
USW00023190,2014-10-04,34.4241,-119.84249,2.5,"SANTA BARBARA MUNICIPAL AIRPORT, CA US",0,356,133,13,50,9,93
USW00023190,2014-10-05,34.4241,-119.84249,2.5,"SANTA BARBARA MUNICIPAL AIRPORT, CA US",0,283,144,18,63,35,87
USW00023190,2014-10-06,34.4241,-119.84249,2.5,"SANTA BARBARA MUNICIPAL AIRPORT, CA US",0,267,144,18,77,47,93
USW00023190,2014-10-07,34.4241,-119.84249,2.5,"SANTA BARBARA MUNICIPAL AIRPORT, CA US",0,272,139,13,76,48,90
USW00023190,2014-10-08,34.4241,-119.84249,2.5,"SANTA BARBARA MUNICIPAL AIRPORT, CA US",0,250,117,20,79,52,96
USW00023190,2014-10-09,34.4241,-119.84249,2.5,"SANTA BARBARA MUNICIPAL AIRPORT, CA US",0,244,161,26,78,62,90
USW00023190,2014-10-10,34.4241,-119.84249,2.5,"SANTA BARBARA MUNICIPAL AIRPORT, CA US",0,222,133,17,82,66,93
USW00023190,2014-10-11,34.4241,-119.84249,2.5,"SANTA BARBARA MUNICIPAL AIRPORT, CA US",0,244,111,16,80,60,93
USW00023190,2014-10-12,34.4241,-119.84249,2.5,"SANTA BARBARA MUNICIPAL AIRPORT, CA US",0,233,133,24,81,69,96
USW00023190,2014-10-13,34.4241,-119.84249,2.5,"SANTA BARBARA MUNICIPAL AIRPORT, CA US",0,239,178,22,79,69,84
USW00023190,2014-10-14,34.4241,-119.84249,2.5,"SANTA BARBARA MUNICIPAL AIRPORT, CA US",0,228,189,26,69,63,81
USW00023190,2014-10-15,34.4241,-119.84249,2.5,"SANTA BARBARA MUNICIPAL AIRPORT, CA US",0,239,144,21,68,53,78
USW00023190,2014-10-16,34.4241,-119.84249,2.5,"SANTA BARBARA MUNICIPAL AIRPORT, CA US",0,239,122,19,69,55,83
USW00023190,2014-10-17,34.4241,-119.84249,2.5,"SANTA BARBARA MUNICIPAL AIRPORT, CA US",0,244,117,21,64,47,81
USW00023190,2014-10-18,34.4241,-119.84249,2.5,"SANTA BARBARA MUNICIPAL AIRPORT, CA US",0,244,117,20,69,46,87
USW00023190,2014-10-19,34.4241,-119.84249,2.5,"SANTA BARBARA MUNICIPAL AIRPORT, CA US",0,233,122,22,77,66,90
USW00023190,2014-10-20,34.4241,-119.84249,2.5,"SANTA BARBARA MUNICIPAL AIRPORT, CA US",0,239,122,16,76,59,93
USW00023190,2014-10-21,34.4241,-119.84249,2.5,"SANTA BARBARA MUNICIPAL AIRPORT, CA US",0,250,117,18,73,48,90
USW00023190,2014-10-22,34.4241,-119.84249,2.5,"SANTA BARBARA MUNICIPAL AIRPORT, CA US",0,261,111,17,67,35,90
USW00023190,2014-10-23,34.4241,-119.84249,2.5,"SANTA BARBARA MUNICIPAL AIRPORT, CA US",0,261,111,10,67,42,87
USW00023190,2014-10-24,34.4241,-119.84249,2.5,"SANTA BARBARA MUNICIPAL AIRPORT, CA US",0,256,106,12,73,46,90
USW00023190,2014-10-25,34.4241,-119.84249,2.5,"SANTA BARBARA MUNICIPAL AIRPORT, CA US",0,244,89,22,74,58,97
USW00023190,2014-10-26,34.4241,-119.84249,2.5,"SANTA BARBARA MUNICIPAL AIRPORT, CA US",0,267,122,28,50,32,84
USW00023190,2014-10-27,34.4241,-119.84249,2.5,"SANTA BARBARA MUNICIPAL AIRPORT, CA US",0,239,78,17,60,29,78
USW00023190,2014-10-28,34.4241,-119.84249,2.5,"SANTA BARBARA MUNICIPAL AIRPORT, CA US",0,239,100,16,64,51,77
USW00023190,2014-10-29,34.4241,-119.84249,2.5,"SANTA BARBARA MUNICIPAL AIRPORT, CA US",0,256,106,13,66,40,83
USW00023190,2014-10-30,34.4241,-119.84249,2.5,"SANTA BARBARA MUNICIPAL AIRPORT, CA US",0,239,106,18,76,55,90
USW00023190,2014-10-31,34.4241,-119.84249,2.5,"SANTA BARBARA MUNICIPAL AIRPORT, CA US",295,222,117,26,76,63,90
USW00023190,2014-11-01,34.4241,-119.84249,2.5,"SANTA BARBARA MUNICIPAL AIRPORT, CA US",46,194,111,29,73,45,93
USW00023190,2014-11-02,34.4241,-119.84249,2.5,"SANTA BARBARA MUNICIPAL AIRPORT, CA US",0,239,83,23,50,29,83
USW00023190,2014-11-03,34.4241,-119.84249,2.5,"SANTA BARBARA MUNICIPAL AIRPORT, CA US",0,211,67,17,58,41,79
USW00023190,2014-11-04,34.4241,-119.84249,2.5,"SANTA BARBARA MUNICIPAL AIRPORT, CA US",0,233,67,15,60,30,77
USW00023190,2014-11-05,34.4241,-119.84249,2.5,"SANTA BARBARA MUNICIPAL AIRPORT, CA US",0,278,83,15,48,17,83
USW00023190,2014-11-06,34.4241,-119.84249,2.5,"SANTA BARBARA MUNICIPAL AIRPORT, CA US",0,289,106,11,47,17,72
USW00023190,2014-11-07,34.4241,-119.84249,2.5,"SANTA BARBARA MUNICIPAL AIRPORT, CA US",0,278,100,10,66,29,93
USW00023190,2014-11-08,34.4241,-119.84249,2.5,"SANTA BARBARA MUNICIPAL AIRPORT, CA US",0,261,94,9,75,50,90
USW00023190,2014-11-09,34.4241,-119.84249,2.5,"SANTA BARBARA MUNICIPAL AIRPORT, CA US",0,206,122,24,86,70,97
USW00023190,2014-11-10,34.4241,-119.84249,2.5,"SANTA BARBARA MUNICIPAL AIRPORT, CA US",0,200,167,20,72,61,84
USW00023190,2014-11-11,34.4241,-119.84249,2.5,"SANTA BARBARA MUNICIPAL AIRPORT, CA US",0,206,161,20,69,63,76
USW00023190,2014-11-12,34.4241,-119.84249,2.5,"SANTA BARBARA MUNICIPAL AIRPORT, CA US",0,206,100,22,69,51,86
USW00023190,2014-11-13,34.4241,-119.84249,2.5,"SANTA BARBARA MUNICIPAL AIRPORT, CA US",0,200,100,13,82,66,93
USW00023190,2014-11-14,34.4241,-119.84249,2.5,"SANTA BARBARA MUNICIPAL AIRPORT, CA US",0,211,117,19,80,63,93
USW00023190,2014-11-15,34.4241,-119.84249,2.5,"SANTA BARBARA MUNICIPAL AIRPORT, CA US",0,217,89,11,73,53,90
USW00023190,2014-11-16,34.4241,-119.84249,2.5,"SANTA BARBARA MUNICIPAL AIRPORT, CA US",0,222,78,21,59,35,79
USW00023190,2014-11-17,34.4241,-119.84249,2.5,"SANTA BARBARA MUNICIPAL AIRPORT, CA US",0,239,78,10,51,17,80
USW00023190,2014-11-18,34.4241,-119.84249,2.5,"SANTA BARBARA MUNICIPAL AIRPORT, CA US",0,239,72,14,48,20,71
USW00023190,2014-11-19,34.4241,-119.84249,2.5,"SANTA BARBARA MUNICIPAL AIRPORT, CA US",0,206,117,18,63,44,81
USW00023190,2014-11-20,34.4241,-119.84249,2.5,"SANTA BARBARA MUNICIPAL AIRPORT, CA US",0,200,89,20,70,52,90
USW00023190,2014-11-21,34.4241,-119.84249,2.5,"SANTA BARBARA MUNICIPAL AIRPORT, CA US",0,239,106,33,44,26,77
USW00023190,2014-11-22,34.4241,-119.84249,2.5,"SANTA BARBARA MUNICIPAL AIRPORT, CA US",0,261,83,29,58,34,75
USW00023190,2014-11-23,34.4241,-119.84249,2.5,"SANTA BARBARA MUNICIPAL AIRPORT, CA US",0,244,78,21,52,19,86
USW00023190,2014-11-24,34.4241,-119.84249,2.5,"SANTA BARBARA MUNICIPAL AIRPORT, CA US",0,250,61,15,40,11,56
USW00023190,2014-11-25,34.4241,-119.84249,2.5,"SANTA BARBARA MUNICIPAL AIRPORT, CA US",0,250,50,13,43,12,62
USW00023190,2014-11-26,34.4241,-119.84249,2.5,"SANTA BARBARA MUNICIPAL AIRPORT, CA US",0,256,61,14,44,14,65
USW00023190,2014-11-27,34.4241,-119.84249,2.5,"SANTA BARBARA MUNICIPAL AIRPORT, CA US",0,272,72,11,55,20,83
USW00023190,2014-11-28,34.4241,-119.84249,2.5,"SANTA BARBARA MUNICIPAL AIRPORT, CA US",0,228,61,9,75,38,93
USW00023190,2014-11-29,34.4241,-119.84249,2.5,"SANTA BARBARA MUNICIPAL AIRPORT, CA US",0,194,67,25,76,61,87
USW00023190,2014-11-30,34.4241,-119.84249,2.5,"SANTA BARBARA MUNICIPAL AIRPORT, CA US",0,206,128,41,73,63,87
USW00023190,2014-12-01,34.4241,-119.84249,2.5,"SANTA BARBARA MUNICIPAL AIRPORT, CA US",0,200,117,21,79,71,87
USW00023190,2014-12-02,34.4241,-119.84249,2.5,"SANTA BARBARA MUNICIPAL AIRPORT, CA US",544,178,150,40,87,80,93
USW00023190,2014-12-03,34.4241,-119.84249,2.5,"SANTA BARBARA MUNICIPAL AIRPORT, CA US",56,183,122,26,93,90,97
USW00023190,2014-12-04,34.4241,-119.84249,2.5,"SANTA BARBARA MUNICIPAL AIRPORT, CA US",5,200,100,9,87,70,97
USW00023190,2014-12-05,34.4241,-119.84249,2.5,"SANTA BARBARA MUNICIPAL AIRPORT, CA US",0,194,122,15,85,70,93
USW00023190,2014-12-06,34.4241,-119.84249,2.5,"SANTA BARBARA MUNICIPAL AIRPORT, CA US",0,206,117,14,85,70,96
USW00023190,2014-12-07,34.4241,-119.84249,2.5,"SANTA BARBARA MUNICIPAL AIRPORT, CA US",0,206,100,13,87,68,97
USW00023190,2014-12-08,34.4241,-119.84249,2.5,"SANTA BARBARA MUNICIPAL AIRPORT, CA US",0,211,89,11,78,53,89
USW00023190,2014-12-09,34.4241,-119.84249,2.5,"SANTA BARBARA MUNICIPAL AIRPORT, CA US",0,222,83,12,74,47,90
USW00023190,2014-12-10,34.4241,-119.84249,2.5,"SANTA BARBARA MUNICIPAL AIRPORT, CA US",0,206,83,10,82,68,93
USW00023190,2014-12-11,34.4241,-119.84249,2.5,"SANTA BARBARA MUNICIPAL AIRPORT, CA US",206,189,133,68,82,67,93
USW00023190,2014-12-12,34.4241,-119.84249,2.5,"SANTA BARBARA MUNICIPAL AIRPORT, CA US",335,178,83,37,82,60,93
USW00023190,2014-12-13,34.4241,-119.84249,2.5,"SANTA BARBARA MUNICIPAL AIRPORT, CA US",0,200,78,21,60,37,86
USW00023190,2014-12-14,34.4241,-119.84249,2.5,"SANTA BARBARA MUNICIPAL AIRPORT, CA US",0,178,67,12,76,54,89
USW00023190,2014-12-15,34.4241,-119.84249,2.5,"SANTA BARBARA MUNICIPAL AIRPORT, CA US",61,178,89,40,76,58,96
USW00023190,2014-12-16,34.4241,-119.84249,2.5,"SANTA BARBARA MUNICIPAL AIRPORT, CA US",13,161,122,17,82,70,90
USW00023190,2014-12-17,34.4241,-119.84249,2.5,"SANTA BARBARA MUNICIPAL AIRPORT, CA US",33,183,83,22,67,43,96
USW00023190,2014-12-18,34.4241,-119.84249,2.5,"SANTA BARBARA MUNICIPAL AIRPORT, CA US",5,161,100,13,77,67,93
USW00023190,2014-12-19,34.4241,-119.84249,2.5,"SANTA BARBARA MUNICIPAL AIRPORT, CA US",0,178,78,13,81,68,93
USW00023190,2014-12-20,34.4241,-119.84249,2.5,"SANTA BARBARA MUNICIPAL AIRPORT, CA US",0,206,83,25,76,51,93
USW00023190,2014-12-21,34.4241,-119.84249,2.5,"SANTA BARBARA MUNICIPAL AIRPORT, CA US",0,261,117,40,58,35,90
USW00023190,2014-12-22,34.4241,-119.84249,2.5,"SANTA BARBARA MUNICIPAL AIRPORT, CA US",0,272,94,27,54,20,83
USW00023190,2014-12-23,34.4241,-119.84249,2.5,"SANTA BARBARA MUNICIPAL AIRPORT, CA US",0,244,89,5,68,40,86
USW00023190,2014-12-24,34.4241,-119.84249,2.5,"SANTA BARBARA MUNICIPAL AIRPORT, CA US",0,228,78,24,67,33,90
USW00023190,2014-12-25,34.4241,-119.84249,2.5,"SANTA BARBARA MUNICIPAL AIRPORT, CA US",0,183,61,55,31,18,53
USW00023190,2014-12-26,34.4241,-119.84249,2.5,"SANTA BARBARA MUNICIPAL AIRPORT, CA US",0,167,28,16,57,36,79
USW00023190,2014-12-27,34.4241,-119.84249,2.5,"SANTA BARBARA MUNICIPAL AIRPORT, CA US",0,167,17,11,61,31,86
USW00023190,2014-12-28,34.4241,-119.84249,2.5,"SANTA BARBARA MUNICIPAL AIRPORT, CA US",0,161,28,10,69,44,86
USW00023190,2014-12-29,34.4241,-119.84249,2.5,"SANTA BARBARA MUNICIPAL AIRPORT, CA US",0,161,33,9,76,60,86
USW00023190,2014-12-30,34.4241,-119.84249,2.5,"SANTA BARBARA MUNICIPAL AIRPORT, CA US",0,167,44,41,46,31,85
USW00023190,2014-12-31,34.4241,-119.84249,2.5,"SANTA BARBARA MUNICIPAL AIRPORT, CA US",0,156,6,25,36,16,64
USW00023190,2015-01-01,34.4241,-119.84249,2.5,"SANTA BARBARA MUNICIPAL AIRPORT, CA US",0,144,-10,12,59,42,83
USW00023190,2015-01-02,34.4241,-119.84249,2.5,"SANTA BARBARA MUNICIPAL AIRPORT, CA US",0,156,6,9,71,44,86
USW00023190,2015-01-03,34.4241,-119.84249,2.5,"SANTA BARBARA MUNICIPAL AIRPORT, CA US",0,156,28,9,77,52,90
USW00023190,2015-01-04,34.4241,-119.84249,2.5,"SANTA BARBARA MUNICIPAL AIRPORT, CA US",0,172,33,13,79,62,93
USW00023190,2015-01-05,34.4241,-119.84249,2.5,"SANTA BARBARA MUNICIPAL AIRPORT, CA US",0,239,39,10,59,24,89
USW00023190,2015-01-06,34.4241,-119.84249,2.5,"SANTA BARBARA MUNICIPAL AIRPORT, CA US",0,278,50,7,53,17,83
USW00023190,2015-01-07,34.4241,-119.84249,2.5,"SANTA BARBARA MUNICIPAL AIRPORT, CA US",0,261,56,16,58,24,81
USW00023190,2015-01-08,34.4241,-119.84249,2.5,"SANTA BARBARA MUNICIPAL AIRPORT, CA US",0,200,89,16,75,53,87
USW00023190,2015-01-09,34.4241,-119.84249,2.5,"SANTA BARBARA MUNICIPAL AIRPORT, CA US",0,189,94,9,83,73,93
USW00023190,2015-01-10,34.4241,-119.84249,2.5,"SANTA BARBARA MUNICIPAL AIRPORT, CA US",168,161,100,16,88,78,97
USW00023190,2015-01-11,34.4241,-119.84249,2.5,"SANTA BARBARA MUNICIPAL AIRPORT, CA US",147,183,100,17,89,75,97
USW00023190,2015-01-12,34.4241,-119.84249,2.5,"SANTA BARBARA MUNICIPAL AIRPORT, CA US",0,172,72,15,90,80,96
USW00023190,2015-01-13,34.4241,-119.84249,2.5,"SANTA BARBARA MUNICIPAL AIRPORT, CA US",0,194,67,13,83,55,93
USW00023190,2015-01-14,34.4241,-119.84249,2.5,"SANTA BARBARA MUNICIPAL AIRPORT, CA US",0,194,50,9,73,49,93
USW00023190,2015-01-15,34.4241,-119.84249,2.5,"SANTA BARBARA MUNICIPAL AIRPORT, CA US",0,211,56,15,64,32,89
USW00023190,2015-01-16,34.4241,-119.84249,2.5,"SANTA BARBARA MUNICIPAL AIRPORT, CA US",0,206,44,8,74,40,90
USW00023190,2015-01-17,34.4241,-119.84249,2.5,"SANTA BARBARA MUNICIPAL AIRPORT, CA US",0,228,61,9,66,29,90
USW00023190,2015-01-18,34.4241,-119.84249,2.5,"SANTA BARBARA MUNICIPAL AIRPORT, CA US",0,200,83,12,77,53,97
USW00023190,2015-01-19,34.4241,-119.84249,2.5,"SANTA BARBARA MUNICIPAL AIRPORT, CA US",0,172,89,10,91,84,97
USW00023190,2015-01-20,34.4241,-119.84249,2.5,"SANTA BARBARA MUNICIPAL AIRPORT, CA US",0,167,72,13,89,78,100
USW00023190,2015-01-21,34.4241,-119.84249,2.5,"SANTA BARBARA MUNICIPAL AIRPORT, CA US",0,183,67,18,82,62,96
USW00023190,2015-01-22,34.4241,-119.84249,2.5,"SANTA BARBARA MUNICIPAL AIRPORT, CA US",0,222,50,9,69,34,86
USW00023190,2015-01-23,34.4241,-119.84249,2.5,"SANTA BARBARA MUNICIPAL AIRPORT, CA US",0,211,44,10,61,27,83
USW00023190,2015-01-24,34.4241,-119.84249,2.5,"SANTA BARBARA MUNICIPAL AIRPORT, CA US",0,250,44,15,54,22,82
USW00023190,2015-01-25,34.4241,-119.84249,2.5,"SANTA BARBARA MUNICIPAL AIRPORT, CA US",0,261,44,14,50,16,80
USW00023190,2015-01-26,34.4241,-119.84249,2.5,"SANTA BARBARA MUNICIPAL AIRPORT, CA US",23,244,100,17,60,29,93
USW00023190,2015-01-27,34.4241,-119.84249,2.5,"SANTA BARBARA MUNICIPAL AIRPORT, CA US",0,194,106,17,80,61,96
USW00023190,2015-01-28,34.4241,-119.84249,2.5,"SANTA BARBARA MUNICIPAL AIRPORT, CA US",0,200,94,10,75,56,93
USW00023190,2015-01-29,34.4241,-119.84249,2.5,"SANTA BARBARA MUNICIPAL AIRPORT, CA US",0,239,117,10,73,37,93
USW00023190,2015-01-30,34.4241,-119.84249,2.5,"SANTA BARBARA MUNICIPAL AIRPORT, CA US",0,206,83,12,79,53,93
USW00023190,2015-01-31,34.4241,-119.84249,2.5,"SANTA BARBARA MUNICIPAL AIRPORT, CA US",0,189,83,17,83,68,97
USW00023190,2015-02-01,34.4241,-119.84249,2.5,"SANTA BARBARA MUNICIPAL AIRPORT, CA US",0,206,61,12,,,
USW00023190,2015-02-02,34.4241,-119.84249,2.5,"SANTA BARBARA MUNICIPAL AIRPORT, CA US",0,206,67,14,,,
USW00023190,2015-02-03,34.4241,-119.84249,2.5,"SANTA BARBARA MUNICIPAL AIRPORT, CA US",0,189,72,17,,,
USW00023190,2015-02-04,34.4241,-119.84249,2.5,"SANTA BARBARA MUNICIPAL AIRPORT, CA US",0,178,128,24,,,
USW00023190,2015-02-05,34.4241,-119.84249,2.5,"SANTA BARBARA MUNICIPAL AIRPORT, CA US",0,189,100,22,,,
USW00023190,2015-02-06,34.4241,-119.84249,2.5,"SANTA BARBARA MUNICIPAL AIRPORT, CA US",0,183,89,23,,,
USW00023190,2015-02-07,34.4241,-119.84249,2.5,"SANTA BARBARA MUNICIPAL AIRPORT, CA US",150,167,133,21,,,
USW00023190,2015-02-08,34.4241,-119.84249,2.5,"SANTA BARBARA MUNICIPAL AIRPORT, CA US",10,200,156,18,,,
USW00023190,2015-02-09,34.4241,-119.84249,2.5,"SANTA BARBARA MUNICIPAL AIRPORT, CA US",0,239,106,25,,,
USW00023190,2015-02-10,34.4241,-119.84249,2.5,"SANTA BARBARA MUNICIPAL AIRPORT, CA US",0,228,83,10,,,
USW00023190,2015-02-11,34.4241,-119.84249,2.5,"SANTA BARBARA MUNICIPAL AIRPORT, CA US",0,256,72,14,,,
USW00023190,2015-02-12,34.4241,-119.84249,2.5,"SANTA BARBARA MUNICIPAL AIRPORT, CA US",0,278,83,10,,,
USW00023190,2015-02-13,34.4241,-119.84249,2.5,"SANTA BARBARA MUNICIPAL AIRPORT, CA US",0,278,72,16,,,
USW00023190,2015-02-14,34.4241,-119.84249,2.5,"SANTA BARBARA MUNICIPAL AIRPORT, CA US",0,267,83,10,,,
USW00023190,2015-02-15,34.4241,-119.84249,2.5,"SANTA BARBARA MUNICIPAL AIRPORT, CA US",0,194,94,17,,,
USW00023190,2015-02-16,34.4241,-119.84249,2.5,"SANTA BARBARA MUNICIPAL AIRPORT, CA US",0,178,122,26,,,
USW00023190,2015-02-17,34.4241,-119.84249,2.5,"SANTA BARBARA MUNICIPAL AIRPORT, CA US",0,189,100,26,,,
USW00023190,2015-02-18,34.4241,-119.84249,2.5,"SANTA BARBARA MUNICIPAL AIRPORT, CA US",0,183,78,13,,,
USW00023190,2015-02-19,34.4241,-119.84249,2.5,"SANTA BARBARA MUNICIPAL AIRPORT, CA US",0,172,94,16,,,
USW00023190,2015-02-20,34.4241,-119.84249,2.5,"SANTA BARBARA MUNICIPAL AIRPORT, CA US",0,178,100,20,,,
USW00023190,2015-02-21,34.4241,-119.84249,2.5,"SANTA BARBARA MUNICIPAL AIRPORT, CA US",0,194,128,24,,,
USW00023190,2015-02-22,34.4241,-119.84249,2.5,"SANTA BARBARA MUNICIPAL AIRPORT, CA US",20,178,106,12,,,
USW00023190,2015-02-23,34.4241,-119.84249,2.5,"SANTA BARBARA MUNICIPAL AIRPORT, CA US",48,167,56,22,,,
USW00023190,2015-02-24,34.4241,-119.84249,2.5,"SANTA BARBARA MUNICIPAL AIRPORT, CA US",0,228,39,18,,,
USW00023190,2015-02-25,34.4241,-119.84249,2.5,"SANTA BARBARA MUNICIPAL AIRPORT, CA US",0,194,56,11,,,
USW00023190,2015-02-26,34.4241,-119.84249,2.5,"SANTA BARBARA MUNICIPAL AIRPORT, CA US",0,183,56,14,,,
USW00023190,2015-02-27,34.4241,-119.84249,2.5,"SANTA BARBARA MUNICIPAL AIRPORT, CA US",0,211,78,39,,,
USW00023190,2015-02-28,34.4241,-119.84249,2.5,"SANTA BARBARA MUNICIPAL AIRPORT, CA US",0,172,100,41,,,
USW00023190,2015-03-01,34.4241,-119.84249,2.5,"SANTA BARBARA MUNICIPAL AIRPORT, CA US",51,172,83,22,73,56,93
USW00023190,2015-03-02,34.4241,-119.84249,2.5,"SANTA BARBARA MUNICIPAL AIRPORT, CA US",23,156,72,16,76,60,90
USW00023190,2015-03-03,34.4241,-119.84249,2.5,"SANTA BARBARA MUNICIPAL AIRPORT, CA US",0,183,56,18,71,43,93
USW00023190,2015-03-04,34.4241,-119.84249,2.5,"SANTA BARBARA MUNICIPAL AIRPORT, CA US",0,206,56,15,61,31,85
USW00023190,2015-03-05,34.4241,-119.84249,2.5,"SANTA BARBARA MUNICIPAL AIRPORT, CA US",0,228,44,13,56,20,85
USW00023190,2015-03-06,34.4241,-119.84249,2.5,"SANTA BARBARA MUNICIPAL AIRPORT, CA US",0,256,39,14,57,18,86
USW00023190,2015-03-07,34.4241,-119.84249,2.5,"SANTA BARBARA MUNICIPAL AIRPORT, CA US",0,278,50,15,61,14,93
USW00023190,2015-03-08,34.4241,-119.84249,2.5,"SANTA BARBARA MUNICIPAL AIRPORT, CA US",0,194,72,19,82,61,93
USW00023190,2015-03-09,34.4241,-119.84249,2.5,"SANTA BARBARA MUNICIPAL AIRPORT, CA US",0,178,78,20,84,70,93
USW00023190,2015-03-10,34.4241,-119.84249,2.5,"SANTA BARBARA MUNICIPAL AIRPORT, CA US",0,194,117,26,86,70,97
USW00023190,2015-03-11,34.4241,-119.84249,2.5,"SANTA BARBARA MUNICIPAL AIRPORT, CA US",3,194,111,16,84,70,93
USW00023190,2015-03-12,34.4241,-119.84249,2.5,"SANTA BARBARA MUNICIPAL AIRPORT, CA US",0,267,94,21,63,29,83
USW00023190,2015-03-13,34.4241,-119.84249,2.5,"SANTA BARBARA MUNICIPAL AIRPORT, CA US",0,289,100,17,59,24,89
USW00023190,2015-03-14,34.4241,-119.84249,2.5,"SANTA BARBARA MUNICIPAL AIRPORT, CA US",0,311,117,15,49,16,90
USW00023190,2015-03-15,34.4241,-119.84249,2.5,"SANTA BARBARA MUNICIPAL AIRPORT, CA US",0,294,133,15,58,23,86
USW00023190,2015-03-16,34.4241,-119.84249,2.5,"SANTA BARBARA MUNICIPAL AIRPORT, CA US",0,272,122,13,68,31,93
USW00023190,2015-03-17,34.4241,-119.84249,2.5,"SANTA BARBARA MUNICIPAL AIRPORT, CA US",0,239,133,17,71,44,84
USW00023190,2015-03-18,34.4241,-119.84249,2.5,"SANTA BARBARA MUNICIPAL AIRPORT, CA US",0,217,139,20,77,61,93
USW00023190,2015-03-19,34.4241,-119.84249,2.5,"SANTA BARBARA MUNICIPAL AIRPORT, CA US",0,206,111,22,82,68,93
USW00023190,2015-03-20,34.4241,-119.84249,2.5,"SANTA BARBARA MUNICIPAL AIRPORT, CA US",0,206,128,27,84,68,93
USW00023190,2015-03-21,34.4241,-119.84249,2.5,"SANTA BARBARA MUNICIPAL AIRPORT, CA US",0,206,106,26,82,66,96
USW00023190,2015-03-22,34.4241,-119.84249,2.5,"SANTA BARBARA MUNICIPAL AIRPORT, CA US",0,206,106,23,77,66,93
USW00023190,2015-03-23,34.4241,-119.84249,2.5,"SANTA BARBARA MUNICIPAL AIRPORT, CA US",0,250,94,34,56,39,70
USW00023190,2015-03-24,34.4241,-119.84249,2.5,"SANTA BARBARA MUNICIPAL AIRPORT, CA US",0,289,139,57,33,18,56
USW00023190,2015-03-25,34.4241,-119.84249,2.5,"SANTA BARBARA MUNICIPAL AIRPORT, CA US",0,267,139,26,54,27,90
USW00023190,2015-03-26,34.4241,-119.84249,2.5,"SANTA BARBARA MUNICIPAL AIRPORT, CA US",0,311,106,15,55,16,93
USW00023190,2015-03-27,34.4241,-119.84249,2.5,"SANTA BARBARA MUNICIPAL AIRPORT, CA US",0,261,111,17,73,40,93
USW00023190,2015-03-28,34.4241,-119.84249,2.5,"SANTA BARBARA MUNICIPAL AIRPORT, CA US",0,217,122,20,78,53,93
USW00023190,2015-03-29,34.4241,-119.84249,2.5,"SANTA BARBARA MUNICIPAL AIRPORT, CA US",0,206,117,26,84,70,97
USW00023190,2015-03-30,34.4241,-119.84249,2.5,"SANTA BARBARA MUNICIPAL AIRPORT, CA US",0,189,122,22,86,73,97
USW00023190,2015-03-31,34.4241,-119.84249,2.5,"SANTA BARBARA MUNICIPAL AIRPORT, CA US",0,211,117,29,74,36,97
USW00023190,2015-04-01,34.4241,-119.84249,2.5,"SANTA BARBARA MUNICIPAL AIRPORT, CA US",0,250,94,32,45,23,78
USW00023190,2015-04-02,34.4241,-119.84249,2.5,"SANTA BARBARA MUNICIPAL AIRPORT, CA US",0,239,106,27,42,23,63
USW00023190,2015-04-03,34.4241,-119.84249,2.5,"SANTA BARBARA MUNICIPAL AIRPORT, CA US",0,267,61,23,39,14,86
USW00023190,2015-04-04,34.4241,-119.84249,2.5,"SANTA BARBARA MUNICIPAL AIRPORT, CA US",0,250,100,25,63,29,86
USW00023190,2015-04-05,34.4241,-119.84249,2.5,"SANTA BARBARA MUNICIPAL AIRPORT, CA US",0,211,83,35,64,42,89
USW00023190,2015-04-06,34.4241,-119.84249,2.5,"SANTA BARBARA MUNICIPAL AIRPORT, CA US",0,189,78,38,54,35,69
USW00023190,2015-04-07,34.4241,-119.84249,2.5,"SANTA BARBARA MUNICIPAL AIRPORT, CA US",46,167,67,27,72,44,90
USW00023190,2015-04-08,34.4241,-119.84249,2.5,"SANTA BARBARA MUNICIPAL AIRPORT, CA US",0,211,61,30,51,39,75
USW00023190,2015-04-09,34.4241,-119.84249,2.5,"SANTA BARBARA MUNICIPAL AIRPORT, CA US",0,206,72,20,63,33,86
USW00023190,2015-04-10,34.4241,-119.84249,2.5,"SANTA BARBARA MUNICIPAL AIRPORT, CA US",0,200,72,23,73,39,86
USW00023190,2015-04-11,34.4241,-119.84249,2.5,"SANTA BARBARA MUNICIPAL AIRPORT, CA US",0,194,83,21,76,58,93
USW00023190,2015-04-12,34.4241,-119.84249,2.5,"SANTA BARBARA MUNICIPAL AIRPORT, CA US",0,206,111,26,77,55,90
USW00023190,2015-04-13,34.4241,-119.84249,2.5,"SANTA BARBARA MUNICIPAL AIRPORT, CA US",0,194,111,30,80,68,90
USW00023190,2015-04-14,34.4241,-119.84249,2.5,"SANTA BARBARA MUNICIPAL AIRPORT, CA US",0,211,83,28,61,15,89
USW00023190,2015-04-15,34.4241,-119.84249,2.5,"SANTA BARBARA MUNICIPAL AIRPORT, CA US",0,228,78,20,43,15,80
USW00023190,2015-04-16,34.4241,-119.84249,2.5,"SANTA BARBARA MUNICIPAL AIRPORT, CA US",0,261,72,19,41,15,86
USW00023190,2015-04-17,34.4241,-119.84249,2.5,"SANTA BARBARA MUNICIPAL AIRPORT, CA US",0,233,78,25,48,27,81
USW00023190,2015-04-18,34.4241,-119.84249,2.5,"SANTA BARBARA MUNICIPAL AIRPORT, CA US",0,211,94,26,70,49,90
USW00023190,2015-04-19,34.4241,-119.84249,2.5,"SANTA BARBARA MUNICIPAL AIRPORT, CA US",0,189,111,30,80,63,97
USW00023190,2015-04-20,34.4241,-119.84249,2.5,"SANTA BARBARA MUNICIPAL AIRPORT, CA US",0,178,128,34,77,62,90
USW00023190,2015-04-21,34.4241,-119.84249,2.5,"SANTA BARBARA MUNICIPAL AIRPORT, CA US",0,183,128,23,72,54,87
USW00023190,2015-04-22,34.4241,-119.84249,2.5,"SANTA BARBARA MUNICIPAL AIRPORT, CA US",0,194,117,18,71,56,90
USW00023190,2015-04-23,34.4241,-119.84249,2.5,"SANTA BARBARA MUNICIPAL AIRPORT, CA US",0,194,100,23,71,56,86
USW00023190,2015-04-24,34.4241,-119.84249,2.5,"SANTA BARBARA MUNICIPAL AIRPORT, CA US",0,189,89,21,71,60,90
USW00023190,2015-04-25,34.4241,-119.84249,2.5,"SANTA BARBARA MUNICIPAL AIRPORT, CA US",0,222,100,55,66,44,93
USW00023190,2015-04-26,34.4241,-119.84249,2.5,"SANTA BARBARA MUNICIPAL AIRPORT, CA US",0,272,94,53,46,23,75
USW00023190,2015-04-27,34.4241,-119.84249,2.5,"SANTA BARBARA MUNICIPAL AIRPORT, CA US",0,272,122,30,45,23,81
USW00023190,2015-04-28,34.4241,-119.84249,2.5,"SANTA BARBARA MUNICIPAL AIRPORT, CA US",0,239,111,20,74,41,93
USW00023190,2015-04-29,34.4241,-119.84249,2.5,"SANTA BARBARA MUNICIPAL AIRPORT, CA US",0,250,128,22,73,39,93
USW00023190,2015-04-30,34.4241,-119.84249,2.5,"SANTA BARBARA MUNICIPAL AIRPORT, CA US",0,222,117,28,77,55,97
USW00023190,2015-05-01,34.4241,-119.84249,2.5,"SANTA BARBARA MUNICIPAL AIRPORT, CA US",0,200,106,29,80,59,93
USW00023190,2015-05-02,34.4241,-119.84249,2.5,"SANTA BARBARA MUNICIPAL AIRPORT, CA US",0,183,83,32,76,32,93
USW00023190,2015-05-03,34.4241,-119.84249,2.5,"SANTA BARBARA MUNICIPAL AIRPORT, CA US",0,183,106,36,73,56,90
USW00023190,2015-05-04,34.4241,-119.84249,2.5,"SANTA BARBARA MUNICIPAL AIRPORT, CA US",0,189,117,31,70,56,83
USW00023190,2015-05-05,34.4241,-119.84249,2.5,"SANTA BARBARA MUNICIPAL AIRPORT, CA US",0,194,100,28,67,54,83
USW00023190,2015-05-06,34.4241,-119.84249,2.5,"SANTA BARBARA MUNICIPAL AIRPORT, CA US",0,206,78,27,65,45,86
USW00023190,2015-05-07,34.4241,-119.84249,2.5,"SANTA BARBARA MUNICIPAL AIRPORT, CA US",0,183,72,40,69,52,86
USW00023190,2015-05-08,34.4241,-119.84249,2.5,"SANTA BARBARA MUNICIPAL AIRPORT, CA US",0,183,89,27,74,54,89
USW00023190,2015-05-09,34.4241,-119.84249,2.5,"SANTA BARBARA MUNICIPAL AIRPORT, CA US",0,194,83,22,73,54,90
USW00023190,2015-05-10,34.4241,-119.84249,2.5,"SANTA BARBARA MUNICIPAL AIRPORT, CA US",0,211,83,24,75,55,90
USW00023190,2015-05-11,34.4241,-119.84249,2.5,"SANTA BARBARA MUNICIPAL AIRPORT, CA US",0,211,106,22,75,55,90
USW00023190,2015-05-12,34.4241,-119.84249,2.5,"SANTA BARBARA MUNICIPAL AIRPORT, CA US",0,206,72,25,60,41,86
USW00023190,2015-05-13,34.4241,-119.84249,2.5,"SANTA BARBARA MUNICIPAL AIRPORT, CA US",0,194,100,28,61,45,80
USW00023190,2015-05-14,34.4241,-119.84249,2.5,"SANTA BARBARA MUNICIPAL AIRPORT, CA US",81,172,106,23,75,51,90
USW00023190,2015-05-15,34.4241,-119.84249,2.5,"SANTA BARBARA MUNICIPAL AIRPORT, CA US",0,228,100,25,65,41,93
USW00023190,2015-05-16,34.4241,-119.84249,2.5,"SANTA BARBARA MUNICIPAL AIRPORT, CA US",0,189,106,28,72,58,90
USW00023190,2015-05-17,34.4241,-119.84249,2.5,"SANTA BARBARA MUNICIPAL AIRPORT, CA US",0,194,94,20,75,54,93
USW00023190,2015-05-18,34.4241,-119.84249,2.5,"SANTA BARBARA MUNICIPAL AIRPORT, CA US",0,233,89,34,57,34,83
USW00023190,2015-05-19,34.4241,-119.84249,2.5,"SANTA BARBARA MUNICIPAL AIRPORT, CA US",0,211,94,25,61,49,80
USW00023190,2015-05-20,34.4241,-119.84249,2.5,"SANTA BARBARA MUNICIPAL AIRPORT, CA US",0,211,111,25,65,47,80
USW00023190,2015-05-21,34.4241,-119.84249,2.5,"SANTA BARBARA MUNICIPAL AIRPORT, CA US",0,200,106,37,67,56,83
USW00023190,2015-05-22,34.4241,-119.84249,2.5,"SANTA BARBARA MUNICIPAL AIRPORT, CA US",0,211,100,43,66,49,80
USW00023190,2015-05-23,34.4241,-119.84249,2.5,"SANTA BARBARA MUNICIPAL AIRPORT, CA US",0,217,106,21,65,51,86
USW00023190,2015-05-24,34.4241,-119.84249,2.5,"SANTA BARBARA MUNICIPAL AIRPORT, CA US",0,211,94,28,71,51,90
USW00023190,2015-05-25,34.4241,-119.84249,2.5,"SANTA BARBARA MUNICIPAL AIRPORT, CA US",0,194,100,24,77,61,92
USW00023190,2015-05-26,34.4241,-119.84249,2.5,"SANTA BARBARA MUNICIPAL AIRPORT, CA US",0,189,106,27,76,63,89
USW00023190,2015-05-27,34.4241,-119.84249,2.5,"SANTA BARBARA MUNICIPAL AIRPORT, CA US",0,200,128,31,77,57,90
USW00023190,2015-05-28,34.4241,-119.84249,2.5,"SANTA BARBARA MUNICIPAL AIRPORT, CA US",0,206,106,27,80,61,93
USW00023190,2015-05-29,34.4241,-119.84249,2.5,"SANTA BARBARA MUNICIPAL AIRPORT, CA US",0,189,133,30,84,70,96
USW00023190,2015-05-30,34.4241,-119.84249,2.5,"SANTA BARBARA MUNICIPAL AIRPORT, CA US",0,189,128,26,86,73,97
USW00023190,2015-05-31,34.4241,-119.84249,2.5,"SANTA BARBARA MUNICIPAL AIRPORT, CA US",0,189,122,27,85,70,100
USW00023190,2015-06-01,34.4241,-119.84249,2.5,"SANTA BARBARA MUNICIPAL AIRPORT, CA US",0,189,133,31,80,66,90
USW00023190,2015-06-02,34.4241,-119.84249,2.5,"SANTA BARBARA MUNICIPAL AIRPORT, CA US",0,211,117,27,82,63,93
USW00023190,2015-06-03,34.4241,-119.84249,2.5,"SANTA BARBARA MUNICIPAL AIRPORT, CA US",0,206,111,26,76,61,93
USW00023190,2015-06-04,34.4241,-119.84249,2.5,"SANTA BARBARA MUNICIPAL AIRPORT, CA US",0,217,117,20,64,51,83
USW00023190,2015-06-05,34.4241,-119.84249,2.5,"SANTA BARBARA MUNICIPAL AIRPORT, CA US",0,211,106,30,74,57,87
USW00023190,2015-06-06,34.4241,-119.84249,2.5,"SANTA BARBARA MUNICIPAL AIRPORT, CA US",0,200,133,28,78,61,90
USW00023190,2015-06-07,34.4241,-119.84249,2.5,"SANTA BARBARA MUNICIPAL AIRPORT, CA US",0,217,144,31,79,63,93
USW00023190,2015-06-08,34.4241,-119.84249,2.5,"SANTA BARBARA MUNICIPAL AIRPORT, CA US",0,206,144,28,85,68,97
USW00023190,2015-06-09,34.4241,-119.84249,2.5,"SANTA BARBARA MUNICIPAL AIRPORT, CA US",76,222,139,25,91,81,96
USW00023190,2015-06-10,34.4241,-119.84249,2.5,"SANTA BARBARA MUNICIPAL AIRPORT, CA US",0,222,156,31,87,73,96
USW00023190,2015-06-11,34.4241,-119.84249,2.5,"SANTA BARBARA MUNICIPAL AIRPORT, CA US",0,200,156,27,88,76,97
USW00023190,2015-06-12,34.4241,-119.84249,2.5,"SANTA BARBARA MUNICIPAL AIRPORT, CA US",0,211,150,19,87,71,96
USW00023190,2015-06-13,34.4241,-119.84249,2.5,"SANTA BARBARA MUNICIPAL AIRPORT, CA US",0,222,150,27,84,68,93
USW00023190,2015-06-14,34.4241,-119.84249,2.5,"SANTA BARBARA MUNICIPAL AIRPORT, CA US",0,200,156,30,86,73,96
USW00023190,2015-06-15,34.4241,-119.84249,2.5,"SANTA BARBARA MUNICIPAL AIRPORT, CA US",0,222,150,25,81,59,90
USW00023190,2015-06-16,34.4241,-119.84249,2.5,"SANTA BARBARA MUNICIPAL AIRPORT, CA US",0,228,122,28,80,57,96
USW00023190,2015-06-17,34.4241,-119.84249,2.5,"SANTA BARBARA MUNICIPAL AIRPORT, CA US",0,200,150,23,82,68,96
USW00023190,2015-06-18,34.4241,-119.84249,2.5,"SANTA BARBARA MUNICIPAL AIRPORT, CA US",0,206,139,23,77,54,96
USW00023190,2015-06-19,34.4241,-119.84249,2.5,"SANTA BARBARA MUNICIPAL AIRPORT, CA US",0,261,139,22,74,52,90
USW00023190,2015-06-20,34.4241,-119.84249,2.5,"SANTA BARBARA MUNICIPAL AIRPORT, CA US",0,250,128,22,74,55,90
USW00023190,2015-06-21,34.4241,-119.84249,2.5,"SANTA BARBARA MUNICIPAL AIRPORT, CA US",0,239,139,22,76,59,90
USW00023190,2015-06-22,34.4241,-119.84249,2.5,"SANTA BARBARA MUNICIPAL AIRPORT, CA US",0,256,122,21,73,50,93
USW00023190,2015-06-23,34.4241,-119.84249,2.5,"SANTA BARBARA MUNICIPAL AIRPORT, CA US",0,256,133,24,69,47,87
USW00023190,2015-06-24,34.4241,-119.84249,2.5,"SANTA BARBARA MUNICIPAL AIRPORT, CA US",0,250,128,22,70,48,90
USW00023190,2015-06-25,34.4241,-119.84249,2.5,"SANTA BARBARA MUNICIPAL AIRPORT, CA US",0,211,144,24,82,68,90
USW00023190,2015-06-26,34.4241,-119.84249,2.5,"SANTA BARBARA MUNICIPAL AIRPORT, CA US",0,211,139,32,79,65,93
USW00023190,2015-06-27,34.4241,-119.84249,2.5,"SANTA BARBARA MUNICIPAL AIRPORT, CA US",0,228,133,27,79,61,93
USW00023190,2015-06-28,34.4241,-119.84249,2.5,"SANTA BARBARA MUNICIPAL AIRPORT, CA US",0,261,144,23,73,50,90
USW00023190,2015-06-29,34.4241,-119.84249,2.5,"SANTA BARBARA MUNICIPAL AIRPORT, CA US",0,256,156,22,73,54,90
USW00023190,2015-06-30,34.4241,-119.84249,2.5,"SANTA BARBARA MUNICIPAL AIRPORT, CA US",0,250,156,26,75,58,90
USW00023190,2015-07-01,34.4241,-119.84249,2.5,"SANTA BARBARA MUNICIPAL AIRPORT, CA US",0,239,156,24,81,62,93
USW00023190,2015-07-02,34.4241,-119.84249,2.5,"SANTA BARBARA MUNICIPAL AIRPORT, CA US",0,250,172,31,79,58,90
USW00023190,2015-07-03,34.4241,-119.84249,2.5,"SANTA BARBARA MUNICIPAL AIRPORT, CA US",0,222,167,30,82,66,93
USW00023190,2015-07-04,34.4241,-119.84249,2.5,"SANTA BARBARA MUNICIPAL AIRPORT, CA US",0,222,167,34,80,68,90
USW00023190,2015-07-05,34.4241,-119.84249,2.5,"SANTA BARBARA MUNICIPAL AIRPORT, CA US",0,217,161,30,81,63,93
USW00023190,2015-07-06,34.4241,-119.84249,2.5,"SANTA BARBARA MUNICIPAL AIRPORT, CA US",0,222,161,28,79,63,90
USW00023190,2015-07-07,34.4241,-119.84249,2.5,"SANTA BARBARA MUNICIPAL AIRPORT, CA US",0,222,144,26,78,68,90
USW00023190,2015-07-08,34.4241,-119.84249,2.5,"SANTA BARBARA MUNICIPAL AIRPORT, CA US",0,239,144,22,75,57,90
USW00023190,2015-07-09,34.4241,-119.84249,2.5,"SANTA BARBARA MUNICIPAL AIRPORT, CA US",0,239,133,31,73,51,87
USW00023190,2015-07-10,34.4241,-119.84249,2.5,"SANTA BARBARA MUNICIPAL AIRPORT, CA US",0,233,133,30,74,54,87
USW00023190,2015-07-11,34.4241,-119.84249,2.5,"SANTA BARBARA MUNICIPAL AIRPORT, CA US",0,250,144,24,70,52,90
USW00023190,2015-07-12,34.4241,-119.84249,2.5,"SANTA BARBARA MUNICIPAL AIRPORT, CA US",0,261,156,30,69,47,87
USW00023190,2015-07-13,34.4241,-119.84249,2.5,"SANTA BARBARA MUNICIPAL AIRPORT, CA US",0,267,156,25,66,49,81
USW00023190,2015-07-14,34.4241,-119.84249,2.5,"SANTA BARBARA MUNICIPAL AIRPORT, CA US",0,250,150,28,74,54,87
USW00023190,2015-07-15,34.4241,-119.84249,2.5,"SANTA BARBARA MUNICIPAL AIRPORT, CA US",0,244,172,31,74,60,87
USW00023190,2015-07-16,34.4241,-119.84249,2.5,"SANTA BARBARA MUNICIPAL AIRPORT, CA US",0,228,139,30,77,61,90
USW00023190,2015-07-17,34.4241,-119.84249,2.5,"SANTA BARBARA MUNICIPAL AIRPORT, CA US",0,233,133,23,77,61,90
USW00023190,2015-07-18,34.4241,-119.84249,2.5,"SANTA BARBARA MUNICIPAL AIRPORT, CA US",0,256,122,18,73,50,90
USW00023190,2015-07-19,34.4241,-119.84249,2.5,"SANTA BARBARA MUNICIPAL AIRPORT, CA US",3,311,194,21,68,45,85
USW00023190,2015-07-20,34.4241,-119.84249,2.5,"SANTA BARBARA MUNICIPAL AIRPORT, CA US",0,283,200,23,77,59,90
USW00023190,2015-07-21,34.4241,-119.84249,2.5,"SANTA BARBARA MUNICIPAL AIRPORT, CA US",0,261,189,26,83,67,96
USW00023190,2015-07-22,34.4241,-119.84249,2.5,"SANTA BARBARA MUNICIPAL AIRPORT, CA US",0,244,189,20,80,69,87
USW00023190,2015-07-23,34.4241,-119.84249,2.5,"SANTA BARBARA MUNICIPAL AIRPORT, CA US",0,250,178,21,80,69,87
USW00023190,2015-07-24,34.4241,-119.84249,2.5,"SANTA BARBARA MUNICIPAL AIRPORT, CA US",0,261,161,24,75,48,90
USW00023190,2015-07-25,34.4241,-119.84249,2.5,"SANTA BARBARA MUNICIPAL AIRPORT, CA US",0,272,161,27,74,51,90
USW00023190,2015-07-26,34.4241,-119.84249,2.5,"SANTA BARBARA MUNICIPAL AIRPORT, CA US",0,261,156,28,71,52,90
USW00023190,2015-07-27,34.4241,-119.84249,2.5,"SANTA BARBARA MUNICIPAL AIRPORT, CA US",0,239,156,27,76,60,87
USW00023190,2015-07-28,34.4241,-119.84249,2.5,"SANTA BARBARA MUNICIPAL AIRPORT, CA US",0,239,144,28,81,67,93
USW00023190,2015-07-29,34.4241,-119.84249,2.5,"SANTA BARBARA MUNICIPAL AIRPORT, CA US",0,233,167,29,82,68,93
USW00023190,2015-07-30,34.4241,-119.84249,2.5,"SANTA BARBARA MUNICIPAL AIRPORT, CA US",0,261,172,22,75,58,87
USW00023190,2015-07-31,34.4241,-119.84249,2.5,"SANTA BARBARA MUNICIPAL AIRPORT, CA US",0,256,178,22,78,62,91
USW00023190,2015-08-01,34.4241,-119.84249,2.5,"SANTA BARBARA MUNICIPAL AIRPORT, CA US",0,256,183,28,77,54,93
USW00023190,2015-08-02,34.4241,-119.84249,2.5,"SANTA BARBARA MUNICIPAL AIRPORT, CA US",0,278,167,26,72,49,90
USW00023190,2015-08-03,34.4241,-119.84249,2.5,"SANTA BARBARA MUNICIPAL AIRPORT, CA US",0,300,161,28,63,43,84
USW00023190,2015-08-04,34.4241,-119.84249,2.5,"SANTA BARBARA MUNICIPAL AIRPORT, CA US",0,300,161,28,60,39,76
USW00023190,2015-08-05,34.4241,-119.84249,2.5,"SANTA BARBARA MUNICIPAL AIRPORT, CA US",0,278,167,27,69,47,84
USW00023190,2015-08-06,34.4241,-119.84249,2.5,"SANTA BARBARA MUNICIPAL AIRPORT, CA US",0,244,183,23,78,62,91
USW00023190,2015-08-07,34.4241,-119.84249,2.5,"SANTA BARBARA MUNICIPAL AIRPORT, CA US",0,244,178,28,77,61,90
USW00023190,2015-08-08,34.4241,-119.84249,2.5,"SANTA BARBARA MUNICIPAL AIRPORT, CA US",0,239,150,25,76,59,90
USW00023190,2015-08-09,34.4241,-119.84249,2.5,"SANTA BARBARA MUNICIPAL AIRPORT, CA US",0,239,150,29,77,60,90
USW00023190,2015-08-10,34.4241,-119.84249,2.5,"SANTA BARBARA MUNICIPAL AIRPORT, CA US",0,239,172,25,75,59,87
USW00023190,2015-08-11,34.4241,-119.84249,2.5,"SANTA BARBARA MUNICIPAL AIRPORT, CA US",0,244,133,25,78,60,90
USW00023190,2015-08-12,34.4241,-119.84249,2.5,"SANTA BARBARA MUNICIPAL AIRPORT, CA US",0,283,133,20,67,45,90
USW00023190,2015-08-13,34.4241,-119.84249,2.5,"SANTA BARBARA MUNICIPAL AIRPORT, CA US",0,306,128,20,66,38,87
USW00023190,2015-08-14,34.4241,-119.84249,2.5,"SANTA BARBARA MUNICIPAL AIRPORT, CA US",0,306,161,20,69,48,87
USW00023190,2015-08-15,34.4241,-119.84249,2.5,"SANTA BARBARA MUNICIPAL AIRPORT, CA US",0,278,150,20,76,51,91
USW00023190,2015-08-16,34.4241,-119.84249,2.5,"SANTA BARBARA MUNICIPAL AIRPORT, CA US",0,283,167,21,78,46,93
USW00023190,2015-08-17,34.4241,-119.84249,2.5,"SANTA BARBARA MUNICIPAL AIRPORT, CA US",0,250,172,35,84,71,93
USW00023190,2015-08-18,34.4241,-119.84249,2.5,"SANTA BARBARA MUNICIPAL AIRPORT, CA US",0,256,183,26,81,64,93
USW00023190,2015-08-19,34.4241,-119.84249,2.5,"SANTA BARBARA MUNICIPAL AIRPORT, CA US",0,228,156,20,83,64,96
USW00023190,2015-08-20,34.4241,-119.84249,2.5,"SANTA BARBARA MUNICIPAL AIRPORT, CA US",0,250,150,20,76,58,93
USW00023190,2015-08-21,34.4241,-119.84249,2.5,"SANTA BARBARA MUNICIPAL AIRPORT, CA US",0,239,144,22,79,64,93
USW00023190,2015-08-22,34.4241,-119.84249,2.5,"SANTA BARBARA MUNICIPAL AIRPORT, CA US",0,244,144,25,78,62,90
USW00023190,2015-08-23,34.4241,-119.84249,2.5,"SANTA BARBARA MUNICIPAL AIRPORT, CA US",0,256,150,21,76,56,93
USW00023190,2015-08-24,34.4241,-119.84249,2.5,"SANTA BARBARA MUNICIPAL AIRPORT, CA US",0,272,167,23,74,49,91
USW00023190,2015-08-25,34.4241,-119.84249,2.5,"SANTA BARBARA MUNICIPAL AIRPORT, CA US",0,267,178,22,78,67,90
USW00023190,2015-08-26,34.4241,-119.84249,2.5,"SANTA BARBARA MUNICIPAL AIRPORT, CA US",0,283,172,23,75,50,93
USW00023190,2015-08-27,34.4241,-119.84249,2.5,"SANTA BARBARA MUNICIPAL AIRPORT, CA US",0,300,183,22,73,47,90
USW00023190,2015-08-28,34.4241,-119.84249,2.5,"SANTA BARBARA MUNICIPAL AIRPORT, CA US",0,311,172,25,67,39,87
USW00023190,2015-08-29,34.4241,-119.84249,2.5,"SANTA BARBARA MUNICIPAL AIRPORT, CA US",0,344,172,26,59,29,87
USW00023190,2015-08-30,34.4241,-119.84249,2.5,"SANTA BARBARA MUNICIPAL AIRPORT, CA US",0,311,200,27,65,39,82
USW00023190,2015-08-31,34.4241,-119.84249,2.5,"SANTA BARBARA MUNICIPAL AIRPORT, CA US",0,261,178,26,72,55,84
USW00023190,2015-09-01,34.4241,-119.84249,2.5,"SANTA BARBARA MUNICIPAL AIRPORT, CA US",0,256,178,22,74,60,90
USW00023190,2015-09-02,34.4241,-119.84249,2.5,"SANTA BARBARA MUNICIPAL AIRPORT, CA US",0,256,161,17,70,57,87
USW00023190,2015-09-03,34.4241,-119.84249,2.5,"SANTA BARBARA MUNICIPAL AIRPORT, CA US",0,250,161,22,63,49,78
USW00023190,2015-09-04,34.4241,-119.84249,2.5,"SANTA BARBARA MUNICIPAL AIRPORT, CA US",0,250,156,22,64,54,81
USW00023190,2015-09-05,34.4241,-119.84249,2.5,"SANTA BARBARA MUNICIPAL AIRPORT, CA US",0,256,144,22,66,48,81
USW00023190,2015-09-06,34.4241,-119.84249,2.5,"SANTA BARBARA MUNICIPAL AIRPORT, CA US",0,272,133,21,71,49,87
USW00023190,2015-09-07,34.4241,-119.84249,2.5,"SANTA BARBARA MUNICIPAL AIRPORT, CA US",0,289,133,22,67,40,90
USW00023190,2015-09-08,34.4241,-119.84249,2.5,"SANTA BARBARA MUNICIPAL AIRPORT, CA US",0,306,156,28,66,36,86
USW00023190,2015-09-09,34.4241,-119.84249,2.5,"SANTA BARBARA MUNICIPAL AIRPORT, CA US",0,322,183,17,68,30,93
USW00023190,2015-09-10,34.4241,-119.84249,2.5,"SANTA BARBARA MUNICIPAL AIRPORT, CA US",0,322,200,24,65,40,91
USW00023190,2015-09-11,34.4241,-119.84249,2.5,"SANTA BARBARA MUNICIPAL AIRPORT, CA US",0,306,194,13,74,45,93
USW00023190,2015-09-12,34.4241,-119.84249,2.5,"SANTA BARBARA MUNICIPAL AIRPORT, CA US",0,322,194,17,77,43,93
USW00023190,2015-09-13,34.4241,-119.84249,2.5,"SANTA BARBARA MUNICIPAL AIRPORT, CA US",0,283,178,23,83,61,93
USW00023190,2015-09-14,34.4241,-119.84249,2.5,"SANTA BARBARA MUNICIPAL AIRPORT, CA US",5,239,178,19,85,76,93
USW00023190,2015-09-15,34.4241,-119.84249,2.5,"SANTA BARBARA MUNICIPAL AIRPORT, CA US",36,250,194,29,80,69,96
USW00023190,2015-09-16,34.4241,-119.84249,2.5,"SANTA BARBARA MUNICIPAL AIRPORT, CA US",3,261,156,23,64,38,93
USW00023190,2015-09-17,34.4241,-119.84249,2.5,"SANTA BARBARA MUNICIPAL AIRPORT, CA US",0,278,122,18,61,35,84
USW00023190,2015-09-18,34.4241,-119.84249,2.5,"SANTA BARBARA MUNICIPAL AIRPORT, CA US",0,283,139,20,69,34,93
USW00023190,2015-09-19,34.4241,-119.84249,2.5,"SANTA BARBARA MUNICIPAL AIRPORT, CA US",0,306,139,16,69,36,90
USW00023190,2015-09-20,34.4241,-119.84249,2.5,"SANTA BARBARA MUNICIPAL AIRPORT, CA US",0,306,178,21,64,37,87
USW00023190,2015-09-21,34.4241,-119.84249,2.5,"SANTA BARBARA MUNICIPAL AIRPORT, CA US",0,300,178,20,76,48,93
USW00023190,2015-09-22,34.4241,-119.84249,2.5,"SANTA BARBARA MUNICIPAL AIRPORT, CA US",0,256,172,19,83,69,93
USW00023190,2015-09-23,34.4241,-119.84249,2.5,"SANTA BARBARA MUNICIPAL AIRPORT, CA US",0,267,144,16,80,50,96
USW00023190,2015-09-24,34.4241,-119.84249,2.5,"SANTA BARBARA MUNICIPAL AIRPORT, CA US",0,283,156,21,74,58,90
USW00023190,2015-09-25,34.4241,-119.84249,2.5,"SANTA BARBARA MUNICIPAL AIRPORT, CA US",0,272,178,21,79,60,93
USW00023190,2015-09-26,34.4241,-119.84249,2.5,"SANTA BARBARA MUNICIPAL AIRPORT, CA US",0,289,172,21,77,57,90
USW00023190,2015-09-27,34.4241,-119.84249,2.5,"SANTA BARBARA MUNICIPAL AIRPORT, CA US",0,267,194,23,80,62,91
USW00023190,2015-09-28,34.4241,-119.84249,2.5,"SANTA BARBARA MUNICIPAL AIRPORT, CA US",0,267,156,20,79,56,93
USW00023190,2015-09-29,34.4241,-119.84249,2.5,"SANTA BARBARA MUNICIPAL AIRPORT, CA US",0,294,128,15,73,48,93
USW00023190,2015-09-30,34.4241,-119.84249,2.5,"SANTA BARBARA MUNICIPAL AIRPORT, CA US",0,289,144,24,71,46,90
USW00023190,2015-10-01,34.4241,-119.84249,2.5,"SANTA BARBARA MUNICIPAL AIRPORT, CA US",0,339,156,34,59,22,90
USW00023190,2015-10-02,34.4241,-119.84249,2.5,"SANTA BARBARA MUNICIPAL AIRPORT, CA US",0,300,167,36,51,30,87
USW00023190,2015-10-03,34.4241,-119.84249,2.5,"SANTA BARBARA MUNICIPAL AIRPORT, CA US",0,256,150,28,72,60,84
USW00023190,2015-10-04,34.4241,-119.84249,2.5,"SANTA BARBARA MUNICIPAL AIRPORT, CA US",104,206,111,23,81,57,97
USW00023190,2015-10-05,34.4241,-119.84249,2.5,"SANTA BARBARA MUNICIPAL AIRPORT, CA US",0,233,106,16,79,57,97
USW00023190,2015-10-06,34.4241,-119.84249,2.5,"SANTA BARBARA MUNICIPAL AIRPORT, CA US",0,239,117,19,79,55,96
USW00023190,2015-10-07,34.4241,-119.84249,2.5,"SANTA BARBARA MUNICIPAL AIRPORT, CA US",0,256,122,19,82,56,97
USW00023190,2015-10-08,34.4241,-119.84249,2.5,"SANTA BARBARA MUNICIPAL AIRPORT, CA US",0,333,144,22,67,23,96
USW00023190,2015-10-09,34.4241,-119.84249,2.5,"SANTA BARBARA MUNICIPAL AIRPORT, CA US",0,356,172,19,66,23,90
USW00023190,2015-10-10,34.4241,-119.84249,2.5,"SANTA BARBARA MUNICIPAL AIRPORT, CA US",0,328,167,17,68,31,96
USW00023190,2015-10-11,34.4241,-119.84249,2.5,"SANTA BARBARA MUNICIPAL AIRPORT, CA US",0,322,161,13,72,38,97
USW00023190,2015-10-12,34.4241,-119.84249,2.5,"SANTA BARBARA MUNICIPAL AIRPORT, CA US",0,306,172,12,66,46,93
USW00023190,2015-10-13,34.4241,-119.84249,2.5,"SANTA BARBARA MUNICIPAL AIRPORT, CA US",0,306,206,25,72,55,93
USW00023190,2015-10-14,34.4241,-119.84249,2.5,"SANTA BARBARA MUNICIPAL AIRPORT, CA US",18,267,206,22,89,74,96
USW00023190,2015-10-15,34.4241,-119.84249,2.5,"SANTA BARBARA MUNICIPAL AIRPORT, CA US",0,256,194,25,84,71,94
USW00023190,2015-10-16,34.4241,-119.84249,2.5,"SANTA BARBARA MUNICIPAL AIRPORT, CA US",0,256,194,26,81,66,91
USW00023190,2015-10-17,34.4241,-119.84249,2.5,"SANTA BARBARA MUNICIPAL AIRPORT, CA US",0,256,189,22,72,62,84
USW00023190,2015-10-18,34.4241,-119.84249,2.5,"SANTA BARBARA MUNICIPAL AIRPORT, CA US",0,278,150,24,64,39,84
USW00023190,2015-10-19,34.4241,-119.84249,2.5,"SANTA BARBARA MUNICIPAL AIRPORT, CA US",0,278,122,37,52,34,81
USW00023190,2015-10-20,34.4241,-119.84249,2.5,"SANTA BARBARA MUNICIPAL AIRPORT, CA US",0,272,144,32,50,34,68
USW00023190,2015-10-21,34.4241,-119.84249,2.5,"SANTA BARBARA MUNICIPAL AIRPORT, CA US",0,278,117,13,65,29,87
USW00023190,2015-10-22,34.4241,-119.84249,2.5,"SANTA BARBARA MUNICIPAL AIRPORT, CA US",0,239,128,17,82,64,93
USW00023190,2015-10-23,34.4241,-119.84249,2.5,"SANTA BARBARA MUNICIPAL AIRPORT, CA US",0,233,144,18,82,68,96
USW00023190,2015-10-24,34.4241,-119.84249,2.5,"SANTA BARBARA MUNICIPAL AIRPORT, CA US",0,300,117,13,69,27,96
USW00023190,2015-10-25,34.4241,-119.84249,2.5,"SANTA BARBARA MUNICIPAL AIRPORT, CA US",0,289,133,9,67,29,93
USW00023190,2015-10-26,34.4241,-119.84249,2.5,"SANTA BARBARA MUNICIPAL AIRPORT, CA US",0,267,106,16,70,40,90
USW00023190,2015-10-27,34.4241,-119.84249,2.5,"SANTA BARBARA MUNICIPAL AIRPORT, CA US",0,250,111,16,75,52,90
USW00023190,2015-10-28,34.4241,-119.84249,2.5,"SANTA BARBARA MUNICIPAL AIRPORT, CA US",0,328,189,56,45,22,84
USW00023190,2015-10-29,34.4241,-119.84249,2.5,"SANTA BARBARA MUNICIPAL AIRPORT, CA US",0,306,150,39,42,18,75
USW00023190,2015-10-30,34.4241,-119.84249,2.5,"SANTA BARBARA MUNICIPAL AIRPORT, CA US",0,267,117,21,49,27,81
USW00023190,2015-10-31,34.4241,-119.84249,2.5,"SANTA BARBARA MUNICIPAL AIRPORT, CA US",0,300,100,11,49,18,93
USW00023190,2015-11-01,34.4241,-119.84249,2.5,"SANTA BARBARA MUNICIPAL AIRPORT, CA US",0,261,106,18,67,40,90
USW00023190,2015-11-02,34.4241,-119.84249,2.5,"SANTA BARBARA MUNICIPAL AIRPORT, CA US",5,222,100,34,72,51,93
USW00023190,2015-11-03,34.4241,-119.84249,2.5,"SANTA BARBARA MUNICIPAL AIRPORT, CA US",0,222,106,38,54,34,75
USW00023190,2015-11-04,34.4241,-119.84249,2.5,"SANTA BARBARA MUNICIPAL AIRPORT, CA US",0,228,72,34,40,18,71
USW00023190,2015-11-05,34.4241,-119.84249,2.5,"SANTA BARBARA MUNICIPAL AIRPORT, CA US",0,206,61,16,45,25,57
USW00023190,2015-11-06,34.4241,-119.84249,2.5,"SANTA BARBARA MUNICIPAL AIRPORT, CA US",0,217,50,12,56,32,70
USW00023190,2015-11-07,34.4241,-119.84249,2.5,"SANTA BARBARA MUNICIPAL AIRPORT, CA US",0,233,44,15,45,23,71
USW00023190,2015-11-08,34.4241,-119.84249,2.5,"SANTA BARBARA MUNICIPAL AIRPORT, CA US",0,222,56,11,57,27,77
USW00023190,2015-11-09,34.4241,-119.84249,2.5,"SANTA BARBARA MUNICIPAL AIRPORT, CA US",0,222,89,41,61,31,80
USW00023190,2015-11-10,34.4241,-119.84249,2.5,"SANTA BARBARA MUNICIPAL AIRPORT, CA US",0,211,67,41,43,26,69
USW00023190,2015-11-11,34.4241,-119.84249,2.5,"SANTA BARBARA MUNICIPAL AIRPORT, CA US",0,200,33,14,59,37,79
USW00023190,2015-11-12,34.4241,-119.84249,2.5,"SANTA BARBARA MUNICIPAL AIRPORT, CA US",0,217,22,11,55,38,78
USW00023190,2015-11-13,34.4241,-119.84249,2.5,"SANTA BARBARA MUNICIPAL AIRPORT, CA US",0,256,28,13,37,11,62
USW00023190,2015-11-14,34.4241,-119.84249,2.5,"SANTA BARBARA MUNICIPAL AIRPORT, CA US",0,217,50,9,62,34,90
USW00023190,2015-11-15,34.4241,-119.84249,2.5,"SANTA BARBARA MUNICIPAL AIRPORT, CA US",20,189,56,37,66,48,86
USW00023190,2015-11-16,34.4241,-119.84249,2.5,"SANTA BARBARA MUNICIPAL AIRPORT, CA US",0,194,83,55,31,17,57
USW00023190,2015-11-17,34.4241,-119.84249,2.5,"SANTA BARBARA MUNICIPAL AIRPORT, CA US",0,206,89,31,41,18,69
USW00023190,2015-11-18,34.4241,-119.84249,2.5,"SANTA BARBARA MUNICIPAL AIRPORT, CA US",0,217,56,15,71,48,89
USW00023190,2015-11-19,34.4241,-119.84249,2.5,"SANTA BARBARA MUNICIPAL AIRPORT, CA US",0,256,50,9,66,22,90
USW00023190,2015-11-20,34.4241,-119.84249,2.5,"SANTA BARBARA MUNICIPAL AIRPORT, CA US",0,272,67,8,57,16,93
USW00023190,2015-11-21,34.4241,-119.84249,2.5,"SANTA BARBARA MUNICIPAL AIRPORT, CA US",0,283,83,10,42,19,66
USW00023190,2015-11-22,34.4241,-119.84249,2.5,"SANTA BARBARA MUNICIPAL AIRPORT, CA US",0,289,67,8,39,9,66
USW00023190,2015-11-23,34.4241,-119.84249,2.5,"SANTA BARBARA MUNICIPAL AIRPORT, CA US",0,228,67,15,60,25,89
USW00023190,2015-11-24,34.4241,-119.84249,2.5,"SANTA BARBARA MUNICIPAL AIRPORT, CA US",0,194,89,28,70,47,93
USW00023190,2015-11-25,34.4241,-119.84249,2.5,"SANTA BARBARA MUNICIPAL AIRPORT, CA US",0,172,56,50,51,34,71
USW00023190,2015-11-26,34.4241,-119.84249,2.5,"SANTA BARBARA MUNICIPAL AIRPORT, CA US",0,161,22,15,60,41,82
USW00023190,2015-11-27,34.4241,-119.84249,2.5,"SANTA BARBARA MUNICIPAL AIRPORT, CA US",0,172,44,21,57,38,76
USW00023190,2015-11-28,34.4241,-119.84249,2.5,"SANTA BARBARA MUNICIPAL AIRPORT, CA US",0,178,22,11,51,28,76
USW00023190,2015-11-29,34.4241,-119.84249,2.5,"SANTA BARBARA MUNICIPAL AIRPORT, CA US",0,183,50,10,48,26,71
USW00023190,2015-11-30,34.4241,-119.84249,2.5,"SANTA BARBARA MUNICIPAL AIRPORT, CA US",0,183,22,15,56,41,79
USW00023190,2015-12-01,34.4241,-119.84249,2.5,"SANTA BARBARA MUNICIPAL AIRPORT, CA US",0,211,33,11,49,17,73
USW00023190,2015-12-02,34.4241,-119.84249,2.5,"SANTA BARBARA MUNICIPAL AIRPORT, CA US",0,222,50,8,58,32,73
USW00023190,2015-12-03,34.4241,-119.84249,2.5,"SANTA BARBARA MUNICIPAL AIRPORT, CA US",0,217,50,18,61,32,83
USW00023190,2015-12-04,34.4241,-119.84249,2.5,"SANTA BARBARA MUNICIPAL AIRPORT, CA US",0,239,44,22,57,22,77
USW00023190,2015-12-05,34.4241,-119.84249,2.5,"SANTA BARBARA MUNICIPAL AIRPORT, CA US",0,222,28,9,56,26,81
USW00023190,2015-12-06,34.4241,-119.84249,2.5,"SANTA BARBARA MUNICIPAL AIRPORT, CA US",0,228,56,9,58,38,69
USW00023190,2015-12-07,34.4241,-119.84249,2.5,"SANTA BARBARA MUNICIPAL AIRPORT, CA US",0,244,56,15,56,27,73
USW00023190,2015-12-08,34.4241,-119.84249,2.5,"SANTA BARBARA MUNICIPAL AIRPORT, CA US",0,250,94,13,63,34,83
USW00023190,2015-12-09,34.4241,-119.84249,2.5,"SANTA BARBARA MUNICIPAL AIRPORT, CA US",0,222,72,10,77,51,96
USW00023190,2015-12-10,34.4241,-119.84249,2.5,"SANTA BARBARA MUNICIPAL AIRPORT, CA US",3,200,56,32,81,61,96
USW00023190,2015-12-11,34.4241,-119.84249,2.5,"SANTA BARBARA MUNICIPAL AIRPORT, CA US",0,172,100,53,58,37,83
USW00023190,2015-12-12,34.4241,-119.84249,2.5,"SANTA BARBARA MUNICIPAL AIRPORT, CA US",0,211,67,34,42,22,61
USW00023190,2015-12-13,34.4241,-119.84249,2.5,"SANTA BARBARA MUNICIPAL AIRPORT, CA US",28,206,50,35,58,41,96
USW00023190,2015-12-14,34.4241,-119.84249,2.5,"SANTA BARBARA MUNICIPAL AIRPORT, CA US",0,161,83,56,38,26,54
USW00023190,2015-12-15,34.4241,-119.84249,2.5,"SANTA BARBARA MUNICIPAL AIRPORT, CA US",0,161,0,17,39,25,60
USW00023190,2015-12-16,34.4241,-119.84249,2.5,"SANTA BARBARA MUNICIPAL AIRPORT, CA US",0,167,11,16,51,31,70
USW00023190,2015-12-17,34.4241,-119.84249,2.5,"SANTA BARBARA MUNICIPAL AIRPORT, CA US",0,172,17,10,63,41,83
USW00023190,2015-12-18,34.4241,-119.84249,2.5,"SANTA BARBARA MUNICIPAL AIRPORT, CA US",0,189,17,13,61,33,86
USW00023190,2015-12-19,34.4241,-119.84249,2.5,"SANTA BARBARA MUNICIPAL AIRPORT, CA US",46,167,22,17,75,53,90
USW00023190,2015-12-20,34.4241,-119.84249,2.5,"SANTA BARBARA MUNICIPAL AIRPORT, CA US",0,172,33,18,57,35,79
USW00023190,2015-12-21,34.4241,-119.84249,2.5,"SANTA BARBARA MUNICIPAL AIRPORT, CA US",0,183,50,33,74,53,90
USW00023190,2015-12-22,34.4241,-119.84249,2.5,"SANTA BARBARA MUNICIPAL AIRPORT, CA US",0,222,144,64,74,55,93
USW00023190,2015-12-23,34.4241,-119.84249,2.5,"SANTA BARBARA MUNICIPAL AIRPORT, CA US",0,194,78,44,48,28,77
USW00023190,2015-12-24,34.4241,-119.84249,2.5,"SANTA BARBARA MUNICIPAL AIRPORT, CA US",0,189,78,56,47,30,72
USW00023190,2015-12-25,34.4241,-119.84249,2.5,"SANTA BARBARA MUNICIPAL AIRPORT, CA US",0,161,67,39,40,26,56
USW00023190,2015-12-26,34.4241,-119.84249,2.5,"SANTA BARBARA MUNICIPAL AIRPORT, CA US",0,156,17,23,42,20,76
USW00023190,2015-12-27,34.4241,-119.84249,2.5,"SANTA BARBARA MUNICIPAL AIRPORT, CA US",0,156,-10,15,59,28,79
USW00023190,2015-12-28,34.4241,-119.84249,2.5,"SANTA BARBARA MUNICIPAL AIRPORT, CA US",0,167,17,32,49,39,65
USW00023190,2015-12-29,34.4241,-119.84249,2.5,"SANTA BARBARA MUNICIPAL AIRPORT, CA US",0,156,33,22,51,36,70
USW00023190,2015-12-30,34.4241,-119.84249,2.5,"SANTA BARBARA MUNICIPAL AIRPORT, CA US",0,161,17,9,65,48,83
USW00023190,2015-12-31,34.4241,-119.84249,2.5,"SANTA BARBARA MUNICIPAL AIRPORT, CA US",0,167,11,14,65,35,86
USW00023190,2016-01-01,34.4241,-119.84249,2.5,"SANTA BARBARA MUNICIPAL AIRPORT, CA US",0,172,0,7,53,26,79
USW00023190,2016-01-02,34.4241,-119.84249,2.5,"SANTA BARBARA MUNICIPAL AIRPORT, CA US",0,161,39,17,53,27,77
USW00023190,2016-01-03,34.4241,-119.84249,2.5,"SANTA BARBARA MUNICIPAL AIRPORT, CA US",0,172,83,50,67,45,83
USW00023190,2016-01-04,34.4241,-119.84249,2.5,"SANTA BARBARA MUNICIPAL AIRPORT, CA US",0,189,122,22,60,40,77
USW00023190,2016-01-05,34.4241,-119.84249,2.5,"SANTA BARBARA MUNICIPAL AIRPORT, CA US",434,167,100,49,82,62,93
USW00023190,2016-01-06,34.4241,-119.84249,2.5,"SANTA BARBARA MUNICIPAL AIRPORT, CA US",470,133,78,23,87,80,93
USW00023190,2016-01-07,34.4241,-119.84249,2.5,"SANTA BARBARA MUNICIPAL AIRPORT, CA US",119,156,67,32,72,54,96
USW00023190,2016-01-08,34.4241,-119.84249,2.5,"SANTA BARBARA MUNICIPAL AIRPORT, CA US",0,178,44,18,60,31,80
USW00023190,2016-01-09,34.4241,-119.84249,2.5,"SANTA BARBARA MUNICIPAL AIRPORT, CA US",5,156,83,26,76,64,89
USW00023190,2016-01-10,34.4241,-119.84249,2.5,"SANTA BARBARA MUNICIPAL AIRPORT, CA US",25,144,94,13,89,75,97
USW00023190,2016-01-11,34.4241,-119.84249,2.5,"SANTA BARBARA MUNICIPAL AIRPORT, CA US",0,172,72,10,88,72,100
USW00023190,2016-01-12,34.4241,-119.84249,2.5,"SANTA BARBARA MUNICIPAL AIRPORT, CA US",0,178,28,15,75,48,97
USW00023190,2016-01-13,34.4241,-119.84249,2.5,"SANTA BARBARA MUNICIPAL AIRPORT, CA US",0,228,50,29,70,27,86
USW00023190,2016-01-14,34.4241,-119.84249,2.5,"SANTA BARBARA MUNICIPAL AIRPORT, CA US",0,178,61,21,75,52,97
USW00023190,2016-01-15,34.4241,-119.84249,2.5,"SANTA BARBARA MUNICIPAL AIRPORT, CA US",0,217,72,30,78,51,93
USW00023190,2016-01-16,34.4241,-119.84249,2.5,"SANTA BARBARA MUNICIPAL AIRPORT, CA US",0,183,94,16,84,66,96
USW00023190,2016-01-17,34.4241,-119.84249,2.5,"SANTA BARBARA MUNICIPAL AIRPORT, CA US",0,172,100,22,88,75,97
USW00023190,2016-01-18,34.4241,-119.84249,2.5,"SANTA BARBARA MUNICIPAL AIRPORT, CA US",18,167,122,13,94,87,97
USW00023190,2016-01-19,34.4241,-119.84249,2.5,"SANTA BARBARA MUNICIPAL AIRPORT, CA US",122,150,139,13,93,83,97
USW00023190,2016-01-20,34.4241,-119.84249,2.5,"SANTA BARBARA MUNICIPAL AIRPORT, CA US",0,172,122,25,89,78,97
USW00023190,2016-01-21,34.4241,-119.84249,2.5,"SANTA BARBARA MUNICIPAL AIRPORT, CA US",0,194,83,13,83,49,97
USW00023190,2016-01-22,34.4241,-119.84249,2.5,"SANTA BARBARA MUNICIPAL AIRPORT, CA US",0,172,83,14,83,60,97
USW00023190,2016-01-23,34.4241,-119.84249,2.5,"SANTA BARBARA MUNICIPAL AIRPORT, CA US",15,200,100,31,72,39,96
USW00023190,2016-01-24,34.4241,-119.84249,2.5,"SANTA BARBARA MUNICIPAL AIRPORT, CA US",0,194,89,30,51,34,71
USW00023190,2016-01-25,34.4241,-119.84249,2.5,"SANTA BARBARA MUNICIPAL AIRPORT, CA US",0,200,67,14,59,32,78
USW00023190,2016-01-26,34.4241,-119.84249,2.5,"SANTA BARBARA MUNICIPAL AIRPORT, CA US",0,206,44,15,61,32,86
USW00023190,2016-01-27,34.4241,-119.84249,2.5,"SANTA BARBARA MUNICIPAL AIRPORT, CA US",0,206,67,16,67,31,87
USW00023190,2016-01-28,34.4241,-119.84249,2.5,"SANTA BARBARA MUNICIPAL AIRPORT, CA US",0,217,39,16,66,29,89
USW00023190,2016-01-29,34.4241,-119.84249,2.5,"SANTA BARBARA MUNICIPAL AIRPORT, CA US",0,272,78,35,57,37,87
USW00023190,2016-01-30,34.4241,-119.84249,2.5,"SANTA BARBARA MUNICIPAL AIRPORT, CA US",0,211,100,31,76,59,93
USW00023190,2016-01-31,34.4241,-119.84249,2.5,"SANTA BARBARA MUNICIPAL AIRPORT, CA US",262,161,100,71,70,48,96
USW00023190,2016-02-01,34.4241,-119.84249,2.5,"SANTA BARBARA MUNICIPAL AIRPORT, CA US",0,161,67,62,36,22,56
USW00023190,2016-02-02,34.4241,-119.84249,2.5,"SANTA BARBARA MUNICIPAL AIRPORT, CA US",0,167,17,27,53,20,83
USW00023190,2016-02-03,34.4241,-119.84249,2.5,"SANTA BARBARA MUNICIPAL AIRPORT, CA US",0,161,33,16,62,38,82
USW00023190,2016-02-04,34.4241,-119.84249,2.5,"SANTA BARBARA MUNICIPAL AIRPORT, CA US",0,178,28,13,67,38,89
USW00023190,2016-02-05,34.4241,-119.84249,2.5,"SANTA BARBARA MUNICIPAL AIRPORT, CA US",0,217,33,14,60,25,89
USW00023190,2016-02-06,34.4241,-119.84249,2.5,"SANTA BARBARA MUNICIPAL AIRPORT, CA US",0,217,39,15,53,22,79
USW00023190,2016-02-07,34.4241,-119.84249,2.5,"SANTA BARBARA MUNICIPAL AIRPORT, CA US",0,267,50,15,49,16,74
USW00023190,2016-02-08,34.4241,-119.84249,2.5,"SANTA BARBARA MUNICIPAL AIRPORT, CA US",0,267,61,15,45,21,73
USW00023190,2016-02-09,34.4241,-119.84249,2.5,"SANTA BARBARA MUNICIPAL AIRPORT, CA US",0,306,72,13,46,13,83
USW00023190,2016-02-10,34.4241,-119.84249,2.5,"SANTA BARBARA MUNICIPAL AIRPORT, CA US",0,261,67,10,63,20,96
USW00023190,2016-02-11,34.4241,-119.84249,2.5,"SANTA BARBARA MUNICIPAL AIRPORT, CA US",0,256,61,13,63,22,93
USW00023190,2016-02-12,34.4241,-119.84249,2.5,"SANTA BARBARA MUNICIPAL AIRPORT, CA US",0,239,61,15,74,34,97
USW00023190,2016-02-13,34.4241,-119.84249,2.5,"SANTA BARBARA MUNICIPAL AIRPORT, CA US",0,250,83,21,76,10,97
USW00023190,2016-02-14,34.4241,-119.84249,2.5,"SANTA BARBARA MUNICIPAL AIRPORT, CA US",0,283,83,30,36,10,78
USW00023190,2016-02-15,34.4241,-119.84249,2.5,"SANTA BARBARA MUNICIPAL AIRPORT, CA US",0,283,83,10,50,19,77
USW00023190,2016-02-16,34.4241,-119.84249,2.5,"SANTA BARBARA MUNICIPAL AIRPORT, CA US",0,283,89,13,50,19,77
USW00023190,2016-02-17,34.4241,-119.84249,2.5,"SANTA BARBARA MUNICIPAL AIRPORT, CA US",25,200,83,43,75,47,90
USW00023190,2016-02-18,34.4241,-119.84249,2.5,"SANTA BARBARA MUNICIPAL AIRPORT, CA US",94,194,78,41,72,49,93
USW00023190,2016-02-19,34.4241,-119.84249,2.5,"SANTA BARBARA MUNICIPAL AIRPORT, CA US",0,211,61,17,67,36,93
USW00023190,2016-02-20,34.4241,-119.84249,2.5,"SANTA BARBARA MUNICIPAL AIRPORT, CA US",0,200,56,16,75,42,93
USW00023190,2016-02-21,34.4241,-119.84249,2.5,"SANTA BARBARA MUNICIPAL AIRPORT, CA US",0,222,44,15,62,25,93
USW00023190,2016-02-22,34.4241,-119.84249,2.5,"SANTA BARBARA MUNICIPAL AIRPORT, CA US",0,261,67,27,53,15,87
USW00023190,2016-02-23,34.4241,-119.84249,2.5,"SANTA BARBARA MUNICIPAL AIRPORT, CA US",0,256,61,12,53,20,90
USW00023190,2016-02-24,34.4241,-119.84249,2.5,"SANTA BARBARA MUNICIPAL AIRPORT, CA US",0,267,61,10,50,13,77
USW00023190,2016-02-25,34.4241,-119.84249,2.5,"SANTA BARBARA MUNICIPAL AIRPORT, CA US",0,244,67,15,58,25,89
USW00023190,2016-02-26,34.4241,-119.84249,2.5,"SANTA BARBARA MUNICIPAL AIRPORT, CA US",0,200,72,17,81,62,93
USW00023190,2016-02-27,34.4241,-119.84249,2.5,"SANTA BARBARA MUNICIPAL AIRPORT, CA US",0,250,78,17,72,32,96
USW00023190,2016-02-28,34.4241,-119.84249,2.5,"SANTA BARBARA MUNICIPAL AIRPORT, CA US",0,228,89,19,81,59,96
USW00023190,2016-02-29,34.4241,-119.84249,2.5,"SANTA BARBARA MUNICIPAL AIRPORT, CA US",0,183,83,15,83,39,97
USW00023190,2016-03-01,34.4241,-119.84249,2.5,"SANTA BARBARA MUNICIPAL AIRPORT, CA US",0,178,100,20,63,34,96
USW00023190,2016-03-02,34.4241,-119.84249,2.5,"SANTA BARBARA MUNICIPAL AIRPORT, CA US",0,183,83,13,87,73,97
USW00023190,2016-03-03,34.4241,-119.84249,2.5,"SANTA BARBARA MUNICIPAL AIRPORT, CA US",0,189,83,14,85,65,100
USW00023190,2016-03-04,34.4241,-119.84249,2.5,"SANTA BARBARA MUNICIPAL AIRPORT, CA US",0,189,83,16,85,70,96
USW00023190,2016-03-05,34.4241,-119.84249,2.5,"SANTA BARBARA MUNICIPAL AIRPORT, CA US",168,167,139,33,90,81,93
USW00023190,2016-03-06,34.4241,-119.84249,2.5,"SANTA BARBARA MUNICIPAL AIRPORT, CA US",196,200,94,52,62,37,96
USW00023190,2016-03-07,34.4241,-119.84249,2.5,"SANTA BARBARA MUNICIPAL AIRPORT, CA US",142,150,89,46,73,61,87
USW00023190,2016-03-08,34.4241,-119.84249,2.5,"SANTA BARBARA MUNICIPAL AIRPORT, CA US",0,217,72,43,54,29,74
USW00023190,2016-03-09,34.4241,-119.84249,2.5,"SANTA BARBARA MUNICIPAL AIRPORT, CA US",0,194,94,20,71,56,90
USW00023190,2016-03-10,34.4241,-119.84249,2.5,"SANTA BARBARA MUNICIPAL AIRPORT, CA US",0,217,94,21,78,55,93
USW00023190,2016-03-11,34.4241,-119.84249,2.5,"SANTA BARBARA MUNICIPAL AIRPORT, CA US",132,167,106,44,81,64,96
USW00023190,2016-03-12,34.4241,-119.84249,2.5,"SANTA BARBARA MUNICIPAL AIRPORT, CA US",0,189,83,38,59,43,72
USW00023190,2016-03-13,34.4241,-119.84249,2.5,"SANTA BARBARA MUNICIPAL AIRPORT, CA US",0,178,78,37,82,65,97
USW00023190,2016-03-14,34.4241,-119.84249,2.5,"SANTA BARBARA MUNICIPAL AIRPORT, CA US",0,244,133,40,67,39,93
USW00023190,2016-03-15,34.4241,-119.84249,2.5,"SANTA BARBARA MUNICIPAL AIRPORT, CA US",0,228,89,21,53,15,77
USW00023190,2016-03-16,34.4241,-119.84249,2.5,"SANTA BARBARA MUNICIPAL AIRPORT, CA US",0,250,89,18,58,25,90
USW00023190,2016-03-17,34.4241,-119.84249,2.5,"SANTA BARBARA MUNICIPAL AIRPORT, CA US",0,228,106,17,71,42,96
USW00023190,2016-03-18,34.4241,-119.84249,2.5,"SANTA BARBARA MUNICIPAL AIRPORT, CA US",0,189,128,30,85,70,96
USW00023190,2016-03-19,34.4241,-119.84249,2.5,"SANTA BARBARA MUNICIPAL AIRPORT, CA US",0,167,133,17,88,81,97
USW00023190,2016-03-20,34.4241,-119.84249,2.5,"SANTA BARBARA MUNICIPAL AIRPORT, CA US",0,183,100,14,89,78,97
USW00023190,2016-03-21,34.4241,-119.84249,2.5,"SANTA BARBARA MUNICIPAL AIRPORT, CA US",0,222,83,34,69,34,100
USW00023190,2016-03-22,34.4241,-119.84249,2.5,"SANTA BARBARA MUNICIPAL AIRPORT, CA US",0,228,122,51,42,22,70
USW00023190,2016-03-23,34.4241,-119.84249,2.5,"SANTA BARBARA MUNICIPAL AIRPORT, CA US",0,217,83,28,48,26,87
USW00023190,2016-03-24,34.4241,-119.84249,2.5,"SANTA BARBARA MUNICIPAL AIRPORT, CA US",0,233,61,24,60,44,83
USW00023190,2016-03-25,34.4241,-119.84249,2.5,"SANTA BARBARA MUNICIPAL AIRPORT, CA US",0,278,144,51,39,20,59
USW00023190,2016-03-26,34.4241,-119.84249,2.5,"SANTA BARBARA MUNICIPAL AIRPORT, CA US",0,222,111,28,69,27,90
USW00023190,2016-03-27,34.4241,-119.84249,2.5,"SANTA BARBARA MUNICIPAL AIRPORT, CA US",0,189,128,26,81,68,93
USW00023190,2016-03-28,34.4241,-119.84249,2.5,"SANTA BARBARA MUNICIPAL AIRPORT, CA US",0,194,89,41,57,31,83
USW00023190,2016-03-29,34.4241,-119.84249,2.5,"SANTA BARBARA MUNICIPAL AIRPORT, CA US",0,189,44,42,60,40,80
USW00023190,2016-03-30,34.4241,-119.84249,2.5,"SANTA BARBARA MUNICIPAL AIRPORT, CA US",0,167,44,19,70,51,90
USW00023190,2016-03-31,34.4241,-119.84249,2.5,"SANTA BARBARA MUNICIPAL AIRPORT, CA US",0,217,44,32,64,36,93
USW00023190,2016-04-01,34.4241,-119.84249,2.5,"SANTA BARBARA MUNICIPAL AIRPORT, CA US",0,194,94,24,78,56,96
USW00023190,2016-04-02,34.4241,-119.84249,2.5,"SANTA BARBARA MUNICIPAL AIRPORT, CA US",0,194,94,21,80,61,93
USW00023190,2016-04-03,34.4241,-119.84249,2.5,"SANTA BARBARA MUNICIPAL AIRPORT, CA US",0,178,94,21,85,63,100
USW00023190,2016-04-04,34.4241,-119.84249,2.5,"SANTA BARBARA MUNICIPAL AIRPORT, CA US",0,211,94,19,81,53,93
USW00023190,2016-04-05,34.4241,-119.84249,2.5,"SANTA BARBARA MUNICIPAL AIRPORT, CA US",0,239,78,20,71,40,97
USW00023190,2016-04-06,34.4241,-119.84249,2.5,"SANTA BARBARA MUNICIPAL AIRPORT, CA US",0,228,122,25,78,47,97
USW00023190,2016-04-07,34.4241,-119.84249,2.5,"SANTA BARBARA MUNICIPAL AIRPORT, CA US",0,206,122,21,83,63,93
USW00023190,2016-04-08,34.4241,-119.84249,2.5,"SANTA BARBARA MUNICIPAL AIRPORT, CA US",86,172,139,22,92,47,100
USW00023190,2016-04-09,34.4241,-119.84249,2.5,"SANTA BARBARA MUNICIPAL AIRPORT, CA US",51,183,133,31,87,78,97
USW00023190,2016-04-10,34.4241,-119.84249,2.5,"SANTA BARBARA MUNICIPAL AIRPORT, CA US",0,189,106,20,84,66,100
USW00023190,2016-04-11,34.4241,-119.84249,2.5,"SANTA BARBARA MUNICIPAL AIRPORT, CA US",0,206,117,23,78,61,93
USW00023190,2016-04-12,34.4241,-119.84249,2.5,"SANTA BARBARA MUNICIPAL AIRPORT, CA US",0,206,94,19,76,57,93
USW00023190,2016-04-13,34.4241,-119.84249,2.5,"SANTA BARBARA MUNICIPAL AIRPORT, CA US",0,183,106,25,83,68,96
USW00023190,2016-04-14,34.4241,-119.84249,2.5,"SANTA BARBARA MUNICIPAL AIRPORT, CA US",0,250,122,52,47,23,67
USW00023190,2016-04-15,34.4241,-119.84249,2.5,"SANTA BARBARA MUNICIPAL AIRPORT, CA US",0,256,111,55,34,18,53
USW00023190,2016-04-16,34.4241,-119.84249,2.5,"SANTA BARBARA MUNICIPAL AIRPORT, CA US",0,256,83,21,55,17,89
USW00023190,2016-04-17,34.4241,-119.84249,2.5,"SANTA BARBARA MUNICIPAL AIRPORT, CA US",0,300,78,21,49,15,90
USW00023190,2016-04-18,34.4241,-119.84249,2.5,"SANTA BARBARA MUNICIPAL AIRPORT, CA US",0,261,106,16,50,22,90
USW00023190,2016-04-19,34.4241,-119.84249,2.5,"SANTA BARBARA MUNICIPAL AIRPORT, CA US",0,267,100,17,57,25,90
USW00023190,2016-04-20,34.4241,-119.84249,2.5,"SANTA BARBARA MUNICIPAL AIRPORT, CA US",0,250,83,24,54,18,77
USW00023190,2016-04-21,34.4241,-119.84249,2.5,"SANTA BARBARA MUNICIPAL AIRPORT, CA US",0,222,83,26,70,44,93
USW00023190,2016-04-22,34.4241,-119.84249,2.5,"SANTA BARBARA MUNICIPAL AIRPORT, CA US",0,211,94,52,71,49,96
USW00023190,2016-04-23,34.4241,-119.84249,2.5,"SANTA BARBARA MUNICIPAL AIRPORT, CA US",0,256,78,35,48,26,78
USW00023190,2016-04-24,34.4241,-119.84249,2.5,"SANTA BARBARA MUNICIPAL AIRPORT, CA US",0,239,94,40,61,37,84
USW00023190,2016-04-25,34.4241,-119.84249,2.5,"SANTA BARBARA MUNICIPAL AIRPORT, CA US",0,217,94,56,48,30,64
USW00023190,2016-04-26,34.4241,-119.84249,2.5,"SANTA BARBARA MUNICIPAL AIRPORT, CA US",0,189,67,27,60,28,75
USW00023190,2016-04-27,34.4241,-119.84249,2.5,"SANTA BARBARA MUNICIPAL AIRPORT, CA US",0,250,100,61,52,28,72
USW00023190,2016-04-28,34.4241,-119.84249,2.5,"SANTA BARBARA MUNICIPAL AIRPORT, CA US",0,211,94,51,61,41,77
USW00023190,2016-04-29,34.4241,-119.84249,2.5,"SANTA BARBARA MUNICIPAL AIRPORT, CA US",0,189,106,26,72,58,87
USW00023190,2016-04-30,34.4241,-119.84249,2.5,"SANTA BARBARA MUNICIPAL AIRPORT, CA US",0,194,83,28,70,54,83
USW00023190,2016-05-01,34.4241,-119.84249,2.5,"SANTA BARBARA MUNICIPAL AIRPORT, CA US",0,183,111,31,79,65,93
USW00023190,2016-05-02,34.4241,-119.84249,2.5,"SANTA BARBARA MUNICIPAL AIRPORT, CA US",0,178,122,31,83,70,90
USW00023190,2016-05-03,34.4241,-119.84249,2.5,"SANTA BARBARA MUNICIPAL AIRPORT, CA US",0,189,111,25,85,68,93
USW00023190,2016-05-04,34.4241,-119.84249,2.5,"SANTA BARBARA MUNICIPAL AIRPORT, CA US",0,178,122,21,88,68,100
USW00023190,2016-05-05,34.4241,-119.84249,2.5,"SANTA BARBARA MUNICIPAL AIRPORT, CA US",0,200,100,21,77,56,93
USW00023190,2016-05-06,34.4241,-119.84249,2.5,"SANTA BARBARA MUNICIPAL AIRPORT, CA US",0,189,117,23,76,60,87
USW00023190,2016-05-07,34.4241,-119.84249,2.5,"SANTA BARBARA MUNICIPAL AIRPORT, CA US",0,200,100,22,75,55,93
USW00023190,2016-05-08,34.4241,-119.84249,2.5,"SANTA BARBARA MUNICIPAL AIRPORT, CA US",0,194,100,29,79,63,93
USW00023190,2016-05-09,34.4241,-119.84249,2.5,"SANTA BARBARA MUNICIPAL AIRPORT, CA US",0,183,117,22,78,65,90
USW00023190,2016-05-10,34.4241,-119.84249,2.5,"SANTA BARBARA MUNICIPAL AIRPORT, CA US",0,172,111,24,82,73,93
USW00023190,2016-05-11,34.4241,-119.84249,2.5,"SANTA BARBARA MUNICIPAL AIRPORT, CA US",0,183,111,27,82,70,97
USW00023190,2016-05-12,34.4241,-119.84249,2.5,"SANTA BARBARA MUNICIPAL AIRPORT, CA US",0,206,122,26,82,63,96
USW00023190,2016-05-13,34.4241,-119.84249,2.5,"SANTA BARBARA MUNICIPAL AIRPORT, CA US",0,194,122,26,83,66,97
USW00023190,2016-05-14,34.4241,-119.84249,2.5,"SANTA BARBARA MUNICIPAL AIRPORT, CA US",0,183,122,26,82,70,90
USW00023190,2016-05-15,34.4241,-119.84249,2.5,"SANTA BARBARA MUNICIPAL AIRPORT, CA US",0,206,100,24,77,59,96
USW00023190,2016-05-16,34.4241,-119.84249,2.5,"SANTA BARBARA MUNICIPAL AIRPORT, CA US",0,189,100,21,79,63,93
USW00023190,2016-05-17,34.4241,-119.84249,2.5,"SANTA BARBARA MUNICIPAL AIRPORT, CA US",0,189,122,24,82,68,96
USW00023190,2016-05-18,34.4241,-119.84249,2.5,"SANTA BARBARA MUNICIPAL AIRPORT, CA US",0,172,139,27,88,75,96
USW00023190,2016-05-19,34.4241,-119.84249,2.5,"SANTA BARBARA MUNICIPAL AIRPORT, CA US",0,194,106,27,80,63,97
USW00023190,2016-05-20,34.4241,-119.84249,2.5,"SANTA BARBARA MUNICIPAL AIRPORT, CA US",0,200,94,45,54,40,80
USW00023190,2016-05-21,34.4241,-119.84249,2.5,"SANTA BARBARA MUNICIPAL AIRPORT, CA US",0,194,67,29,59,42,80
USW00023190,2016-05-22,34.4241,-119.84249,2.5,"SANTA BARBARA MUNICIPAL AIRPORT, CA US",0,228,72,28,58,36,83
USW00023190,2016-05-23,34.4241,-119.84249,2.5,"SANTA BARBARA MUNICIPAL AIRPORT, CA US",0,200,89,29,68,52,78
USW00023190,2016-05-24,34.4241,-119.84249,2.5,"SANTA BARBARA MUNICIPAL AIRPORT, CA US",0,194,106,31,73,59,87
USW00023190,2016-05-25,34.4241,-119.84249,2.5,"SANTA BARBARA MUNICIPAL AIRPORT, CA US",0,233,100,43,64,49,89
USW00023190,2016-05-26,34.4241,-119.84249,2.5,"SANTA BARBARA MUNICIPAL AIRPORT, CA US",0,228,100,30,72,46,87
USW00023190,2016-05-27,34.4241,-119.84249,2.5,"SANTA BARBARA MUNICIPAL AIRPORT, CA US",0,206,117,28,78,59,93
USW00023190,2016-05-28,34.4241,-119.84249,2.5,"SANTA BARBARA MUNICIPAL AIRPORT, CA US",0,189,133,28,82,70,90
USW00023190,2016-05-29,34.4241,-119.84249,2.5,"SANTA BARBARA MUNICIPAL AIRPORT, CA US",3,183,133,24,84,70,100
USW00023190,2016-05-30,34.4241,-119.84249,2.5,"SANTA BARBARA MUNICIPAL AIRPORT, CA US",0,183,133,27,82,68,93
USW00023190,2016-05-31,34.4241,-119.84249,2.5,"SANTA BARBARA MUNICIPAL AIRPORT, CA US",0,189,133,32,86,73,93
USW00023190,2016-06-01,34.4241,-119.84249,2.5,"SANTA BARBARA MUNICIPAL AIRPORT, CA US",0,189,133,24,87,73,100
USW00023190,2016-06-02,34.4241,-119.84249,2.5,"SANTA BARBARA MUNICIPAL AIRPORT, CA US",0,172,122,22,87,73,97
USW00023190,2016-06-03,34.4241,-119.84249,2.5,"SANTA BARBARA MUNICIPAL AIRPORT, CA US",0,206,117,26,87,73,100
USW00023190,2016-06-04,34.4241,-119.84249,2.5,"SANTA BARBARA MUNICIPAL AIRPORT, CA US",0,194,128,25,89,75,100
USW00023190,2016-06-05,34.4241,-119.84249,2.5,"SANTA BARBARA MUNICIPAL AIRPORT, CA US",0,189,122,26,87,73,100
USW00023190,2016-06-06,34.4241,-119.84249,2.5,"SANTA BARBARA MUNICIPAL AIRPORT, CA US",0,189,139,34,84,68,93
USW00023190,2016-06-07,34.4241,-119.84249,2.5,"SANTA BARBARA MUNICIPAL AIRPORT, CA US",0,189,122,22,84,73,93
USW00023190,2016-06-08,34.4241,-119.84249,2.5,"SANTA BARBARA MUNICIPAL AIRPORT, CA US",0,200,122,25,84,63,97
USW00023190,2016-06-09,34.4241,-119.84249,2.5,"SANTA BARBARA MUNICIPAL AIRPORT, CA US",0,211,122,30,80,63,93
USW00023190,2016-06-10,34.4241,-119.84249,2.5,"SANTA BARBARA MUNICIPAL AIRPORT, CA US",0,211,144,29,80,66,93
USW00023190,2016-06-11,34.4241,-119.84249,2.5,"SANTA BARBARA MUNICIPAL AIRPORT, CA US",3,189,139,24,78,61,96
USW00023190,2016-06-12,34.4241,-119.84249,2.5,"SANTA BARBARA MUNICIPAL AIRPORT, CA US",0,206,139,22,75,57,90
USW00023190,2016-06-13,34.4241,-119.84249,2.5,"SANTA BARBARA MUNICIPAL AIRPORT, CA US",0,200,122,32,81,68,93
USW00023190,2016-06-14,34.4241,-119.84249,2.5,"SANTA BARBARA MUNICIPAL AIRPORT, CA US",0,189,100,26,82,60,100
USW00023190,2016-06-15,34.4241,-119.84249,2.5,"SANTA BARBARA MUNICIPAL AIRPORT, CA US",0,239,83,26,58,23,86
USW00023190,2016-06-16,34.4241,-119.84249,2.5,"SANTA BARBARA MUNICIPAL AIRPORT, CA US",0,222,89,21,67,47,80
USW00023190,2016-06-17,34.4241,-119.84249,2.5,"SANTA BARBARA MUNICIPAL AIRPORT, CA US",0,256,111,20,69,45,90
USW00023190,2016-06-18,34.4241,-119.84249,2.5,"SANTA BARBARA MUNICIPAL AIRPORT, CA US",0,289,117,22,72,43,93
USW00023190,2016-06-19,34.4241,-119.84249,2.5,"SANTA BARBARA MUNICIPAL AIRPORT, CA US",0,272,111,21,72,45,93
USW00023190,2016-06-20,34.4241,-119.84249,2.5,"SANTA BARBARA MUNICIPAL AIRPORT, CA US",0,311,144,23,71,33,90
USW00023190,2016-06-21,34.4241,-119.84249,2.5,"SANTA BARBARA MUNICIPAL AIRPORT, CA US",0,250,156,31,81,60,100
USW00023190,2016-06-22,34.4241,-119.84249,2.5,"SANTA BARBARA MUNICIPAL AIRPORT, CA US",0,211,144,25,77,60,93
USW00023190,2016-06-23,34.4241,-119.84249,2.5,"SANTA BARBARA MUNICIPAL AIRPORT, CA US",0,194,133,21,88,75,100
USW00023190,2016-06-24,34.4241,-119.84249,2.5,"SANTA BARBARA MUNICIPAL AIRPORT, CA US",0,194,144,26,87,72,100
USW00023190,2016-06-25,34.4241,-119.84249,2.5,"SANTA BARBARA MUNICIPAL AIRPORT, CA US",0,222,117,22,85,64,100
USW00023190,2016-06-26,34.4241,-119.84249,2.5,"SANTA BARBARA MUNICIPAL AIRPORT, CA US",0,217,144,24,88,73,100
USW00023190,2016-06-27,34.4241,-119.84249,2.5,"SANTA BARBARA MUNICIPAL AIRPORT, CA US",0,222,156,21,87,73,100
USW00023190,2016-06-28,34.4241,-119.84249,2.5,"SANTA BARBARA MUNICIPAL AIRPORT, CA US",0,222,156,25,89,76,97
USW00023190,2016-06-29,34.4241,-119.84249,2.5,"SANTA BARBARA MUNICIPAL AIRPORT, CA US",0,217,150,27,86,70,100
USW00023190,2016-06-30,34.4241,-119.84249,2.5,"SANTA BARBARA MUNICIPAL AIRPORT, CA US",0,222,150,33,80,57,97
USW00023190,2016-07-01,34.4241,-119.84249,2.5,"SANTA BARBARA MUNICIPAL AIRPORT, CA US",0,217,144,30,85,71,93
USW00023190,2016-07-02,34.4241,-119.84249,2.5,"SANTA BARBARA MUNICIPAL AIRPORT, CA US",0,228,161,26,80,66,93
USW00023190,2016-07-03,34.4241,-119.84249,2.5,"SANTA BARBARA MUNICIPAL AIRPORT, CA US",0,217,133,29,76,64,90
USW00023190,2016-07-04,34.4241,-119.84249,2.5,"SANTA BARBARA MUNICIPAL AIRPORT, CA US",0,217,128,24,77,59,93
USW00023190,2016-07-05,34.4241,-119.84249,2.5,"SANTA BARBARA MUNICIPAL AIRPORT, CA US",0,200,139,30,85,73,93
USW00023190,2016-07-06,34.4241,-119.84249,2.5,"SANTA BARBARA MUNICIPAL AIRPORT, CA US",0,211,133,28,84,70,96
USW00023190,2016-07-07,34.4241,-119.84249,2.5,"SANTA BARBARA MUNICIPAL AIRPORT, CA US",0,211,117,26,82,68,97
USW00023190,2016-07-08,34.4241,-119.84249,2.5,"SANTA BARBARA MUNICIPAL AIRPORT, CA US",0,222,128,29,83,66,100
USW00023190,2016-07-09,34.4241,-119.84249,2.5,"SANTA BARBARA MUNICIPAL AIRPORT, CA US",0,233,156,26,83,59,93
USW00023190,2016-07-10,34.4241,-119.84249,2.5,"SANTA BARBARA MUNICIPAL AIRPORT, CA US",0,244,133,30,77,52,100
USW00023190,2016-07-11,34.4241,-119.84249,2.5,"SANTA BARBARA MUNICIPAL AIRPORT, CA US",0,233,139,28,80,64,93
USW00023190,2016-07-12,34.4241,-119.84249,2.5,"SANTA BARBARA MUNICIPAL AIRPORT, CA US",0,222,133,27,83,68,96
USW00023190,2016-07-13,34.4241,-119.84249,2.5,"SANTA BARBARA MUNICIPAL AIRPORT, CA US",0,228,122,28,82,64,97
USW00023190,2016-07-14,34.4241,-119.84249,2.5,"SANTA BARBARA MUNICIPAL AIRPORT, CA US",0,211,150,33,89,60,100
USW00023190,2016-07-15,34.4241,-119.84249,2.5,"SANTA BARBARA MUNICIPAL AIRPORT, CA US",0,211,139,31,89,73,100
USW00023190,2016-07-16,34.4241,-119.84249,2.5,"SANTA BARBARA MUNICIPAL AIRPORT, CA US",0,217,133,31,85,66,100
USW00023190,2016-07-17,34.4241,-119.84249,2.5,"SANTA BARBARA MUNICIPAL AIRPORT, CA US",0,217,144,26,85,68,96
USW00023190,2016-07-18,34.4241,-119.84249,2.5,"SANTA BARBARA MUNICIPAL AIRPORT, CA US",0,222,150,26,83,66,93
USW00023190,2016-07-19,34.4241,-119.84249,2.5,"SANTA BARBARA MUNICIPAL AIRPORT, CA US",0,244,122,21,82,57,97
USW00023190,2016-07-20,34.4241,-119.84249,2.5,"SANTA BARBARA MUNICIPAL AIRPORT, CA US",0,267,128,21,76,48,96
USW00023190,2016-07-21,34.4241,-119.84249,2.5,"SANTA BARBARA MUNICIPAL AIRPORT, CA US",0,267,133,22,75,45,93
USW00023190,2016-07-22,34.4241,-119.84249,2.5,"SANTA BARBARA MUNICIPAL AIRPORT, CA US",0,344,150,24,62,13,87
USW00023190,2016-07-23,34.4241,-119.84249,2.5,"SANTA BARBARA MUNICIPAL AIRPORT, CA US",0,333,161,25,76,14,93
USW00023190,2016-07-24,34.4241,-119.84249,2.5,"SANTA BARBARA MUNICIPAL AIRPORT, CA US",0,244,144,23,90,72,100
USW00023190,2016-07-25,34.4241,-119.84249,2.5,"SANTA BARBARA MUNICIPAL AIRPORT, CA US",0,256,161,24,88,64,100
USW00023190,2016-07-26,34.4241,-119.84249,2.5,"SANTA BARBARA MUNICIPAL AIRPORT, CA US",0,233,161,24,87,71,100
USW00023190,2016-07-27,34.4241,-119.84249,2.5,"SANTA BARBARA MUNICIPAL AIRPORT, CA US",0,244,156,21,84,64,100
USW00023190,2016-07-28,34.4241,-119.84249,2.5,"SANTA BARBARA MUNICIPAL AIRPORT, CA US",0,256,172,28,82,60,97
USW00023190,2016-07-29,34.4241,-119.84249,2.5,"SANTA BARBARA MUNICIPAL AIRPORT, CA US",0,244,150,21,82,60,97
USW00023190,2016-07-30,34.4241,-119.84249,2.5,"SANTA BARBARA MUNICIPAL AIRPORT, CA US",0,250,161,23,88,69,100
USW00023190,2016-07-31,34.4241,-119.84249,2.5,"SANTA BARBARA MUNICIPAL AIRPORT, CA US",0,250,167,29,87,69,100
USW00023190,2016-08-01,34.4241,-119.84249,2.5,"SANTA BARBARA MUNICIPAL AIRPORT, CA US",0,222,161,28,90,73,100
USW00023190,2016-08-02,34.4241,-119.84249,2.5,"SANTA BARBARA MUNICIPAL AIRPORT, CA US",0,217,167,30,86,73,96
USW00023190,2016-08-03,34.4241,-119.84249,2.5,"SANTA BARBARA MUNICIPAL AIRPORT, CA US",0,228,161,31,85,71,96
USW00023190,2016-08-04,34.4241,-119.84249,2.5,"SANTA BARBARA MUNICIPAL AIRPORT, CA US",0,222,167,30,83,63,93
USW00023190,2016-08-05,34.4241,-119.84249,2.5,"SANTA BARBARA MUNICIPAL AIRPORT, CA US",0,233,150,31,80,57,93
USW00023190,2016-08-06,34.4241,-119.84249,2.5,"SANTA BARBARA MUNICIPAL AIRPORT, CA US",0,217,144,30,85,68,93
USW00023190,2016-08-07,34.4241,-119.84249,2.5,"SANTA BARBARA MUNICIPAL AIRPORT, CA US",0,233,133,24,84,57,97
USW00023190,2016-08-08,34.4241,-119.84249,2.5,"SANTA BARBARA MUNICIPAL AIRPORT, CA US",0,222,139,26,85,71,97
USW00023190,2016-08-09,34.4241,-119.84249,2.5,"SANTA BARBARA MUNICIPAL AIRPORT, CA US",0,222,150,29,86,71,100
USW00023190,2016-08-10,34.4241,-119.84249,2.5,"SANTA BARBARA MUNICIPAL AIRPORT, CA US",0,228,144,23,82,61,97
USW00023190,2016-08-11,34.4241,-119.84249,2.5,"SANTA BARBARA MUNICIPAL AIRPORT, CA US",0,233,144,28,79,66,96
USW00023190,2016-08-12,34.4241,-119.84249,2.5,"SANTA BARBARA MUNICIPAL AIRPORT, CA US",0,217,161,26,86,68,97
USW00023190,2016-08-13,34.4241,-119.84249,2.5,"SANTA BARBARA MUNICIPAL AIRPORT, CA US",0,239,167,30,85,64,97
USW00023190,2016-08-14,34.4241,-119.84249,2.5,"SANTA BARBARA MUNICIPAL AIRPORT, CA US",0,239,161,34,88,71,100
USW00023190,2016-08-15,34.4241,-119.84249,2.5,"SANTA BARBARA MUNICIPAL AIRPORT, CA US",0,256,156,25,83,58,100
USW00023190,2016-08-16,34.4241,-119.84249,2.5,"SANTA BARBARA MUNICIPAL AIRPORT, CA US",0,228,150,26,86,66,100
USW00023190,2016-08-17,34.4241,-119.84249,2.5,"SANTA BARBARA MUNICIPAL AIRPORT, CA US",0,211,150,31,87,73,100
USW00023190,2016-08-18,34.4241,-119.84249,2.5,"SANTA BARBARA MUNICIPAL AIRPORT, CA US",0,217,139,24,84,66,100
USW00023190,2016-08-19,34.4241,-119.84249,2.5,"SANTA BARBARA MUNICIPAL AIRPORT, CA US",0,217,139,29,82,63,93
USW00023190,2016-08-20,34.4241,-119.84249,2.5,"SANTA BARBARA MUNICIPAL AIRPORT, CA US",0,211,133,25,84,66,97
USW00023190,2016-08-21,34.4241,-119.84249,2.5,"SANTA BARBARA MUNICIPAL AIRPORT, CA US",0,222,133,26,83,63,96
USW00023190,2016-08-22,34.4241,-119.84249,2.5,"SANTA BARBARA MUNICIPAL AIRPORT, CA US",0,239,156,25,82,60,97
USW00023190,2016-08-23,34.4241,-119.84249,2.5,"SANTA BARBARA MUNICIPAL AIRPORT, CA US",0,244,139,22,80,56,93
USW00023190,2016-08-24,34.4241,-119.84249,2.5,"SANTA BARBARA MUNICIPAL AIRPORT, CA US",0,239,133,22,81,59,97
USW00023190,2016-08-25,34.4241,-119.84249,2.5,"SANTA BARBARA MUNICIPAL AIRPORT, CA US",0,217,156,26,85,71,97
USW00023190,2016-08-26,34.4241,-119.84249,2.5,"SANTA BARBARA MUNICIPAL AIRPORT, CA US",0,217,167,26,82,68,93
USW00023190,2016-08-27,34.4241,-119.84249,2.5,"SANTA BARBARA MUNICIPAL AIRPORT, CA US",0,211,133,26,84,70,97
USW00023190,2016-08-28,34.4241,-119.84249,2.5,"SANTA BARBARA MUNICIPAL AIRPORT, CA US",0,250,122,21,79,56,100
USW00023190,2016-08-29,34.4241,-119.84249,2.5,"SANTA BARBARA MUNICIPAL AIRPORT, CA US",0,272,139,21,79,52,96
USW00023190,2016-08-30,34.4241,-119.84249,2.5,"SANTA BARBARA MUNICIPAL AIRPORT, CA US",0,261,150,25,80,62,96
USW00023190,2016-08-31,34.4241,-119.84249,2.5,"SANTA BARBARA MUNICIPAL AIRPORT, CA US",0,278,144,27,74,48,90
USW00023190,2016-09-01,34.4241,-119.84249,2.5,"SANTA BARBARA MUNICIPAL AIRPORT, CA US",0,250,139,26,82,58,97
USW00023190,2016-09-02,34.4241,-119.84249,2.5,"SANTA BARBARA MUNICIPAL AIRPORT, CA US",0,206,144,31,88,73,97
USW00023190,2016-09-03,34.4241,-119.84249,2.5,"SANTA BARBARA MUNICIPAL AIRPORT, CA US",3,206,122,25,86,70,100
USW00023190,2016-09-04,34.4241,-119.84249,2.5,"SANTA BARBARA MUNICIPAL AIRPORT, CA US",0,256,100,28,68,40,93
USW00023190,2016-09-05,34.4241,-119.84249,2.5,"SANTA BARBARA MUNICIPAL AIRPORT, CA US",0,217,100,19,77,59,90
USW00023190,2016-09-06,34.4241,-119.84249,2.5,"SANTA BARBARA MUNICIPAL AIRPORT, CA US",0,222,106,25,84,66,97
USW00023190,2016-09-07,34.4241,-119.84249,2.5,"SANTA BARBARA MUNICIPAL AIRPORT, CA US",0,217,150,45,86,73,97
USW00023190,2016-09-08,34.4241,-119.84249,2.5,"SANTA BARBARA MUNICIPAL AIRPORT, CA US",0,228,150,30,79,64,90
USW00023190,2016-09-09,34.4241,-119.84249,2.5,"SANTA BARBARA MUNICIPAL AIRPORT, CA US",0,217,139,25,86,68,97
USW00023190,2016-09-10,34.4241,-119.84249,2.5,"SANTA BARBARA MUNICIPAL AIRPORT, CA US",0,217,139,26,89,71,100
USW00023190,2016-09-11,34.4241,-119.84249,2.5,"SANTA BARBARA MUNICIPAL AIRPORT, CA US",0,206,161,31,88,76,97
USW00023190,2016-09-12,34.4241,-119.84249,2.5,"SANTA BARBARA MUNICIPAL AIRPORT, CA US",0,183,161,27,85,78,93
USW00023190,2016-09-13,34.4241,-119.84249,2.5,"SANTA BARBARA MUNICIPAL AIRPORT, CA US",0,211,106,23,70,45,87
USW00023190,2016-09-14,34.4241,-119.84249,2.5,"SANTA BARBARA MUNICIPAL AIRPORT, CA US",0,222,89,19,73,44,89
USW00023190,2016-09-15,34.4241,-119.84249,2.5,"SANTA BARBARA MUNICIPAL AIRPORT, CA US",0,228,106,24,80,59,96
USW00023190,2016-09-16,34.4241,-119.84249,2.5,"SANTA BARBARA MUNICIPAL AIRPORT, CA US",0,217,122,23,85,68,100
USW00023190,2016-09-17,34.4241,-119.84249,2.5,"SANTA BARBARA MUNICIPAL AIRPORT, CA US",0,217,106,22,87,68,100
USW00023190,2016-09-18,34.4241,-119.84249,2.5,"SANTA BARBARA MUNICIPAL AIRPORT, CA US",0,222,122,19,91,78,100
USW00023190,2016-09-19,34.4241,-119.84249,2.5,"SANTA BARBARA MUNICIPAL AIRPORT, CA US",0,272,156,24,84,41,100
USW00023190,2016-09-20,34.4241,-119.84249,2.5,"SANTA BARBARA MUNICIPAL AIRPORT, CA US",0,267,161,16,84,48,100
USW00023190,2016-09-21,34.4241,-119.84249,2.5,"SANTA BARBARA MUNICIPAL AIRPORT, CA US",0,239,156,23,82,54,100
USW00023190,2016-09-22,34.4241,-119.84249,2.5,"SANTA BARBARA MUNICIPAL AIRPORT, CA US",0,289,89,55,41,8,86
USW00023190,2016-09-23,34.4241,-119.84249,2.5,"SANTA BARBARA MUNICIPAL AIRPORT, CA US",0,317,144,53,30,11,75
USW00023190,2016-09-24,34.4241,-119.84249,2.5,"SANTA BARBARA MUNICIPAL AIRPORT, CA US",0,289,100,14,55,15,96
USW00023190,2016-09-25,34.4241,-119.84249,2.5,"SANTA BARBARA MUNICIPAL AIRPORT, CA US",0,356,117,16,43,9,87
USW00023190,2016-09-26,34.4241,-119.84249,2.5,"SANTA BARBARA MUNICIPAL AIRPORT, CA US",0,383,139,22,30,9,84
USW00023190,2016-09-27,34.4241,-119.84249,2.5,"SANTA BARBARA MUNICIPAL AIRPORT, CA US",0,328,161,20,46,17,80
USW00023190,2016-09-28,34.4241,-119.84249,2.5,"SANTA BARBARA MUNICIPAL AIRPORT, CA US",0,278,139,17,64,41,93
USW00023190,2016-09-29,34.4241,-119.84249,2.5,"SANTA BARBARA MUNICIPAL AIRPORT, CA US",0,267,139,19,78,45,97
USW00023190,2016-09-30,34.4241,-119.84249,2.5,"SANTA BARBARA MUNICIPAL AIRPORT, CA US",0,256,144,18,82,42,100
USW00023190,2016-10-01,34.4241,-119.84249,2.5,"SANTA BARBARA MUNICIPAL AIRPORT, CA US",0,239,111,18,81,50,97
USW00023190,2016-10-02,34.4241,-119.84249,2.5,"SANTA BARBARA MUNICIPAL AIRPORT, CA US",0,256,100,34,62,34,93
USW00023190,2016-10-03,34.4241,-119.84249,2.5,"SANTA BARBARA MUNICIPAL AIRPORT, CA US",0,250,128,41,49,32,60
USW00023190,2016-10-04,34.4241,-119.84249,2.5,"SANTA BARBARA MUNICIPAL AIRPORT, CA US",0,239,94,27,65,44,87
USW00023190,2016-10-05,34.4241,-119.84249,2.5,"SANTA BARBARA MUNICIPAL AIRPORT, CA US",0,211,89,18,81,45,97
USW00023190,2016-10-06,34.4241,-119.84249,2.5,"SANTA BARBARA MUNICIPAL AIRPORT, CA US",0,272,72,18,57,16,100
USW00023190,2016-10-07,34.4241,-119.84249,2.5,"SANTA BARBARA MUNICIPAL AIRPORT, CA US",0,328,106,16,51,8,90
USW00023190,2016-10-08,34.4241,-119.84249,2.5,"SANTA BARBARA MUNICIPAL AIRPORT, CA US",0,272,106,15,56,28,81
USW00023190,2016-10-09,34.4241,-119.84249,2.5,"SANTA BARBARA MUNICIPAL AIRPORT, CA US",0,244,83,17,68,38,90
USW00023190,2016-10-10,34.4241,-119.84249,2.5,"SANTA BARBARA MUNICIPAL AIRPORT, CA US",0,206,100,28,85,70,96
USW00023190,2016-10-11,34.4241,-119.84249,2.5,"SANTA BARBARA MUNICIPAL AIRPORT, CA US",0,200,106,25,82,66,97
USW00023190,2016-10-12,34.4241,-119.84249,2.5,"SANTA BARBARA MUNICIPAL AIRPORT, CA US",0,194,83,21,84,66,97
USW00023190,2016-10-13,34.4241,-119.84249,2.5,"SANTA BARBARA MUNICIPAL AIRPORT, CA US",0,200,83,17,91,73,100
USW00023190,2016-10-14,34.4241,-119.84249,2.5,"SANTA BARBARA MUNICIPAL AIRPORT, CA US",0,194,106,22,88,76,100
USW00023190,2016-10-15,34.4241,-119.84249,2.5,"SANTA BARBARA MUNICIPAL AIRPORT, CA US",0,222,111,39,91,73,100
USW00023190,2016-10-16,34.4241,-119.84249,2.5,"SANTA BARBARA MUNICIPAL AIRPORT, CA US",74,228,167,26,92,64,100
USW00023190,2016-10-17,34.4241,-119.84249,2.5,"SANTA BARBARA MUNICIPAL AIRPORT, CA US",8,272,133,29,66,35,100
USW00023190,2016-10-18,34.4241,-119.84249,2.5,"SANTA BARBARA MUNICIPAL AIRPORT, CA US",0,267,100,33,57,15,97
USW00023190,2016-10-19,34.4241,-119.84249,2.5,"SANTA BARBARA MUNICIPAL AIRPORT, CA US",0,294,83,13,50,15,93
USW00023190,2016-10-20,34.4241,-119.84249,2.5,"SANTA BARBARA MUNICIPAL AIRPORT, CA US",0,322,100,15,46,11,90
USW00023190,2016-10-21,34.4241,-119.84249,2.5,"SANTA BARBARA MUNICIPAL AIRPORT, CA US",0,283,111,11,49,14,75
USW00023190,2016-10-22,34.4241,-119.84249,2.5,"SANTA BARBARA MUNICIPAL AIRPORT, CA US",0,211,94,15,84,30,100
USW00023190,2016-10-23,34.4241,-119.84249,2.5,"SANTA BARBARA MUNICIPAL AIRPORT, CA US",0,217,128,29,88,40,100
USW00023190,2016-10-24,34.4241,-119.84249,2.5,"SANTA BARBARA MUNICIPAL AIRPORT, CA US",0,217,111,22,81,55,100
USW00023190,2016-10-25,34.4241,-119.84249,2.5,"SANTA BARBARA MUNICIPAL AIRPORT, CA US",0,217,89,19,84,57,100
USW00023190,2016-10-26,34.4241,-119.84249,2.5,"SANTA BARBARA MUNICIPAL AIRPORT, CA US",0,206,117,14,81,49,100
USW00023190,2016-10-27,34.4241,-119.84249,2.5,"SANTA BARBARA MUNICIPAL AIRPORT, CA US",0,211,111,23,84,61,100
USW00023190,2016-10-28,34.4241,-119.84249,2.5,"SANTA BARBARA MUNICIPAL AIRPORT, CA US",71,211,128,26,91,78,100
USW00023190,2016-10-29,34.4241,-119.84249,2.5,"SANTA BARBARA MUNICIPAL AIRPORT, CA US",0,228,111,19,87,61,100
USW00023190,2016-10-30,34.4241,-119.84249,2.5,"SANTA BARBARA MUNICIPAL AIRPORT, CA US",33,194,111,17,96,84,100
USW00023190,2016-10-31,34.4241,-119.84249,2.5,"SANTA BARBARA MUNICIPAL AIRPORT, CA US",0,222,94,24,75,50,100
USW00023190,2016-11-01,34.4241,-119.84249,2.5,"SANTA BARBARA MUNICIPAL AIRPORT, CA US",0,228,106,29,69,48,93
USW00023190,2016-11-02,34.4241,-119.84249,2.5,"SANTA BARBARA MUNICIPAL AIRPORT, CA US",0,244,78,20,72,33,100
USW00023190,2016-11-03,34.4241,-119.84249,2.5,"SANTA BARBARA MUNICIPAL AIRPORT, CA US",0,294,67,14,57,15,86
USW00023190,2016-11-04,34.4241,-119.84249,2.5,"SANTA BARBARA MUNICIPAL AIRPORT, CA US",0,261,100,16,69,30,96
USW00023190,2016-11-05,34.4241,-119.84249,2.5,"SANTA BARBARA MUNICIPAL AIRPORT, CA US",0,228,94,17,83,55,100
USW00023190,2016-11-06,34.4241,-119.84249,2.5,"SANTA BARBARA MUNICIPAL AIRPORT, CA US",0,200,89,16,90,73,100
USW00023190,2016-11-07,34.4241,-119.84249,2.5,"SANTA BARBARA MUNICIPAL AIRPORT, CA US",0,228,94,12,85,53,100
USW00023190,2016-11-08,34.4241,-119.84249,2.5,"SANTA BARBARA MUNICIPAL AIRPORT, CA US",0,289,89,15,78,24,100
USW00023190,2016-11-09,34.4241,-119.84249,2.5,"SANTA BARBARA MUNICIPAL AIRPORT, CA US",0,317,94,10,62,17,100
USW00023190,2016-11-10,34.4241,-119.84249,2.5,"SANTA BARBARA MUNICIPAL AIRPORT, CA US",0,300,100,12,51,19,86
USW00023190,2016-11-11,34.4241,-119.84249,2.5,"SANTA BARBARA MUNICIPAL AIRPORT, CA US",0,283,89,9,46,15,75
USW00023190,2016-11-12,34.4241,-119.84249,2.5,"SANTA BARBARA MUNICIPAL AIRPORT, CA US",0,272,100,16,58,22,80
USW00023190,2016-11-13,34.4241,-119.84249,2.5,"SANTA BARBARA MUNICIPAL AIRPORT, CA US",0,267,89,16,69,23,100
USW00023190,2016-11-14,34.4241,-119.84249,2.5,"SANTA BARBARA MUNICIPAL AIRPORT, CA US",0,233,83,16,82,48,100
USW00023190,2016-11-15,34.4241,-119.84249,2.5,"SANTA BARBARA MUNICIPAL AIRPORT, CA US",0,206,78,14,89,59,100
USW00023190,2016-11-16,34.4241,-119.84249,2.5,"SANTA BARBARA MUNICIPAL AIRPORT, CA US",0,250,83,32,56,19,100
USW00023190,2016-11-17,34.4241,-119.84249,2.5,"SANTA BARBARA MUNICIPAL AIRPORT, CA US",0,200,44,17,42,20,63
USW00023190,2016-11-18,34.4241,-119.84249,2.5,"SANTA BARBARA MUNICIPAL AIRPORT, CA US",0,222,39,21,43,19,77
USW00023190,2016-11-19,34.4241,-119.84249,2.5,"SANTA BARBARA MUNICIPAL AIRPORT, CA US",0,189,72,12,83,54,97
USW00023190,2016-11-20,34.4241,-119.84249,2.5,"SANTA BARBARA MUNICIPAL AIRPORT, CA US",122,183,56,24,89,68,100
USW00023190,2016-11-21,34.4241,-119.84249,2.5,"SANTA BARBARA MUNICIPAL AIRPORT, CA US",0,211,100,30,72,47,100
USW00023190,2016-11-22,34.4241,-119.84249,2.5,"SANTA BARBARA MUNICIPAL AIRPORT, CA US",0,189,56,14,73,50,90
USW00023190,2016-11-23,34.4241,-119.84249,2.5,"SANTA BARBARA MUNICIPAL AIRPORT, CA US",0,239,56,23,56,29,97
USW00023190,2016-11-24,34.4241,-119.84249,2.5,"SANTA BARBARA MUNICIPAL AIRPORT, CA US",0,217,33,16,58,28,89
USW00023190,2016-11-25,34.4241,-119.84249,2.5,"SANTA BARBARA MUNICIPAL AIRPORT, CA US",0,200,22,7,77,49,93
USW00023190,2016-11-26,34.4241,-119.84249,2.5,"SANTA BARBARA MUNICIPAL AIRPORT, CA US",104,144,28,13,92,72,100
USW00023190,2016-11-27,34.4241,-119.84249,2.5,"SANTA BARBARA MUNICIPAL AIRPORT, CA US",0,189,61,37,74,48,100
USW00023190,2016-11-28,34.4241,-119.84249,2.5,"SANTA BARBARA MUNICIPAL AIRPORT, CA US",0,206,50,33,61,46,82
USW00023190,2016-11-29,34.4241,-119.84249,2.5,"SANTA BARBARA MUNICIPAL AIRPORT, CA US",0,183,44,16,65,37,89
USW00023190,2016-11-30,34.4241,-119.84249,2.5,"SANTA BARBARA MUNICIPAL AIRPORT, CA US",0,178,28,14,,,
USW00023190,2016-12-01,34.4241,-119.84249,2.5,"SANTA BARBARA MUNICIPAL AIRPORT, CA US",0,178,67,33,65,39,96
USW00023190,2016-12-02,34.4241,-119.84249,2.5,"SANTA BARBARA MUNICIPAL AIRPORT, CA US",0,172,39,24,58,38,82
USW00023190,2016-12-03,34.4241,-119.84249,2.5,"SANTA BARBARA MUNICIPAL AIRPORT, CA US",0,178,17,13,68,34,89
USW00023190,2016-12-04,34.4241,-119.84249,2.5,"SANTA BARBARA MUNICIPAL AIRPORT, CA US",0,206,28,10,76,43,93
USW00023190,2016-12-05,34.4241,-119.84249,2.5,"SANTA BARBARA MUNICIPAL AIRPORT, CA US",0,178,39,13,85,56,100
USW00023190,2016-12-06,34.4241,-119.84249,2.5,"SANTA BARBARA MUNICIPAL AIRPORT, CA US",0,167,50,14,79,55,100
USW00023190,2016-12-07,34.4241,-119.84249,2.5,"SANTA BARBARA MUNICIPAL AIRPORT, CA US",0,167,44,13,71,57,86
USW00023190,2016-12-08,34.4241,-119.84249,2.5,"SANTA BARBARA MUNICIPAL AIRPORT, CA US",0,172,72,27,87,67,100
USW00023190,2016-12-09,34.4241,-119.84249,2.5,"SANTA BARBARA MUNICIPAL AIRPORT, CA US",10,194,133,24,85,28,100
USW00023190,2016-12-10,34.4241,-119.84249,2.5,"SANTA BARBARA MUNICIPAL AIRPORT, CA US",0,200,100,21,86,65,100
USW00023190,2016-12-11,34.4241,-119.84249,2.5,"SANTA BARBARA MUNICIPAL AIRPORT, CA US",0,172,128,19,96,84,100
USW00023190,2016-12-12,34.4241,-119.84249,2.5,"SANTA BARBARA MUNICIPAL AIRPORT, CA US",0,150,111,14,,,
USW00023190,2016-12-13,34.4241,-119.84249,2.5,"SANTA BARBARA MUNICIPAL AIRPORT, CA US",0,161,83,14,92,78,100
USW00023190,2016-12-14,34.4241,-119.84249,2.5,"SANTA BARBARA MUNICIPAL AIRPORT, CA US",0,178,67,10,92,73,100
USW00023190,2016-12-15,34.4241,-119.84249,2.5,"SANTA BARBARA MUNICIPAL AIRPORT, CA US",284,161,106,25,98,84,100
USW00023190,2016-12-16,34.4241,-119.84249,2.5,"SANTA BARBARA MUNICIPAL AIRPORT, CA US",104,161,94,47,65,39,100
USW00023190,2016-12-17,34.4241,-119.84249,2.5,"SANTA BARBARA MUNICIPAL AIRPORT, CA US",0,161,22,19,54,27,82
USW00023190,2016-12-18,34.4241,-119.84249,2.5,"SANTA BARBARA MUNICIPAL AIRPORT, CA US",0,150,6,10,72,42,97
USW00023190,2016-12-19,34.4241,-119.84249,2.5,"SANTA BARBARA MUNICIPAL AIRPORT, CA US",0,172,-5,12,68,26,93
USW00023190,2016-12-20,34.4241,-119.84249,2.5,"SANTA BARBARA MUNICIPAL AIRPORT, CA US",0,200,-10,9,56,15,96
USW00023190,2016-12-21,34.4241,-119.84249,2.5,"SANTA BARBARA MUNICIPAL AIRPORT, CA US",3,200,100,17,66,25,93
USW00023190,2016-12-22,34.4241,-119.84249,2.5,"SANTA BARBARA MUNICIPAL AIRPORT, CA US",0,172,67,20,84,65,100
USW00023190,2016-12-23,34.4241,-119.84249,2.5,"SANTA BARBARA MUNICIPAL AIRPORT, CA US",358,150,61,29,94,72,100
USW00023190,2016-12-24,34.4241,-119.84249,2.5,"SANTA BARBARA MUNICIPAL AIRPORT, CA US",0,139,83,62,56,39,71
USW00023190,2016-12-25,34.4241,-119.84249,2.5,"SANTA BARBARA MUNICIPAL AIRPORT, CA US",0,128,33,22,58,45,73
USW00023190,2016-12-26,34.4241,-119.84249,2.5,"SANTA BARBARA MUNICIPAL AIRPORT, CA US",0,167,39,16,62,36,89
USW00023190,2016-12-27,34.4241,-119.84249,2.5,"SANTA BARBARA MUNICIPAL AIRPORT, CA US",0,161,17,9,77,48,100
USW00023190,2016-12-28,34.4241,-119.84249,2.5,"SANTA BARBARA MUNICIPAL AIRPORT, CA US",0,200,28,9,66,33,92
USW00023190,2016-12-29,34.4241,-119.84249,2.5,"SANTA BARBARA MUNICIPAL AIRPORT, CA US",0,233,39,10,61,25,93
USW00023190,2016-12-30,34.4241,-119.84249,2.5,"SANTA BARBARA MUNICIPAL AIRPORT, CA US",46,161,111,18,87,67,100
USW00023190,2016-12-31,34.4241,-119.84249,2.5,"SANTA BARBARA MUNICIPAL AIRPORT, CA US",5,139,56,20,82,60,100
USW00023190,2017-01-01,34.4241,-119.84249,2.5,"SANTA BARBARA MUNICIPAL AIRPORT, CA US",0,161,44,16,67,49,86
USW00023190,2017-01-02,34.4241,-119.84249,2.5,"SANTA BARBARA MUNICIPAL AIRPORT, CA US",0,133,78,10,81,67,96
USW00023190,2017-01-03,34.4241,-119.84249,2.5,"SANTA BARBARA MUNICIPAL AIRPORT, CA US",0,139,72,21,79,64,93
USW00023190,2017-01-04,34.4241,-119.84249,2.5,"SANTA BARBARA MUNICIPAL AIRPORT, CA US",163,133,117,16,97,83,100
USW00023190,2017-01-05,34.4241,-119.84249,2.5,"SANTA BARBARA MUNICIPAL AIRPORT, CA US",28,194,72,21,86,61,100
USW00023190,2017-01-06,34.4241,-119.84249,2.5,"SANTA BARBARA MUNICIPAL AIRPORT, CA US",5,156,39,15,77,53,96
USW00023190,2017-01-07,34.4241,-119.84249,2.5,"SANTA BARBARA MUNICIPAL AIRPORT, CA US",107,167,106,18,91,75,97
USW00023190,2017-01-08,34.4241,-119.84249,2.5,"SANTA BARBARA MUNICIPAL AIRPORT, CA US",147,194,106,26,73,43,100
USW00023190,2017-01-09,34.4241,-119.84249,2.5,"SANTA BARBARA MUNICIPAL AIRPORT, CA US",168,167,111,24,92,80,100
USW00023190,2017-01-10,34.4241,-119.84249,2.5,"SANTA BARBARA MUNICIPAL AIRPORT, CA US",91,167,100,18,96,84,100
USW00023190,2017-01-11,34.4241,-119.84249,2.5,"SANTA BARBARA MUNICIPAL AIRPORT, CA US",160,167,100,31,90,73,100
USW00023190,2017-01-12,34.4241,-119.84249,2.5,"SANTA BARBARA MUNICIPAL AIRPORT, CA US",58,150,61,22,85,58,100
USW00023190,2017-01-13,34.4241,-119.84249,2.5,"SANTA BARBARA MUNICIPAL AIRPORT, CA US",0,161,33,18,71,44,97
USW00023190,2017-01-14,34.4241,-119.84249,2.5,"SANTA BARBARA MUNICIPAL AIRPORT, CA US",0,228,50,20,58,28,86
USW00023190,2017-01-15,34.4241,-119.84249,2.5,"SANTA BARBARA MUNICIPAL AIRPORT, CA US",0,161,50,12,82,64,97
USW00023190,2017-01-16,34.4241,-119.84249,2.5,"SANTA BARBARA MUNICIPAL AIRPORT, CA US",0,167,50,15,86,62,100
USW00023190,2017-01-17,34.4241,-119.84249,2.5,"SANTA BARBARA MUNICIPAL AIRPORT, CA US",0,183,39,9,81,35,97
USW00023190,2017-01-18,34.4241,-119.84249,2.5,"SANTA BARBARA MUNICIPAL AIRPORT, CA US",43,139,50,26,87,72,100
USW00023190,2017-01-19,34.4241,-119.84249,2.5,"SANTA BARBARA MUNICIPAL AIRPORT, CA US",183,172,78,28,88,54,100
USW00023190,2017-01-20,34.4241,-119.84249,2.5,"SANTA BARBARA MUNICIPAL AIRPORT, CA US",678,139,78,35,84,62,100
USW00023190,2017-01-21,34.4241,-119.84249,2.5,"SANTA BARBARA MUNICIPAL AIRPORT, CA US",13,150,67,34,77,64,93
USW00023190,2017-01-22,34.4241,-119.84249,2.5,"SANTA BARBARA MUNICIPAL AIRPORT, CA US",356,133,94,50,93,86,100
USW00023190,2017-01-23,34.4241,-119.84249,2.5,"SANTA BARBARA MUNICIPAL AIRPORT, CA US",76,133,61,35,80,57,93
USW00023190,2017-01-24,34.4241,-119.84249,2.5,"SANTA BARBARA MUNICIPAL AIRPORT, CA US",0,128,28,13,79,57,96
USW00023190,2017-01-25,34.4241,-119.84249,2.5,"SANTA BARBARA MUNICIPAL AIRPORT, CA US",0,139,11,10,80,57,97
USW00023190,2017-01-26,34.4241,-119.84249,2.5,"SANTA BARBARA MUNICIPAL AIRPORT, CA US",0,144,11,13,78,51,92
USW00023190,2017-01-27,34.4241,-119.84249,2.5,"SANTA BARBARA MUNICIPAL AIRPORT, CA US",0,161,11,14,69,38,93
USW00023190,2017-01-28,34.4241,-119.84249,2.5,"SANTA BARBARA MUNICIPAL AIRPORT, CA US",0,194,11,11,66,19,93
USW00023190,2017-01-29,34.4241,-119.84249,2.5,"SANTA BARBARA MUNICIPAL AIRPORT, CA US",0,222,11,13,57,17,89
USW00023190,2017-01-30,34.4241,-119.84249,2.5,"SANTA BARBARA MUNICIPAL AIRPORT, CA US",0,239,33,9,56,14,86
USW00023190,2017-01-31,34.4241,-119.84249,2.5,"SANTA BARBARA MUNICIPAL AIRPORT, CA US",0,194,44,12,68,34,89
USW00023190,2017-02-01,34.4241,-119.84249,2.5,"SANTA BARBARA MUNICIPAL AIRPORT, CA US",0,167,39,23,85,57,96
USW00023190,2017-02-02,34.4241,-119.84249,2.5,"SANTA BARBARA MUNICIPAL AIRPORT, CA US",43,156,111,27,86,74,100
USW00023190,2017-02-03,34.4241,-119.84249,2.5,"SANTA BARBARA MUNICIPAL AIRPORT, CA US",71,150,128,14,96,64,100
USW00023190,2017-02-04,34.4241,-119.84249,2.5,"SANTA BARBARA MUNICIPAL AIRPORT, CA US",0,161,89,16,94,80,100
USW00023190,2017-02-05,34.4241,-119.84249,2.5,"SANTA BARBARA MUNICIPAL AIRPORT, CA US",89,144,83,20,93,84,100
USW00023190,2017-02-06,34.4241,-119.84249,2.5,"SANTA BARBARA MUNICIPAL AIRPORT, CA US",328,156,117,30,97,89,100
USW00023190,2017-02-07,34.4241,-119.84249,2.5,"SANTA BARBARA MUNICIPAL AIRPORT, CA US",185,156,133,16,97,75,100
USW00023190,2017-02-08,34.4241,-119.84249,2.5,"SANTA BARBARA MUNICIPAL AIRPORT, CA US",10,172,144,6,91,48,100
USW00023190,2017-02-09,34.4241,-119.84249,2.5,"SANTA BARBARA MUNICIPAL AIRPORT, CA US",0,172,122,22,97,86,100
USW00023190,2017-02-10,34.4241,-119.84249,2.5,"SANTA BARBARA MUNICIPAL AIRPORT, CA US",155,194,128,21,98,73,100
USW00023190,2017-02-11,34.4241,-119.84249,2.5,"SANTA BARBARA MUNICIPAL AIRPORT, CA US",5,178,100,29,71,54,100
USW00023190,2017-02-12,34.4241,-119.84249,2.5,"SANTA BARBARA MUNICIPAL AIRPORT, CA US",0,200,89,22,70,43,92
USW00023190,2017-02-13,34.4241,-119.84249,2.5,"SANTA BARBARA MUNICIPAL AIRPORT, CA US",0,200,61,12,82,51,97
USW00023190,2017-02-14,34.4241,-119.84249,2.5,"SANTA BARBARA MUNICIPAL AIRPORT, CA US",0,178,100,17,91,76,100
USW00023190,2017-02-15,34.4241,-119.84249,2.5,"SANTA BARBARA MUNICIPAL AIRPORT, CA US",0,194,78,16,91,63,100
USW00023190,2017-02-16,34.4241,-119.84249,2.5,"SANTA BARBARA MUNICIPAL AIRPORT, CA US",38,178,78,19,92,65,100
USW00023190,2017-02-17,34.4241,-119.84249,2.5,"SANTA BARBARA MUNICIPAL AIRPORT, CA US",1057,144,117,65,96,58,100
USW00023190,2017-02-18,34.4241,-119.84249,2.5,"SANTA BARBARA MUNICIPAL AIRPORT, CA US",8,161,100,34,86,70,100
USW00023190,2017-02-19,34.4241,-119.84249,2.5,"SANTA BARBARA MUNICIPAL AIRPORT, CA US",107,161,72,24,85,60,100
USW00023190,2017-02-20,34.4241,-119.84249,2.5,"SANTA BARBARA MUNICIPAL AIRPORT, CA US",79,150,111,41,97,90,100
USW00023190,2017-02-21,34.4241,-119.84249,2.5,"SANTA BARBARA MUNICIPAL AIRPORT, CA US",79,156,100,26,97,74,100
USW00023190,2017-02-22,34.4241,-119.84249,2.5,"SANTA BARBARA MUNICIPAL AIRPORT, CA US",0,183,72,47,68,46,100
USW00023190,2017-02-23,34.4241,-119.84249,2.5,"SANTA BARBARA MUNICIPAL AIRPORT, CA US",0,156,44,42,48,27,74
USW00023190,2017-02-24,34.4241,-119.84249,2.5,"SANTA BARBARA MUNICIPAL AIRPORT, CA US",0,156,33,20,58,36,89
USW00023190,2017-02-25,34.4241,-119.84249,2.5,"SANTA BARBARA MUNICIPAL AIRPORT, CA US",0,144,33,12,71,47,97
USW00023190,2017-02-26,34.4241,-119.84249,2.5,"SANTA BARBARA MUNICIPAL AIRPORT, CA US",25,139,78,29,79,67,96
USW00023190,2017-02-27,34.4241,-119.84249,2.5,"SANTA BARBARA MUNICIPAL AIRPORT, CA US",0,150,89,24,72,59,83
USW00023190,2017-02-28,34.4241,-119.84249,2.5,"SANTA BARBARA MUNICIPAL AIRPORT, CA US",0,178,56,28,,,
USW00023190,2017-03-01,34.4241,-119.84249,2.5,"SANTA BARBARA MUNICIPAL AIRPORT, CA US",0,206,28,13,58,25,89
USW00023190,2017-03-02,34.4241,-119.84249,2.5,"SANTA BARBARA MUNICIPAL AIRPORT, CA US",0,211,33,11,67,29,90
USW00023190,2017-03-03,34.4241,-119.84249,2.5,"SANTA BARBARA MUNICIPAL AIRPORT, CA US",0,228,33,17,65,21,97
USW00023190,2017-03-04,34.4241,-119.84249,2.5,"SANTA BARBARA MUNICIPAL AIRPORT, CA US",0,167,61,15,86,65,100
USW00023190,2017-03-05,34.4241,-119.84249,2.5,"SANTA BARBARA MUNICIPAL AIRPORT, CA US",51,161,78,36,70,41,97
USW00023190,2017-03-06,34.4241,-119.84249,2.5,"SANTA BARBARA MUNICIPAL AIRPORT, CA US",0,183,50,30,56,35,80
USW00023190,2017-03-07,34.4241,-119.84249,2.5,"SANTA BARBARA MUNICIPAL AIRPORT, CA US",0,183,44,12,68,37,93
USW00023190,2017-03-08,34.4241,-119.84249,2.5,"SANTA BARBARA MUNICIPAL AIRPORT, CA US",0,239,67,11,67,25,100
USW00023190,2017-03-09,34.4241,-119.84249,2.5,"SANTA BARBARA MUNICIPAL AIRPORT, CA US",0,244,78,10,72,29,97
USW00023190,2017-03-10,34.4241,-119.84249,2.5,"SANTA BARBARA MUNICIPAL AIRPORT, CA US",0,217,100,14,79,44,100
USW00023190,2017-03-11,34.4241,-119.84249,2.5,"SANTA BARBARA MUNICIPAL AIRPORT, CA US",0,250,78,20,74,25,100
USW00023190,2017-03-12,34.4241,-119.84249,2.5,"SANTA BARBARA MUNICIPAL AIRPORT, CA US",0,206,89,15,93,78,100
USW00023190,2017-03-13,34.4241,-119.84249,2.5,"SANTA BARBARA MUNICIPAL AIRPORT, CA US",0,211,111,14,90,57,100
USW00023190,2017-03-14,34.4241,-119.84249,2.5,"SANTA BARBARA MUNICIPAL AIRPORT, CA US",0,183,106,17,92,68,100
USW00023190,2017-03-15,34.4241,-119.84249,2.5,"SANTA BARBARA MUNICIPAL AIRPORT, CA US",0,183,100,17,91,70,100
USW00023190,2017-03-16,34.4241,-119.84249,2.5,"SANTA BARBARA MUNICIPAL AIRPORT, CA US",0,206,89,19,88,55,100
USW00023190,2017-03-17,34.4241,-119.84249,2.5,"SANTA BARBARA MUNICIPAL AIRPORT, CA US",0,167,106,16,97,84,100
USW00023190,2017-03-18,34.4241,-119.84249,2.5,"SANTA BARBARA MUNICIPAL AIRPORT, CA US",0,167,117,24,92,78,100
USW00023190,2017-03-19,34.4241,-119.84249,2.5,"SANTA BARBARA MUNICIPAL AIRPORT, CA US",0,167,122,22,89,80,100
USW00023190,2017-03-20,34.4241,-119.84249,2.5,"SANTA BARBARA MUNICIPAL AIRPORT, CA US",0,178,133,24,77,60,87
USW00023190,2017-03-21,34.4241,-119.84249,2.5,"SANTA BARBARA MUNICIPAL AIRPORT, CA US",193,156,133,36,98,78,100
USW00023190,2017-03-22,34.4241,-119.84249,2.5,"SANTA BARBARA MUNICIPAL AIRPORT, CA US",0,200,100,45,77,50,100
USW00023190,2017-03-23,34.4241,-119.84249,2.5,"SANTA BARBARA MUNICIPAL AIRPORT, CA US",0,217,89,53,58,32,80
USW00023190,2017-03-24,34.4241,-119.84249,2.5,"SANTA BARBARA MUNICIPAL AIRPORT, CA US",0,178,72,31,77,64,89
USW00023190,2017-03-25,34.4241,-119.84249,2.5,"SANTA BARBARA MUNICIPAL AIRPORT, CA US",0,211,100,24,78,61,97
USW00023190,2017-03-26,34.4241,-119.84249,2.5,"SANTA BARBARA MUNICIPAL AIRPORT, CA US",0,194,83,24,79,62,93
USW00023190,2017-03-27,34.4241,-119.84249,2.5,"SANTA BARBARA MUNICIPAL AIRPORT, CA US",0,239,106,47,54,23,81
USW00023190,2017-03-28,34.4241,-119.84249,2.5,"SANTA BARBARA MUNICIPAL AIRPORT, CA US",0,239,100,33,43,27,66
USW00023190,2017-03-29,34.4241,-119.84249,2.5,"SANTA BARBARA MUNICIPAL AIRPORT, CA US",0,250,83,16,69,28,97
USW00023190,2017-03-30,34.4241,-119.84249,2.5,"SANTA BARBARA MUNICIPAL AIRPORT, CA US",0,250,106,66,65,27,100
USW00023190,2017-03-31,34.4241,-119.84249,2.5,"SANTA BARBARA MUNICIPAL AIRPORT, CA US",0,222,100,35,50,23,83
USW00023190,2017-04-01,34.4241,-119.84249,2.5,"SANTA BARBARA MUNICIPAL AIRPORT, CA US",0,206,78,20,66,39,86
USW00023190,2017-04-02,34.4241,-119.84249,2.5,"SANTA BARBARA MUNICIPAL AIRPORT, CA US",0,189,83,19,80,63,96
USW00023190,2017-04-03,34.4241,-119.84249,2.5,"SANTA BARBARA MUNICIPAL AIRPORT, CA US",0,133,106,18,94,87,100
USW00023190,2017-04-04,34.4241,-119.84249,2.5,"SANTA BARBARA MUNICIPAL AIRPORT, CA US",0,172,100,29,85,70,100
USW00023190,2017-04-05,34.4241,-119.84249,2.5,"SANTA BARBARA MUNICIPAL AIRPORT, CA US",0,222,89,25,78,46,100
USW00023190,2017-04-06,34.4241,-119.84249,2.5,"SANTA BARBARA MUNICIPAL AIRPORT, CA US",0,178,100,20,82,46,100
USW00023190,2017-04-07,34.4241,-119.84249,2.5,"SANTA BARBARA MUNICIPAL AIRPORT, CA US",41,167,111,29,87,75,100
USW00023190,2017-04-08,34.4241,-119.84249,2.5,"SANTA BARBARA MUNICIPAL AIRPORT, CA US",0,200,100,45,62,33,100
USW00023190,2017-04-09,34.4241,-119.84249,2.5,"SANTA BARBARA MUNICIPAL AIRPORT, CA US",0,189,72,25,56,37,80
USW00023190,2017-04-10,34.4241,-119.84249,2.5,"SANTA BARBARA MUNICIPAL AIRPORT, CA US",0,211,56,15,66,25,93
USW00023190,2017-04-11,34.4241,-119.84249,2.5,"SANTA BARBARA MUNICIPAL AIRPORT, CA US",0,211,83,26,75,54,89
USW00023190,2017-04-12,34.4241,-119.84249,2.5,"SANTA BARBARA MUNICIPAL AIRPORT, CA US",0,211,83,30,86,63,100
USW00023190,2017-04-13,34.4241,-119.84249,2.5,"SANTA BARBARA MUNICIPAL AIRPORT, CA US",5,206,94,34,74,36,100
USW00023190,2017-04-14,34.4241,-119.84249,2.5,"SANTA BARBARA MUNICIPAL AIRPORT, CA US",0,228,100,30,47,17,86
USW00023190,2017-04-15,34.4241,-119.84249,2.5,"SANTA BARBARA MUNICIPAL AIRPORT, CA US",0,211,67,17,67,35,97
USW00023190,2017-04-16,34.4241,-119.84249,2.5,"SANTA BARBARA MUNICIPAL AIRPORT, CA US",0,189,83,27,80,61,93
USW00023190,2017-04-17,34.4241,-119.84249,2.5,"SANTA BARBARA MUNICIPAL AIRPORT, CA US",13,189,111,24,94,81,100
USW00023190,2017-04-18,34.4241,-119.84249,2.5,"SANTA BARBARA MUNICIPAL AIRPORT, CA US",46,200,117,24,95,81,100
USW00023190,2017-04-19,34.4241,-119.84249,2.5,"SANTA BARBARA MUNICIPAL AIRPORT, CA US",0,244,94,26,76,45,100
USW00023190,2017-04-20,34.4241,-119.84249,2.5,"SANTA BARBARA MUNICIPAL AIRPORT, CA US",0,283,117,45,35,19,74
USW00023190,2017-04-21,34.4241,-119.84249,2.5,"SANTA BARBARA MUNICIPAL AIRPORT, CA US",0,289,106,20,56,16,93
USW00023190,2017-04-22,34.4241,-119.84249,2.5,"SANTA BARBARA MUNICIPAL AIRPORT, CA US",0,267,106,19,72,39,89
USW00023190,2017-04-23,34.4241,-119.84249,2.5,"SANTA BARBARA MUNICIPAL AIRPORT, CA US",0,250,111,29,68,42,93
USW00023190,2017-04-24,34.4241,-119.84249,2.5,"SANTA BARBARA MUNICIPAL AIRPORT, CA US",0,244,100,39,65,43,90
USW00023190,2017-04-25,34.4241,-119.84249,2.5,"SANTA BARBARA MUNICIPAL AIRPORT, CA US",0,239,117,54,59,38,80
USW00023190,2017-04-26,34.4241,-119.84249,2.5,"SANTA BARBARA MUNICIPAL AIRPORT, CA US",0,272,139,47,59,41,84
USW00023190,2017-04-27,34.4241,-119.84249,2.5,"SANTA BARBARA MUNICIPAL AIRPORT, CA US",0,283,133,53,52,31,87
USW00023190,2017-04-28,34.4241,-119.84249,2.5,"SANTA BARBARA MUNICIPAL AIRPORT, CA US",0,294,133,48,28,8,58
USW00023190,2017-04-29,34.4241,-119.84249,2.5,"SANTA BARBARA MUNICIPAL AIRPORT, CA US",0,250,94,23,46,17,89
USW00023190,2017-04-30,34.4241,-119.84249,2.5,"SANTA BARBARA MUNICIPAL AIRPORT, CA US",0,233,89,16,68,29,93
USW00023190,2017-05-01,34.4241,-119.84249,2.5,"SANTA BARBARA MUNICIPAL AIRPORT, CA US",0,239,94,21,74,41,100
USW00023190,2017-05-02,34.4241,-119.84249,2.5,"SANTA BARBARA MUNICIPAL AIRPORT, CA US",0,239,111,22,74,38,97
USW00023190,2017-05-03,34.4241,-119.84249,2.5,"SANTA BARBARA MUNICIPAL AIRPORT, CA US",0,206,117,31,89,68,100
USW00023190,2017-05-04,34.4241,-119.84249,2.5,"SANTA BARBARA MUNICIPAL AIRPORT, CA US",0,178,122,31,91,80,100
USW00023190,2017-05-05,34.4241,-119.84249,2.5,"SANTA BARBARA MUNICIPAL AIRPORT, CA US",0,156,122,20,94,87,100
USW00023190,2017-05-06,34.4241,-119.84249,2.5,"SANTA BARBARA MUNICIPAL AIRPORT, CA US",0,189,83,44,63,34,87
USW00023190,2017-05-07,34.4241,-119.84249,2.5,"SANTA BARBARA MUNICIPAL AIRPORT, CA US",30,161,83,22,82,60,97
USW00023190,2017-05-08,34.4241,-119.84249,2.5,"SANTA BARBARA MUNICIPAL AIRPORT, CA US",0,233,72,22,78,50,100
USW00023190,2017-05-09,34.4241,-119.84249,2.5,"SANTA BARBARA MUNICIPAL AIRPORT, CA US",0,178,106,35,83,73,100
USW00023190,2017-05-10,34.4241,-119.84249,2.5,"SANTA BARBARA MUNICIPAL AIRPORT, CA US",0,189,139,31,80,68,93
USW00023190,2017-05-11,34.4241,-119.84249,2.5,"SANTA BARBARA MUNICIPAL AIRPORT, CA US",0,194,106,27,85,65,100
USW00023190,2017-05-12,34.4241,-119.84249,2.5,"SANTA BARBARA MUNICIPAL AIRPORT, CA US",0,206,94,26,72,37,100
USW00023190,2017-05-13,34.4241,-119.84249,2.5,"SANTA BARBARA MUNICIPAL AIRPORT, CA US",0,250,122,46,40,23,52
USW00023190,2017-05-14,34.4241,-119.84249,2.5,"SANTA BARBARA MUNICIPAL AIRPORT, CA US",0,206,72,31,59,38,80
USW00023190,2017-05-15,34.4241,-119.84249,2.5,"SANTA BARBARA MUNICIPAL AIRPORT, CA US",0,211,89,33,59,41,83
USW00023190,2017-05-16,34.4241,-119.84249,2.5,"SANTA BARBARA MUNICIPAL AIRPORT, CA US",0,183,83,29,72,54,93
USW00023190,2017-05-17,34.4241,-119.84249,2.5,"SANTA BARBARA MUNICIPAL AIRPORT, CA US",0,233,100,43,60,20,96
USW00023190,2017-05-18,34.4241,-119.84249,2.5,"SANTA BARBARA MUNICIPAL AIRPORT, CA US",0,217,106,22,77,28,97
USW00023190,2017-05-19,34.4241,-119.84249,2.5,"SANTA BARBARA MUNICIPAL AIRPORT, CA US",0,278,100,25,55,17,93
USW00023190,2017-05-20,34.4241,-119.84249,2.5,"SANTA BARBARA MUNICIPAL AIRPORT, CA US",0,278,117,22,70,25,97
USW00023190,2017-05-21,34.4241,-119.84249,2.5,"SANTA BARBARA MUNICIPAL AIRPORT, CA US",0,228,122,24,82,55,100
USW00023190,2017-05-22,34.4241,-119.84249,2.5,"SANTA BARBARA MUNICIPAL AIRPORT, CA US",0,189,122,31,87,68,100
USW00023190,2017-05-23,34.4241,-119.84249,2.5,"SANTA BARBARA MUNICIPAL AIRPORT, CA US",0,200,111,27,88,63,100
USW00023190,2017-05-24,34.4241,-119.84249,2.5,"SANTA BARBARA MUNICIPAL AIRPORT, CA US",0,178,111,41,87,75,100
USW00023190,2017-05-25,34.4241,-119.84249,2.5,"SANTA BARBARA MUNICIPAL AIRPORT, CA US",0,189,128,22,77,58,93
USW00023190,2017-05-26,34.4241,-119.84249,2.5,"SANTA BARBARA MUNICIPAL AIRPORT, CA US",0,206,133,22,76,59,97
USW00023190,2017-05-27,34.4241,-119.84249,2.5,"SANTA BARBARA MUNICIPAL AIRPORT, CA US",0,206,100,25,79,61,96
USW00023190,2017-05-28,34.4241,-119.84249,2.5,"SANTA BARBARA MUNICIPAL AIRPORT, CA US",0,211,100,22,81,57,100
USW00023190,2017-05-29,34.4241,-119.84249,2.5,"SANTA BARBARA MUNICIPAL AIRPORT, CA US",0,200,111,30,87,68,100
USW00023190,2017-05-30,34.4241,-119.84249,2.5,"SANTA BARBARA MUNICIPAL AIRPORT, CA US",0,183,128,26,87,70,96
USW00023190,2017-05-31,34.4241,-119.84249,2.5,"SANTA BARBARA MUNICIPAL AIRPORT, CA US",0,194,128,25,82,70,93
USW00023190,2017-06-01,34.4241,-119.84249,2.5,"SANTA BARBARA MUNICIPAL AIRPORT, CA US",0,206,117,24,82,63,97
USW00023190,2017-06-02,34.4241,-119.84249,2.5,"SANTA BARBARA MUNICIPAL AIRPORT, CA US",0,206,122,23,86,71,97
USW00023190,2017-06-03,34.4241,-119.84249,2.5,"SANTA BARBARA MUNICIPAL AIRPORT, CA US",0,200,139,32,90,76,100
USW00023190,2017-06-04,34.4241,-119.84249,2.5,"SANTA BARBARA MUNICIPAL AIRPORT, CA US",0,189,133,22,89,75,100
USW00023190,2017-06-05,34.4241,-119.84249,2.5,"SANTA BARBARA MUNICIPAL AIRPORT, CA US",0,200,139,26,86,73,97
USW00023190,2017-06-06,34.4241,-119.84249,2.5,"SANTA BARBARA MUNICIPAL AIRPORT, CA US",0,194,139,24,87,71,96
USW00023190,2017-06-07,34.4241,-119.84249,2.5,"SANTA BARBARA MUNICIPAL AIRPORT, CA US",0,189,139,24,89,75,100
USW00023190,2017-06-08,34.4241,-119.84249,2.5,"SANTA BARBARA MUNICIPAL AIRPORT, CA US",0,211,139,28,77,59,97
USW00023190,2017-06-09,34.4241,-119.84249,2.5,"SANTA BARBARA MUNICIPAL AIRPORT, CA US",0,233,128,38,76,53,96
USW00023190,2017-06-10,34.4241,-119.84249,2.5,"SANTA BARBARA MUNICIPAL AIRPORT, CA US",0,217,117,21,73,59,93
USW00023190,2017-06-11,34.4241,-119.84249,2.5,"SANTA BARBARA MUNICIPAL AIRPORT, CA US",0,244,100,43,55,35,86
USW00023190,2017-06-12,34.4241,-119.84249,2.5,"SANTA BARBARA MUNICIPAL AIRPORT, CA US",0,261,128,60,47,29,65
USW00023190,2017-06-13,34.4241,-119.84249,2.5,"SANTA BARBARA MUNICIPAL AIRPORT, CA US",0,250,89,18,73,35,93
USW00023190,2017-06-14,34.4241,-119.84249,2.5,"SANTA BARBARA MUNICIPAL AIRPORT, CA US",0,250,106,21,76,46,93
USW00023190,2017-06-15,34.4241,-119.84249,2.5,"SANTA BARBARA MUNICIPAL AIRPORT, CA US",0,239,111,20,79,56,100
USW00023190,2017-06-16,34.4241,-119.84249,2.5,"SANTA BARBARA MUNICIPAL AIRPORT, CA US",0,256,122,21,76,48,97
USW00023190,2017-06-17,34.4241,-119.84249,2.5,"SANTA BARBARA MUNICIPAL AIRPORT, CA US",0,217,144,24,87,70,100
USW00023190,2017-06-18,34.4241,-119.84249,2.5,"SANTA BARBARA MUNICIPAL AIRPORT, CA US",0,217,144,27,89,73,100
USW00023190,2017-06-19,34.4241,-119.84249,2.5,"SANTA BARBARA MUNICIPAL AIRPORT, CA US",0,217,144,28,86,65,100
USW00023190,2017-06-20,34.4241,-119.84249,2.5,"SANTA BARBARA MUNICIPAL AIRPORT, CA US",0,233,156,26,86,66,100
USW00023190,2017-06-21,34.4241,-119.84249,2.5,"SANTA BARBARA MUNICIPAL AIRPORT, CA US",0,239,144,16,82,59,96
USW00023190,2017-06-22,34.4241,-119.84249,2.5,"SANTA BARBARA MUNICIPAL AIRPORT, CA US",0,217,139,31,89,76,100
USW00023190,2017-06-23,34.4241,-119.84249,2.5,"SANTA BARBARA MUNICIPAL AIRPORT, CA US",0,200,156,35,91,75,100
USW00023190,2017-06-24,34.4241,-119.84249,2.5,"SANTA BARBARA MUNICIPAL AIRPORT, CA US",0,233,150,26,83,62,100
USW00023190,2017-06-25,34.4241,-119.84249,2.5,"SANTA BARBARA MUNICIPAL AIRPORT, CA US",0,261,133,22,81,54,100
USW00023190,2017-06-26,34.4241,-119.84249,2.5,"SANTA BARBARA MUNICIPAL AIRPORT, CA US",0,300,128,23,75,42,100
USW00023190,2017-06-27,34.4241,-119.84249,2.5,"SANTA BARBARA MUNICIPAL AIRPORT, CA US",0,244,117,26,79,53,96
USW00023190,2017-06-28,34.4241,-119.84249,2.5,"SANTA BARBARA MUNICIPAL AIRPORT, CA US",0,222,128,25,83,59,100
USW00023190,2017-06-29,34.4241,-119.84249,2.5,"SANTA BARBARA MUNICIPAL AIRPORT, CA US",0,206,139,26,84,68,97
USW00023190,2017-06-30,34.4241,-119.84249,2.5,"SANTA BARBARA MUNICIPAL AIRPORT, CA US",0,206,128,27,83,63,100
USW00023190,2017-07-01,34.4241,-119.84249,2.5,"SANTA BARBARA MUNICIPAL AIRPORT, CA US",0,206,117,23,85,66,100
USW00023190,2017-07-02,34.4241,-119.84249,2.5,"SANTA BARBARA MUNICIPAL AIRPORT, CA US",0,222,133,23,83,64,100
USW00023190,2017-07-03,34.4241,-119.84249,2.5,"SANTA BARBARA MUNICIPAL AIRPORT, CA US",0,222,117,23,86,66,100
USW00023190,2017-07-04,34.4241,-119.84249,2.5,"SANTA BARBARA MUNICIPAL AIRPORT, CA US",0,217,117,24,88,68,100
USW00023190,2017-07-05,34.4241,-119.84249,2.5,"SANTA BARBARA MUNICIPAL AIRPORT, CA US",0,244,133,23,80,58,97
USW00023190,2017-07-06,34.4241,-119.84249,2.5,"SANTA BARBARA MUNICIPAL AIRPORT, CA US",0,244,150,25,80,60,93
USW00023190,2017-07-07,34.4241,-119.84249,2.5,"SANTA BARBARA MUNICIPAL AIRPORT, CA US",0,250,161,28,80,64,97
USW00023190,2017-07-08,34.4241,-119.84249,2.5,"SANTA BARBARA MUNICIPAL AIRPORT, CA US",0,294,156,20,72,40,96
USW00023190,2017-07-09,34.4241,-119.84249,2.5,"SANTA BARBARA MUNICIPAL AIRPORT, CA US",10,261,161,21,82,66,93
USW00023190,2017-07-10,34.4241,-119.84249,2.5,"SANTA BARBARA MUNICIPAL AIRPORT, CA US",0,256,167,18,81,60,97
USW00023190,2017-07-11,34.4241,-119.84249,2.5,"SANTA BARBARA MUNICIPAL AIRPORT, CA US",0,239,156,25,86,48,100
USW00023190,2017-07-12,34.4241,-119.84249,2.5,"SANTA BARBARA MUNICIPAL AIRPORT, CA US",0,233,156,25,81,50,100
USW00023190,2017-07-13,34.4241,-119.84249,2.5,"SANTA BARBARA MUNICIPAL AIRPORT, CA US",0,217,156,28,89,73,100
USW00023190,2017-07-14,34.4241,-119.84249,2.5,"SANTA BARBARA MUNICIPAL AIRPORT, CA US",0,200,150,20,91,79,100
USW00023190,2017-07-15,34.4241,-119.84249,2.5,"SANTA BARBARA MUNICIPAL AIRPORT, CA US",0,256,133,17,81,50,100
USW00023190,2017-07-16,34.4241,-119.84249,2.5,"SANTA BARBARA MUNICIPAL AIRPORT, CA US",0,244,161,20,78,60,97
USW00023190,2017-07-17,34.4241,-119.84249,2.5,"SANTA BARBARA MUNICIPAL AIRPORT, CA US",0,244,161,25,89,72,100
USW00023190,2017-07-18,34.4241,-119.84249,2.5,"SANTA BARBARA MUNICIPAL AIRPORT, CA US",0,228,161,24,89,73,100
USW00023190,2017-07-19,34.4241,-119.84249,2.5,"SANTA BARBARA MUNICIPAL AIRPORT, CA US",0,228,167,24,85,64,100
USW00023190,2017-07-20,34.4241,-119.84249,2.5,"SANTA BARBARA MUNICIPAL AIRPORT, CA US",0,244,133,24,80,55,100
USW00023190,2017-07-21,34.4241,-119.84249,2.5,"SANTA BARBARA MUNICIPAL AIRPORT, CA US",0,233,139,26,81,61,97
USW00023190,2017-07-22,34.4241,-119.84249,2.5,"SANTA BARBARA MUNICIPAL AIRPORT, CA US",0,233,139,26,85,64,97
USW00023190,2017-07-23,34.4241,-119.84249,2.5,"SANTA BARBARA MUNICIPAL AIRPORT, CA US",0,222,150,24,91,73,100
USW00023190,2017-07-24,34.4241,-119.84249,2.5,"SANTA BARBARA MUNICIPAL AIRPORT, CA US",0,233,161,27,87,71,100
USW00023190,2017-07-25,34.4241,-119.84249,2.5,"SANTA BARBARA MUNICIPAL AIRPORT, CA US",0,228,161,27,84,66,100
USW00023190,2017-07-26,34.4241,-119.84249,2.5,"SANTA BARBARA MUNICIPAL AIRPORT, CA US",0,233,156,31,82,64,93
USW00023190,2017-07-27,34.4241,-119.84249,2.5,"SANTA BARBARA MUNICIPAL AIRPORT, CA US",0,239,161,27,83,64,96
USW00023190,2017-07-28,34.4241,-119.84249,2.5,"SANTA BARBARA MUNICIPAL AIRPORT, CA US",0,222,167,28,88,73,97
USW00023190,2017-07-29,34.4241,-119.84249,2.5,"SANTA BARBARA MUNICIPAL AIRPORT, CA US",0,222,161,27,87,73,100
USW00023190,2017-07-30,34.4241,-119.84249,2.5,"SANTA BARBARA MUNICIPAL AIRPORT, CA US",0,211,161,33,88,73,97
USW00023190,2017-07-31,34.4241,-119.84249,2.5,"SANTA BARBARA MUNICIPAL AIRPORT, CA US",0,233,161,20,83,64,97
USW00023190,2017-08-01,34.4241,-119.84249,2.5,"SANTA BARBARA MUNICIPAL AIRPORT, CA US",0,244,161,27,79,58,93
USW00023190,2017-08-02,34.4241,-119.84249,2.5,"SANTA BARBARA MUNICIPAL AIRPORT, CA US",3,289,183,20,76,53,93
USW00023190,2017-08-03,34.4241,-119.84249,2.5,"SANTA BARBARA MUNICIPAL AIRPORT, CA US",0,283,189,21,76,49,97
USW00023190,2017-08-04,34.4241,-119.84249,2.5,"SANTA BARBARA MUNICIPAL AIRPORT, CA US",0,261,178,29,83,64,100
USW00023190,2017-08-05,34.4241,-119.84249,2.5,"SANTA BARBARA MUNICIPAL AIRPORT, CA US",0,233,167,28,86,73,97
USW00023190,2017-08-06,34.4241,-119.84249,2.5,"SANTA BARBARA MUNICIPAL AIRPORT, CA US",0,244,156,22,83,64,97
USW00023190,2017-08-07,34.4241,-119.84249,2.5,"SANTA BARBARA MUNICIPAL AIRPORT, CA US",0,250,144,25,81,60,96
USW00023190,2017-08-08,34.4241,-119.84249,2.5,"SANTA BARBARA MUNICIPAL AIRPORT, CA US",0,250,156,26,78,58,93
USW00023190,2017-08-09,34.4241,-119.84249,2.5,"SANTA BARBARA MUNICIPAL AIRPORT, CA US",0,250,156,24,80,60,93
USW00023190,2017-08-10,34.4241,-119.84249,2.5,"SANTA BARBARA MUNICIPAL AIRPORT, CA US",0,256,161,30,79,58,93
USW00023190,2017-08-11,34.4241,-119.84249,2.5,"SANTA BARBARA MUNICIPAL AIRPORT, CA US",0,244,156,27,82,58,93
USW00023190,2017-08-12,34.4241,-119.84249,2.5,"SANTA BARBARA MUNICIPAL AIRPORT, CA US",0,228,144,27,86,71,100
USW00023190,2017-08-13,34.4241,-119.84249,2.5,"SANTA BARBARA MUNICIPAL AIRPORT, CA US",0,217,161,26,85,73,96
USW00023190,2017-08-14,34.4241,-119.84249,2.5,"SANTA BARBARA MUNICIPAL AIRPORT, CA US",0,217,156,24,87,71,100
USW00023190,2017-08-15,34.4241,-119.84249,2.5,"SANTA BARBARA MUNICIPAL AIRPORT, CA US",0,239,144,28,72,55,97
USW00023190,2017-08-16,34.4241,-119.84249,2.5,"SANTA BARBARA MUNICIPAL AIRPORT, CA US",0,233,144,24,74,57,90
USW00023190,2017-08-17,34.4241,-119.84249,2.5,"SANTA BARBARA MUNICIPAL AIRPORT, CA US",0,233,150,30,80,62,93
USW00023190,2017-08-18,34.4241,-119.84249,2.5,"SANTA BARBARA MUNICIPAL AIRPORT, CA US",0,228,139,27,84,64,96
USW00023190,2017-08-19,34.4241,-119.84249,2.5,"SANTA BARBARA MUNICIPAL AIRPORT, CA US",0,228,167,29,85,68,93
USW00023190,2017-08-20,34.4241,-119.84249,2.5,"SANTA BARBARA MUNICIPAL AIRPORT, CA US",0,233,150,22,81,66,93
USW00023190,2017-08-21,34.4241,-119.84249,2.5,"SANTA BARBARA MUNICIPAL AIRPORT, CA US",0,239,150,27,76,60,93
USW00023190,2017-08-22,34.4241,-119.84249,2.5,"SANTA BARBARA MUNICIPAL AIRPORT, CA US",0,244,128,24,81,58,96
USW00023190,2017-08-23,34.4241,-119.84249,2.5,"SANTA BARBARA MUNICIPAL AIRPORT, CA US",0,222,172,35,85,71,93
USW00023190,2017-08-24,34.4241,-119.84249,2.5,"SANTA BARBARA MUNICIPAL AIRPORT, CA US",0,222,167,27,85,71,96
USW00023190,2017-08-25,34.4241,-119.84249,2.5,"SANTA BARBARA MUNICIPAL AIRPORT, CA US",0,222,167,22,90,76,100
USW00023190,2017-08-26,34.4241,-119.84249,2.5,"SANTA BARBARA MUNICIPAL AIRPORT, CA US",0,228,161,18,92,79,100
USW00023190,2017-08-27,34.4241,-119.84249,2.5,"SANTA BARBARA MUNICIPAL AIRPORT, CA US",0,222,156,22,88,73,100
USW00023190,2017-08-28,34.4241,-119.84249,2.5,"SANTA BARBARA MUNICIPAL AIRPORT, CA US",0,239,172,29,86,67,97
USW00023190,2017-08-29,34.4241,-119.84249,2.5,"SANTA BARBARA MUNICIPAL AIRPORT, CA US",0,272,172,19,80,52,96
USW00023190,2017-08-30,34.4241,-119.84249,2.5,"SANTA BARBARA MUNICIPAL AIRPORT, CA US",0,267,172,21,78,54,93
USW00023190,2017-08-31,34.4241,-119.84249,2.5,"SANTA BARBARA MUNICIPAL AIRPORT, CA US",0,306,178,20,75,46,93
USW00023190,2017-09-01,34.4241,-119.84249,2.5,"SANTA BARBARA MUNICIPAL AIRPORT, CA US",0,306,172,20,71,48,97
USW00023190,2017-09-02,34.4241,-119.84249,2.5,"SANTA BARBARA MUNICIPAL AIRPORT, CA US",0,317,200,27,72,51,90
USW00023190,2017-09-03,34.4241,-119.84249,2.5,"SANTA BARBARA MUNICIPAL AIRPORT, CA US",15,361,211,18,69,34,94
USW00023190,2017-09-04,34.4241,-119.84249,2.5,"SANTA BARBARA MUNICIPAL AIRPORT, CA US",3,239,217,30,88,79,97
USW00023190,2017-09-05,34.4241,-119.84249,2.5,"SANTA BARBARA MUNICIPAL AIRPORT, CA US",0,261,172,32,83,67,96
USW00023190,2017-09-06,34.4241,-119.84249,2.5,"SANTA BARBARA MUNICIPAL AIRPORT, CA US",0,250,167,28,84,62,100
USW00023190,2017-09-07,34.4241,-119.84249,2.5,"SANTA BARBARA MUNICIPAL AIRPORT, CA US",0,267,150,22,82,52,97
USW00023190,2017-09-08,34.4241,-119.84249,2.5,"SANTA BARBARA MUNICIPAL AIRPORT, CA US",0,250,144,26,82,58,97
USW00023190,2017-09-09,34.4241,-119.84249,2.5,"SANTA BARBARA MUNICIPAL AIRPORT, CA US",0,233,144,27,84,68,96
USW00023190,2017-09-10,34.4241,-119.84249,2.5,"SANTA BARBARA MUNICIPAL AIRPORT, CA US",33,244,133,20,86,69,97
USW00023190,2017-09-11,34.4241,-119.84249,2.5,"SANTA BARBARA MUNICIPAL AIRPORT, CA US",5,278,183,30,84,60,100
USW00023190,2017-09-12,34.4241,-119.84249,2.5,"SANTA BARBARA MUNICIPAL AIRPORT, CA US",0,239,167,34,85,67,100
USW00023190,2017-09-13,34.4241,-119.84249,2.5,"SANTA BARBARA MUNICIPAL AIRPORT, CA US",0,233,167,33,83,57,97
USW00023190,2017-09-14,34.4241,-119.84249,2.5,"SANTA BARBARA MUNICIPAL AIRPORT, CA US",0,239,150,28,78,58,93
USW00023190,2017-09-15,34.4241,-119.84249,2.5,"SANTA BARBARA MUNICIPAL AIRPORT, CA US",0,233,133,23,79,57,97
USW00023190,2017-09-16,34.4241,-119.84249,2.5,"SANTA BARBARA MUNICIPAL AIRPORT, CA US",0,233,117,21,79,59,93
USW00023190,2017-09-17,34.4241,-119.84249,2.5,"SANTA BARBARA MUNICIPAL AIRPORT, CA US",0,217,144,22,84,73,97
USW00023190,2017-09-18,34.4241,-119.84249,2.5,"SANTA BARBARA MUNICIPAL AIRPORT, CA US",0,222,122,25,83,66,97
USW00023190,2017-09-19,34.4241,-119.84249,2.5,"SANTA BARBARA MUNICIPAL AIRPORT, CA US",0,228,128,16,82,63,97
USW00023190,2017-09-20,34.4241,-119.84249,2.5,"SANTA BARBARA MUNICIPAL AIRPORT, CA US",0,244,111,24,78,64,97
USW00023190,2017-09-21,34.4241,-119.84249,2.5,"SANTA BARBARA MUNICIPAL AIRPORT, CA US",0,250,128,51,59,34,90
USW00023190,2017-09-22,34.4241,-119.84249,2.5,"SANTA BARBARA MUNICIPAL AIRPORT, CA US",0,222,100,29,60,42,72
USW00023190,2017-09-23,34.4241,-119.84249,2.5,"SANTA BARBARA MUNICIPAL AIRPORT, CA US",0,228,83,17,77,43,97
USW00023190,2017-09-24,34.4241,-119.84249,2.5,"SANTA BARBARA MUNICIPAL AIRPORT, CA US",0,250,89,21,59,25,87
USW00023190,2017-09-25,34.4241,-119.84249,2.5,"SANTA BARBARA MUNICIPAL AIRPORT, CA US",0,272,94,13,58,22,90
USW00023190,2017-09-26,34.4241,-119.84249,2.5,"SANTA BARBARA MUNICIPAL AIRPORT, CA US",0,283,106,13,59,20,86
USW00023190,2017-09-27,34.4241,-119.84249,2.5,"SANTA BARBARA MUNICIPAL AIRPORT, CA US",0,250,106,22,74,50,100
USW00023190,2017-09-28,34.4241,-119.84249,2.5,"SANTA BARBARA MUNICIPAL AIRPORT, CA US",0,233,117,19,86,62,100
USW00023190,2017-09-29,34.4241,-119.84249,2.5,"SANTA BARBARA MUNICIPAL AIRPORT, CA US",0,267,111,23,82,42,100
USW00023190,2017-09-30,34.4241,-119.84249,2.5,"SANTA BARBARA MUNICIPAL AIRPORT, CA US",0,228,133,23,82,71,93
USW00023190,2017-10-01,34.4241,-119.84249,2.5,"SANTA BARBARA MUNICIPAL AIRPORT, CA US",0,222,106,17,87,66,100
USW00023190,2017-10-02,34.4241,-119.84249,2.5,"SANTA BARBARA MUNICIPAL AIRPORT, CA US",0,228,117,19,80,61,100
USW00023190,2017-10-03,34.4241,-119.84249,2.5,"SANTA BARBARA MUNICIPAL AIRPORT, CA US",0,211,100,10,77,54,100
USW00023190,2017-10-04,34.4241,-119.84249,2.5,"SANTA BARBARA MUNICIPAL AIRPORT, CA US",0,239,72,14,57,22,84
USW00023190,2017-10-05,34.4241,-119.84249,2.5,"SANTA BARBARA MUNICIPAL AIRPORT, CA US",0,250,72,15,63,30,93
USW00023190,2017-10-06,34.4241,-119.84249,2.5,"SANTA BARBARA MUNICIPAL AIRPORT, CA US",0,311,78,17,53,13,90
USW00023190,2017-10-07,34.4241,-119.84249,2.5,"SANTA BARBARA MUNICIPAL AIRPORT, CA US",0,283,100,9,69,27,97
USW00023190,2017-10-08,34.4241,-119.84249,2.5,"SANTA BARBARA MUNICIPAL AIRPORT, CA US",0,222,94,20,82,68,93
USW00023190,2017-10-09,34.4241,-119.84249,2.5,"SANTA BARBARA MUNICIPAL AIRPORT, CA US",0,261,117,24,71,27,93
USW00023190,2017-10-10,34.4241,-119.84249,2.5,"SANTA BARBARA MUNICIPAL AIRPORT, CA US",0,222,89,21,78,49,96
USW00023190,2017-10-11,34.4241,-119.84249,2.5,"SANTA BARBARA MUNICIPAL AIRPORT, CA US",0,222,94,17,81,64,97
USW00023190,2017-10-12,34.4241,-119.84249,2.5,"SANTA BARBARA MUNICIPAL AIRPORT, CA US",0,222,117,19,79,47,96
USW00023190,2017-10-13,34.4241,-119.84249,2.5,"SANTA BARBARA MUNICIPAL AIRPORT, CA US",0,222,83,11,79,51,96
USW00023190,2017-10-14,34.4241,-119.84249,2.5,"SANTA BARBARA MUNICIPAL AIRPORT, CA US",0,244,78,14,73,41,96
USW00023190,2017-10-15,34.4241,-119.84249,2.5,"SANTA BARBARA MUNICIPAL AIRPORT, CA US",0,294,78,19,49,20,83
USW00023190,2017-10-16,34.4241,-119.84249,2.5,"SANTA BARBARA MUNICIPAL AIRPORT, CA US",0,306,83,14,52,14,87
USW00023190,2017-10-17,34.4241,-119.84249,2.5,"SANTA BARBARA MUNICIPAL AIRPORT, CA US",0,344,111,18,51,19,78
USW00023190,2017-10-18,34.4241,-119.84249,2.5,"SANTA BARBARA MUNICIPAL AIRPORT, CA US",0,289,144,27,69,38,90
USW00023190,2017-10-19,34.4241,-119.84249,2.5,"SANTA BARBARA MUNICIPAL AIRPORT, CA US",0,283,100,25,66,41,96
USW00023190,2017-10-20,34.4241,-119.84249,2.5,"SANTA BARBARA MUNICIPAL AIRPORT, CA US",0,261,144,60,55,29,73
USW00023190,2017-10-21,34.4241,-119.84249,2.5,"SANTA BARBARA MUNICIPAL AIRPORT, CA US",0,233,83,20,61,24,90
USW00023190,2017-10-22,34.4241,-119.84249,2.5,"SANTA BARBARA MUNICIPAL AIRPORT, CA US",0,278,78,11,60,18,84
USW00023190,2017-10-23,34.4241,-119.84249,2.5,"SANTA BARBARA MUNICIPAL AIRPORT, CA US",0,356,94,13,47,9,93
USW00023190,2017-10-24,34.4241,-119.84249,2.5,"SANTA BARBARA MUNICIPAL AIRPORT, CA US",0,356,128,16,33,10,65
USW00023190,2017-10-25,34.4241,-119.84249,2.5,"SANTA BARBARA MUNICIPAL AIRPORT, CA US",0,361,117,15,40,9,70
USW00023190,2017-10-26,34.4241,-119.84249,2.5,"SANTA BARBARA MUNICIPAL AIRPORT, CA US",0,283,106,13,52,25,77
USW00023190,2017-10-27,34.4241,-119.84249,2.5,"SANTA BARBARA MUNICIPAL AIRPORT, CA US",0,239,94,17,81,51,100
USW00023190,2017-10-28,34.4241,-119.84249,2.5,"SANTA BARBARA MUNICIPAL AIRPORT, CA US",0,189,117,20,92,81,100
USW00023190,2017-10-29,34.4241,-119.84249,2.5,"SANTA BARBARA MUNICIPAL AIRPORT, CA US",0,178,144,26,87,78,100
USW00023190,2017-10-30,34.4241,-119.84249,2.5,"SANTA BARBARA MUNICIPAL AIRPORT, CA US",0,206,139,21,79,68,93
USW00023190,2017-10-31,34.4241,-119.84249,2.5,"SANTA BARBARA MUNICIPAL AIRPORT, CA US",0,200,156,21,72,63,81
USW00023190,2017-11-01,34.4241,-119.84249,2.5,"SANTA BARBARA MUNICIPAL AIRPORT, CA US",0,211,144,20,70,55,83
USW00023190,2017-11-02,34.4241,-119.84249,2.5,"SANTA BARBARA MUNICIPAL AIRPORT, CA US",0,200,150,16,68,51,78
USW00023190,2017-11-03,34.4241,-119.84249,2.5,"SANTA BARBARA MUNICIPAL AIRPORT, CA US",0,211,106,18,73,59,93
USW00023190,2017-11-04,34.4241,-119.84249,2.5,"SANTA BARBARA MUNICIPAL AIRPORT, CA US",0,217,89,31,81,57,93
USW00023190,2017-11-05,34.4241,-119.84249,2.5,"SANTA BARBARA MUNICIPAL AIRPORT, CA US",0,217,111,25,68,39,93
USW00023190,2017-11-06,34.4241,-119.84249,2.5,"SANTA BARBARA MUNICIPAL AIRPORT, CA US",0,189,106,15,72,62,89
USW00023190,2017-11-07,34.4241,-119.84249,2.5,"SANTA BARBARA MUNICIPAL AIRPORT, CA US",0,217,89,15,70,41,93
USW00023190,2017-11-08,34.4241,-119.84249,2.5,"SANTA BARBARA MUNICIPAL AIRPORT, CA US",0,222,83,13,76,39,93
USW00023190,2017-11-09,34.4241,-119.84249,2.5,"SANTA BARBARA MUNICIPAL AIRPORT, CA US",0,211,94,22,89,70,100
USW00023190,2017-11-10,34.4241,-119.84249,2.5,"SANTA BARBARA MUNICIPAL AIRPORT, CA US",0,200,83,15,87,59,100
USW00023190,2017-11-11,34.4241,-119.84249,2.5,"SANTA BARBARA MUNICIPAL AIRPORT, CA US",0,200,72,8,86,59,100
USW00023190,2017-11-12,34.4241,-119.84249,2.5,"SANTA BARBARA MUNICIPAL AIRPORT, CA US",0,200,83,8,85,59,97
USW00023190,2017-11-13,34.4241,-119.84249,2.5,"SANTA BARBARA MUNICIPAL AIRPORT, CA US",0,206,61,14,84,57,100
USW00023190,2017-11-14,34.4241,-119.84249,2.5,"SANTA BARBARA MUNICIPAL AIRPORT, CA US",0,228,89,20,78,61,97
USW00023190,2017-11-15,34.4241,-119.84249,2.5,"SANTA BARBARA MUNICIPAL AIRPORT, CA US",0,233,94,14,76,43,93
USW00023190,2017-11-16,34.4241,-119.84249,2.5,"SANTA BARBARA MUNICIPAL AIRPORT, CA US",18,200,133,13,88,68,97
USW00023190,2017-11-17,34.4241,-119.84249,2.5,"SANTA BARBARA MUNICIPAL AIRPORT, CA US",0,233,89,33,81,61,97
USW00023190,2017-11-18,34.4241,-119.84249,2.5,"SANTA BARBARA MUNICIPAL AIRPORT, CA US",0,206,61,15,76,49,100
USW00023190,2017-11-19,34.4241,-119.84249,2.5,"SANTA BARBARA MUNICIPAL AIRPORT, CA US",0,200,44,17,78,44,93
USW00023190,2017-11-20,34.4241,-119.84249,2.5,"SANTA BARBARA MUNICIPAL AIRPORT, CA US",0,211,67,15,70,45,89
USW00023190,2017-11-21,34.4241,-119.84249,2.5,"SANTA BARBARA MUNICIPAL AIRPORT, CA US",0,272,106,13,57,21,81
USW00023190,2017-11-22,34.4241,-119.84249,2.5,"SANTA BARBARA MUNICIPAL AIRPORT, CA US",0,322,94,12,56,15,96
USW00023190,2017-11-23,34.4241,-119.84249,2.5,"SANTA BARBARA MUNICIPAL AIRPORT, CA US",0,289,89,9,74,23,97
USW00023190,2017-11-24,34.4241,-119.84249,2.5,"SANTA BARBARA MUNICIPAL AIRPORT, CA US",0,233,78,14,83,61,96
USW00023190,2017-11-25,34.4241,-119.84249,2.5,"SANTA BARBARA MUNICIPAL AIRPORT, CA US",0,256,94,19,68,31,100
USW00023190,2017-11-26,34.4241,-119.84249,2.5,"SANTA BARBARA MUNICIPAL AIRPORT, CA US",0,178,122,20,93,81,100
USW00023190,2017-11-27,34.4241,-119.84249,2.5,"SANTA BARBARA MUNICIPAL AIRPORT, CA US",0,217,83,47,44,22,93
USW00023190,2017-11-28,34.4241,-119.84249,2.5,"SANTA BARBARA MUNICIPAL AIRPORT, CA US",0,200,33,8,63,37,79
USW00023190,2017-11-29,34.4241,-119.84249,2.5,"SANTA BARBARA MUNICIPAL AIRPORT, CA US",0,217,44,13,68,31,97
USW00023190,2017-11-30,34.4241,-119.84249,2.5,"SANTA BARBARA MUNICIPAL AIRPORT, CA US",0,200,28,17,78,53,100
USW00023190,2017-12-01,34.4241,-119.84249,2.5,"SANTA BARBARA MUNICIPAL AIRPORT, CA US",0,206,44,10,79,51,100
USW00023190,2017-12-02,34.4241,-119.84249,2.5,"SANTA BARBARA MUNICIPAL AIRPORT, CA US",0,200,44,9,79,53,96
USW00023190,2017-12-03,34.4241,-119.84249,2.5,"SANTA BARBARA MUNICIPAL AIRPORT, CA US",0,183,61,13,87,60,100
USW00023190,2017-12-04,34.4241,-119.84249,2.5,"SANTA BARBARA MUNICIPAL AIRPORT, CA US",0,183,22,13,72,50,97
USW00023190,2017-12-05,34.4241,-119.84249,2.5,"SANTA BARBARA MUNICIPAL AIRPORT, CA US",0,189,-16,20,57,27,72
USW00023190,2017-12-06,34.4241,-119.84249,2.5,"SANTA BARBARA MUNICIPAL AIRPORT, CA US",0,200,-5,10,54,18,89
USW00023190,2017-12-07,34.4241,-119.84249,2.5,"SANTA BARBARA MUNICIPAL AIRPORT, CA US",0,222,28,12,41,14,60
USW00023190,2017-12-08,34.4241,-119.84249,2.5,"SANTA BARBARA MUNICIPAL AIRPORT, CA US",0,217,28,11,45,16,61
USW00023190,2017-12-09,34.4241,-119.84249,2.5,"SANTA BARBARA MUNICIPAL AIRPORT, CA US",0,217,33,6,47,18,65
USW00023190,2017-12-10,34.4241,-119.84249,2.5,"SANTA BARBARA MUNICIPAL AIRPORT, CA US",0,239,56,12,41,17,58
USW00023190,2017-12-11,34.4241,-119.84249,2.5,"SANTA BARBARA MUNICIPAL AIRPORT, CA US",0,256,33,13,35,9,62
USW00023190,2017-12-12,34.4241,-119.84249,2.5,"SANTA BARBARA MUNICIPAL AIRPORT, CA US",0,239,22,9,36,10,57
USW00023190,2017-12-13,34.4241,-119.84249,2.5,"SANTA BARBARA MUNICIPAL AIRPORT, CA US",0,256,11,9,51,14,93
USW00023190,2017-12-14,34.4241,-119.84249,2.5,"SANTA BARBARA MUNICIPAL AIRPORT, CA US",0,211,11,9,65,37,83
USW00023190,2017-12-15,34.4241,-119.84249,2.5,"SANTA BARBARA MUNICIPAL AIRPORT, CA US",0,244,17,9,58,15,93
USW00023190,2017-12-16,34.4241,-119.84249,2.5,"SANTA BARBARA MUNICIPAL AIRPORT, CA US",0,206,72,22,48,24,90
USW00023190,2017-12-17,34.4241,-119.84249,2.5,"SANTA BARBARA MUNICIPAL AIRPORT, CA US",0,194,22,12,57,30,77
USW00023190,2017-12-18,34.4241,-119.84249,2.5,"SANTA BARBARA MUNICIPAL AIRPORT, CA US",0,200,11,11,48,23,73
USW00023190,2017-12-19,34.4241,-119.84249,2.5,"SANTA BARBARA MUNICIPAL AIRPORT, CA US",0,178,28,13,73,51,96
USW00023190,2017-12-20,34.4241,-119.84249,2.5,"SANTA BARBARA MUNICIPAL AIRPORT, CA US",0,183,44,29,62,25,100
USW00023190,2017-12-21,34.4241,-119.84249,2.5,"SANTA BARBARA MUNICIPAL AIRPORT, CA US",0,150,11,19,52,34,72
USW00023190,2017-12-22,34.4241,-119.84249,2.5,"SANTA BARBARA MUNICIPAL AIRPORT, CA US",0,167,-21,14,65,42,79
USW00023190,2017-12-23,34.4241,-119.84249,2.5,"SANTA BARBARA MUNICIPAL AIRPORT, CA US",0,172,6,8,62,38,77
USW00023190,2017-12-24,34.4241,-119.84249,2.5,"SANTA BARBARA MUNICIPAL AIRPORT, CA US",0,189,50,11,66,45,79
USW00023190,2017-12-25,34.4241,-119.84249,2.5,"SANTA BARBARA MUNICIPAL AIRPORT, CA US",0,172,44,10,76,53,93
USW00023190,2017-12-26,34.4241,-119.84249,2.5,"SANTA BARBARA MUNICIPAL AIRPORT, CA US",0,189,39,9,78,50,97
USW00023190,2017-12-27,34.4241,-119.84249,2.5,"SANTA BARBARA MUNICIPAL AIRPORT, CA US",0,206,39,8,76,54,100
USW00023190,2017-12-28,34.4241,-119.84249,2.5,"SANTA BARBARA MUNICIPAL AIRPORT, CA US",0,228,22,10,58,21,86
USW00023190,2017-12-29,34.4241,-119.84249,2.5,"SANTA BARBARA MUNICIPAL AIRPORT, CA US",0,244,39,12,54,17,76
USW00023190,2017-12-30,34.4241,-119.84249,2.5,"SANTA BARBARA MUNICIPAL AIRPORT, CA US",0,167,33,15,84,58,97
USW00023190,2017-12-31,34.4241,-119.84249,2.5,"SANTA BARBARA MUNICIPAL AIRPORT, CA US",0,161,67,15,84,70,100
USW00023190,2018-01-01,34.4241,-119.84249,2.5,"SANTA BARBARA MUNICIPAL AIRPORT, CA US",0,178,39,13,85,72,96
USW00023190,2018-01-02,34.4241,-119.84249,2.5,"SANTA BARBARA MUNICIPAL AIRPORT, CA US",0,200,56,12,85,61,100
USW00023190,2018-01-03,34.4241,-119.84249,2.5,"SANTA BARBARA MUNICIPAL AIRPORT, CA US",3,217,44,9,75,30,93
USW00023190,2018-01-04,34.4241,-119.84249,2.5,"SANTA BARBARA MUNICIPAL AIRPORT, CA US",48,189,128,12,78,56,93
USW00023190,2018-01-05,34.4241,-119.84249,2.5,"SANTA BARBARA MUNICIPAL AIRPORT, CA US",0,161,111,13,96,90,100
USW00023190,2018-01-06,34.4241,-119.84249,2.5,"SANTA BARBARA MUNICIPAL AIRPORT, CA US",0,167,128,13,94,84,100
USW00023190,2018-01-07,34.4241,-119.84249,2.5,"SANTA BARBARA MUNICIPAL AIRPORT, CA US",0,167,94,12,95,86,100
USW00023190,2018-01-08,34.4241,-119.84249,2.5,"SANTA BARBARA MUNICIPAL AIRPORT, CA US",46,183,139,34,89,76,100
USW00023190,2018-01-09,34.4241,-119.84249,2.5,"SANTA BARBARA MUNICIPAL AIRPORT, CA US",594,172,111,47,83,70,97
USW00023190,2018-01-10,34.4241,-119.84249,2.5,"SANTA BARBARA MUNICIPAL AIRPORT, CA US",0,206,89,27,68,45,90
USW00023190,2018-01-11,34.4241,-119.84249,2.5,"SANTA BARBARA MUNICIPAL AIRPORT, CA US",0,178,67,16,86,73,97
USW00023190,2018-01-12,34.4241,-119.84249,2.5,"SANTA BARBARA MUNICIPAL AIRPORT, CA US",0,206,61,10,84,53,100
USW00023190,2018-01-13,34.4241,-119.84249,2.5,"SANTA BARBARA MUNICIPAL AIRPORT, CA US",0,261,50,13,60,21,93
USW00023190,2018-01-14,34.4241,-119.84249,2.5,"SANTA BARBARA MUNICIPAL AIRPORT, CA US",0,256,72,8,56,19,83
USW00023190,2018-01-15,34.4241,-119.84249,2.5,"SANTA BARBARA MUNICIPAL AIRPORT, CA US",0,172,56,15,85,72,97
USW00023190,2018-01-16,34.4241,-119.84249,2.5,"SANTA BARBARA MUNICIPAL AIRPORT, CA US",0,183,72,12,87,60,100
USW00023190,2018-01-17,34.4241,-119.84249,2.5,"SANTA BARBARA MUNICIPAL AIRPORT, CA US",0,217,72,7,84,53,100
USW00023190,2018-01-18,34.4241,-119.84249,2.5,"SANTA BARBARA MUNICIPAL AIRPORT, CA US",0,211,67,12,83,55,97
USW00023190,2018-01-19,34.4241,-119.84249,2.5,"SANTA BARBARA MUNICIPAL AIRPORT, CA US",0,178,78,29,67,38,100
USW00023190,2018-01-20,34.4241,-119.84249,2.5,"SANTA BARBARA MUNICIPAL AIRPORT, CA US",0,178,67,38,48,25,68
USW00023190,2018-01-21,34.4241,-119.84249,2.5,"SANTA BARBARA MUNICIPAL AIRPORT, CA US",0,167,33,16,52,34,68
USW00023190,2018-01-22,34.4241,-119.84249,2.5,"SANTA BARBARA MUNICIPAL AIRPORT, CA US",0,178,33,23,53,30,76
USW00023190,2018-01-23,34.4241,-119.84249,2.5,"SANTA BARBARA MUNICIPAL AIRPORT, CA US",0,211,33,13,62,32,86
USW00023190,2018-01-24,34.4241,-119.84249,2.5,"SANTA BARBARA MUNICIPAL AIRPORT, CA US",0,206,28,11,65,35,86
USW00023190,2018-01-25,34.4241,-119.84249,2.5,"SANTA BARBARA MUNICIPAL AIRPORT, CA US",0,189,39,35,58,24,86
USW00023190,2018-01-26,34.4241,-119.84249,2.5,"SANTA BARBARA MUNICIPAL AIRPORT, CA US",0,172,44,24,56,31,77
USW00023190,2018-01-27,34.4241,-119.84249,2.5,"SANTA BARBARA MUNICIPAL AIRPORT, CA US",0,206,17,11,52,18,82
USW00023190,2018-01-28,34.4241,-119.84249,2.5,"SANTA BARBARA MUNICIPAL AIRPORT, CA US",0,261,33,14,46,16,73
USW00023190,2018-01-29,34.4241,-119.84249,2.5,"SANTA BARBARA MUNICIPAL AIRPORT, CA US",0,261,50,13,48,19,71
USW00023190,2018-01-30,34.4241,-119.84249,2.5,"SANTA BARBARA MUNICIPAL AIRPORT, CA US",0,250,72,7,49,18,77
USW00023190,2018-01-31,34.4241,-119.84249,2.5,"SANTA BARBARA MUNICIPAL AIRPORT, CA US",0,228,39,10,60,23,81
USW00023190,2018-02-01,34.4241,-119.84249,2.5,"SANTA BARBARA MUNICIPAL AIRPORT, CA US",0,239,44,10,57,22,79
USW00023190,2018-02-02,34.4241,-119.84249,2.5,"SANTA BARBARA MUNICIPAL AIRPORT, CA US",0,239,67,10,62,32,86
USW00023190,2018-02-03,34.4241,-119.84249,2.5,"SANTA BARBARA MUNICIPAL AIRPORT, CA US",0,217,56,17,68,35,89
USW00023190,2018-02-04,34.4241,-119.84249,2.5,"SANTA BARBARA MUNICIPAL AIRPORT, CA US",0,233,56,13,75,47,100
USW00023190,2018-02-05,34.4241,-119.84249,2.5,"SANTA BARBARA MUNICIPAL AIRPORT, CA US",0,161,56,17,92,83,100
USW00023190,2018-02-06,34.4241,-119.84249,2.5,"SANTA BARBARA MUNICIPAL AIRPORT, CA US",0,167,78,18,90,75,100
USW00023190,2018-02-07,34.4241,-119.84249,2.5,"SANTA BARBARA MUNICIPAL AIRPORT, CA US",0,189,56,15,89,61,100
USW00023190,2018-02-08,34.4241,-119.84249,2.5,"SANTA BARBARA MUNICIPAL AIRPORT, CA US",0,233,44,13,77,34,97
USW00023190,2018-02-09,34.4241,-119.84249,2.5,"SANTA BARBARA MUNICIPAL AIRPORT, CA US",0,200,50,18,79,42,100
USW00023190,2018-02-10,34.4241,-119.84249,2.5,"SANTA BARBARA MUNICIPAL AIRPORT, CA US",0,167,78,17,82,70,93
USW00023190,2018-02-11,34.4241,-119.84249,2.5,"SANTA BARBARA MUNICIPAL AIRPORT, CA US",0,200,50,22,71,33,100
USW00023190,2018-02-12,34.4241,-119.84249,2.5,"SANTA BARBARA MUNICIPAL AIRPORT, CA US",0,183,61,39,56,32,79
USW00023190,2018-02-13,34.4241,-119.84249,2.5,"SANTA BARBARA MUNICIPAL AIRPORT, CA US",0,161,83,32,69,60,83
USW00023190,2018-02-14,34.4241,-119.84249,2.5,"SANTA BARBARA MUNICIPAL AIRPORT, CA US",3,183,67,13,70,48,89
USW00023190,2018-02-15,34.4241,-119.84249,2.5,"SANTA BARBARA MUNICIPAL AIRPORT, CA US",0,200,44,22,44,28,86
USW00023190,2018-02-16,34.4241,-119.84249,2.5,"SANTA BARBARA MUNICIPAL AIRPORT, CA US",0,206,33,12,53,18,80
USW00023190,2018-02-17,34.4241,-119.84249,2.5,"SANTA BARBARA MUNICIPAL AIRPORT, CA US",0,194,44,13,63,33,82
USW00023190,2018-02-18,34.4241,-119.84249,2.5,"SANTA BARBARA MUNICIPAL AIRPORT, CA US",0,189,50,27,68,47,93
USW00023190,2018-02-19,34.4241,-119.84249,2.5,"SANTA BARBARA MUNICIPAL AIRPORT, CA US",0,144,33,62,41,24,58
USW00023190,2018-02-20,34.4241,-119.84249,2.5,"SANTA BARBARA MUNICIPAL AIRPORT, CA US",0,144,6,28,41,19,63
USW00023190,2018-02-21,34.4241,-119.84249,2.5,"SANTA BARBARA MUNICIPAL AIRPORT, CA US",0,156,17,35,46,18,73
USW00023190,2018-02-22,34.4241,-119.84249,2.5,"SANTA BARBARA MUNICIPAL AIRPORT, CA US",0,172,6,31,55,34,76
USW00023190,2018-02-23,34.4241,-119.84249,2.5,"SANTA BARBARA MUNICIPAL AIRPORT, CA US",0,167,6,48,32,15,56
USW00023190,2018-02-24,34.4241,-119.84249,2.5,"SANTA BARBARA MUNICIPAL AIRPORT, CA US",0,156,-5,17,45,20,61
USW00023190,2018-02-25,34.4241,-119.84249,2.5,"SANTA BARBARA MUNICIPAL AIRPORT, CA US",0,172,6,22,55,31,77
USW00023190,2018-02-26,34.4241,-119.84249,2.5,"SANTA BARBARA MUNICIPAL AIRPORT, CA US",0,172,22,35,63,37,86
USW00023190,2018-02-27,34.4241,-119.84249,2.5,"SANTA BARBARA MUNICIPAL AIRPORT, CA US",0,139,6,19,59,36,82
USW00023190,2018-02-28,34.4241,-119.84249,2.5,"SANTA BARBARA MUNICIPAL AIRPORT, CA US",0,144,-5,19,61,48,79
USW00023190,2018-03-01,34.4241,-119.84249,2.5,"SANTA BARBARA MUNICIPAL AIRPORT, CA US",46,139,39,28,78,59,93
USW00023190,2018-03-02,34.4241,-119.84249,2.5,"SANTA BARBARA MUNICIPAL AIRPORT, CA US",38,156,94,22,83,58,97
USW00023190,2018-03-03,34.4241,-119.84249,2.5,"SANTA BARBARA MUNICIPAL AIRPORT, CA US",41,150,67,27,72,51,96
USW00023190,2018-03-04,34.4241,-119.84249,2.5,"SANTA BARBARA MUNICIPAL AIRPORT, CA US",0,172,33,25,51,27,71
USW00023190,2018-03-05,34.4241,-119.84249,2.5,"SANTA BARBARA MUNICIPAL AIRPORT, CA US",0,200,22,13,47,15,79
USW00023190,2018-03-06,34.4241,-119.84249,2.5,"SANTA BARBARA MUNICIPAL AIRPORT, CA US",0,233,28,12,41,9,73
USW00023190,2018-03-07,34.4241,-119.84249,2.5,"SANTA BARBARA MUNICIPAL AIRPORT, CA US",0,206,50,16,63,38,83
USW00023190,2018-03-08,34.4241,-119.84249,2.5,"SANTA BARBARA MUNICIPAL AIRPORT, CA US",0,217,50,19,66,30,90
USW00023190,2018-03-09,34.4241,-119.84249,2.5,"SANTA BARBARA MUNICIPAL AIRPORT, CA US",0,189,100,21,82,66,93
USW00023190,2018-03-10,34.4241,-119.84249,2.5,"SANTA BARBARA MUNICIPAL AIRPORT, CA US",221,156,128,26,90,72,97
USW00023190,2018-03-11,34.4241,-119.84249,2.5,"SANTA BARBARA MUNICIPAL AIRPORT, CA US",3,183,117,21,86,73,97
USW00023190,2018-03-12,34.4241,-119.84249,2.5,"SANTA BARBARA MUNICIPAL AIRPORT, CA US",3,178,122,21,86,63,97
USW00023190,2018-03-13,34.4241,-119.84249,2.5,"SANTA BARBARA MUNICIPAL AIRPORT, CA US",160,161,128,20,92,67,97
USW00023190,2018-03-14,34.4241,-119.84249,2.5,"SANTA BARBARA MUNICIPAL AIRPORT, CA US",112,172,67,22,81,62,97
USW00023190,2018-03-15,34.4241,-119.84249,2.5,"SANTA BARBARA MUNICIPAL AIRPORT, CA US",0,183,78,36,60,43,89
USW00023190,2018-03-16,34.4241,-119.84249,2.5,"SANTA BARBARA MUNICIPAL AIRPORT, CA US",30,144,44,14,80,52,96
USW00023190,2018-03-17,34.4241,-119.84249,2.5,"SANTA BARBARA MUNICIPAL AIRPORT, CA US",0,156,56,41,64,48,90
USW00023190,2018-03-18,34.4241,-119.84249,2.5,"SANTA BARBARA MUNICIPAL AIRPORT, CA US",0,156,28,20,65,49,86
USW00023190,2018-03-19,34.4241,-119.84249,2.5,"SANTA BARBARA MUNICIPAL AIRPORT, CA US",0,194,33,17,68,32,89
USW00023190,2018-03-20,34.4241,-119.84249,2.5,"SANTA BARBARA MUNICIPAL AIRPORT, CA US",51,172,94,16,74,47,90
USW00023190,2018-03-21,34.4241,-119.84249,2.5,"SANTA BARBARA MUNICIPAL AIRPORT, CA US",470,156,117,22,93,90,97
USW00023190,2018-03-22,34.4241,-119.84249,2.5,"SANTA BARBARA MUNICIPAL AIRPORT, CA US",224,156,117,33,92,87,97
USW00023190,2018-03-23,34.4241,-119.84249,2.5,"SANTA BARBARA MUNICIPAL AIRPORT, CA US",0,172,72,19,74,56,93
USW00023190,2018-03-24,34.4241,-119.84249,2.5,"SANTA BARBARA MUNICIPAL AIRPORT, CA US",0,189,56,38,63,45,89
USW00023190,2018-03-25,34.4241,-119.84249,2.5,"SANTA BARBARA MUNICIPAL AIRPORT, CA US",0,189,89,51,42,28,61
USW00023190,2018-03-26,34.4241,-119.84249,2.5,"SANTA BARBARA MUNICIPAL AIRPORT, CA US",0,217,72,48,32,21,58
USW00023190,2018-03-27,34.4241,-119.84249,2.5,"SANTA BARBARA MUNICIPAL AIRPORT, CA US",0,211,56,22,52,27,83
USW00023190,2018-03-28,34.4241,-119.84249,2.5,"SANTA BARBARA MUNICIPAL AIRPORT, CA US",0,200,67,18,70,41,93
USW00023190,2018-03-29,34.4241,-119.84249,2.5,"SANTA BARBARA MUNICIPAL AIRPORT, CA US",0,161,100,23,76,48,97
USW00023190,2018-03-30,34.4241,-119.84249,2.5,"SANTA BARBARA MUNICIPAL AIRPORT, CA US",0,156,100,22,68,20,93
USW00023190,2018-03-31,34.4241,-119.84249,2.5,"SANTA BARBARA MUNICIPAL AIRPORT, CA US",0,150,106,21,81,36,100
USW00023190,2018-04-01,34.4241,-119.84249,2.5,"SANTA BARBARA MUNICIPAL AIRPORT, CA US",0,144,117,22,88,81,97
USW00023190,2018-04-02,34.4241,-119.84249,2.5,"SANTA BARBARA MUNICIPAL AIRPORT, CA US",0,156,89,18,84,72,96
USW00023190,2018-04-03,34.4241,-119.84249,2.5,"SANTA BARBARA MUNICIPAL AIRPORT, CA US",0,172,78,23,83,70,93
USW00023190,2018-04-04,34.4241,-119.84249,2.5,"SANTA BARBARA MUNICIPAL AIRPORT, CA US",0,156,117,22,89,81,97
USW00023190,2018-04-05,34.4241,-119.84249,2.5,"SANTA BARBARA MUNICIPAL AIRPORT, CA US",0,167,117,22,83,72,93
USW00023190,2018-04-06,34.4241,-119.84249,2.5,"SANTA BARBARA MUNICIPAL AIRPORT, CA US",0,211,100,42,77,63,89
USW00023190,2018-04-07,34.4241,-119.84249,2.5,"SANTA BARBARA MUNICIPAL AIRPORT, CA US",0,267,144,30,73,50,93
USW00023190,2018-04-08,34.4241,-119.84249,2.5,"SANTA BARBARA MUNICIPAL AIRPORT, CA US",0,283,122,32,46,18,72
USW00023190,2018-04-09,34.4241,-119.84249,2.5,"SANTA BARBARA MUNICIPAL AIRPORT, CA US",0,306,83,15,51,15,87
USW00023190,2018-04-10,34.4241,-119.84249,2.5,"SANTA BARBARA MUNICIPAL AIRPORT, CA US",0,256,111,21,69,28,87
USW00023190,2018-04-11,34.4241,-119.84249,2.5,"SANTA BARBARA MUNICIPAL AIRPORT, CA US",0,239,106,35,56,17,86
USW00023190,2018-04-12,34.4241,-119.84249,2.5,"SANTA BARBARA MUNICIPAL AIRPORT, CA US",0,222,111,62,38,19,67
USW00023190,2018-04-13,34.4241,-119.84249,2.5,"SANTA BARBARA MUNICIPAL AIRPORT, CA US",0,222,94,29,43,19,86
USW00023190,2018-04-14,34.4241,-119.84249,2.5,"SANTA BARBARA MUNICIPAL AIRPORT, CA US",0,261,72,13,55,19,93
USW00023190,2018-04-15,34.4241,-119.84249,2.5,"SANTA BARBARA MUNICIPAL AIRPORT, CA US",0,217,94,20,70,27,90
USW00023190,2018-04-16,34.4241,-119.84249,2.5,"SANTA BARBARA MUNICIPAL AIRPORT, CA US",0,189,83,54,55,34,80
USW00023190,2018-04-17,34.4241,-119.84249,2.5,"SANTA BARBARA MUNICIPAL AIRPORT, CA US",0,211,56,39,47,30,74
USW00023190,2018-04-18,34.4241,-119.84249,2.5,"SANTA BARBARA MUNICIPAL AIRPORT, CA US",0,189,56,23,59,45,79
USW00023190,2018-04-19,34.4241,-119.84249,2.5,"SANTA BARBARA MUNICIPAL AIRPORT, CA US",0,217,72,56,56,35,86
USW00023190,2018-04-20,34.4241,-119.84249,2.5,"SANTA BARBARA MUNICIPAL AIRPORT, CA US",0,200,72,30,70,52,87
USW00023190,2018-04-21,34.4241,-119.84249,2.5,"SANTA BARBARA MUNICIPAL AIRPORT, CA US",0,222,78,22,70,46,90
USW00023190,2018-04-22,34.4241,-119.84249,2.5,"SANTA BARBARA MUNICIPAL AIRPORT, CA US",0,222,106,18,76,51,93
USW00023190,2018-04-23,34.4241,-119.84249,2.5,"SANTA BARBARA MUNICIPAL AIRPORT, CA US",0,178,117,31,87,73,96
USW00023190,2018-04-24,34.4241,-119.84249,2.5,"SANTA BARBARA MUNICIPAL AIRPORT, CA US",0,161,106,24,87,75,97
USW00023190,2018-04-25,34.4241,-119.84249,2.5,"SANTA BARBARA MUNICIPAL AIRPORT, CA US",0,172,106,26,82,67,97
USW00023190,2018-04-26,34.4241,-119.84249,2.5,"SANTA BARBARA MUNICIPAL AIRPORT, CA US",0,178,100,22,75,38,96
USW00023190,2018-04-27,34.4241,-119.84249,2.5,"SANTA BARBARA MUNICIPAL AIRPORT, CA US",0,178,72,29,74,60,93
USW00023190,2018-04-28,34.4241,-119.84249,2.5,"SANTA BARBARA MUNICIPAL AIRPORT, CA US",0,244,89,50,54,37,77
USW00023190,2018-04-29,34.4241,-119.84249,2.5,"SANTA BARBARA MUNICIPAL AIRPORT, CA US",0,239,100,38,58,40,72
USW00023190,2018-04-30,34.4241,-119.84249,2.5,"SANTA BARBARA MUNICIPAL AIRPORT, CA US",0,211,94,29,62,44,86
USW00023190,2018-05-01,34.4241,-119.84249,2.5,"SANTA BARBARA MUNICIPAL AIRPORT, CA US",0,178,72,18,71,54,89
USW00023190,2018-05-02,34.4241,-119.84249,2.5,"SANTA BARBARA MUNICIPAL AIRPORT, CA US",0,178,94,21,72,56,89
USW00023190,2018-05-03,34.4241,-119.84249,2.5,"SANTA BARBARA MUNICIPAL AIRPORT, CA US",0,211,78,21,74,49,90
USW00023190,2018-05-04,34.4241,-119.84249,2.5,"SANTA BARBARA MUNICIPAL AIRPORT, CA US",0,222,100,23,75,53,90
USW00023190,2018-05-05,34.4241,-119.84249,2.5,"SANTA BARBARA MUNICIPAL AIRPORT, CA US",0,239,106,17,75,46,93
USW00023190,2018-05-06,34.4241,-119.84249,2.5,"SANTA BARBARA MUNICIPAL AIRPORT, CA US",0,217,94,21,78,51,92
USW00023190,2018-05-07,34.4241,-119.84249,2.5,"SANTA BARBARA MUNICIPAL AIRPORT, CA US",0,183,111,22,84,68,93
USW00023190,2018-05-08,34.4241,-119.84249,2.5,"SANTA BARBARA MUNICIPAL AIRPORT, CA US",0,211,89,20,79,35,93
USW00023190,2018-05-09,34.4241,-119.84249,2.5,"SANTA BARBARA MUNICIPAL AIRPORT, CA US",0,200,106,26,78,68,93
USW00023190,2018-05-10,34.4241,-119.84249,2.5,"SANTA BARBARA MUNICIPAL AIRPORT, CA US",0,211,106,25,72,57,93
USW00023190,2018-05-11,34.4241,-119.84249,2.5,"SANTA BARBARA MUNICIPAL AIRPORT, CA US",0,167,128,21,80,70,87
USW00023190,2018-05-12,34.4241,-119.84249,2.5,"SANTA BARBARA MUNICIPAL AIRPORT, CA US",0,194,133,23,74,59,84
USW00023190,2018-05-13,34.4241,-119.84249,2.5,"SANTA BARBARA MUNICIPAL AIRPORT, CA US",0,211,106,28,71,47,89
USW00023190,2018-05-14,34.4241,-119.84249,2.5,"SANTA BARBARA MUNICIPAL AIRPORT, CA US",0,194,94,34,72,56,89
USW00023190,2018-05-15,34.4241,-119.84249,2.5,"SANTA BARBARA MUNICIPAL AIRPORT, CA US",0,194,89,28,72,54,89
USW00023190,2018-05-16,34.4241,-119.84249,2.5,"SANTA BARBARA MUNICIPAL AIRPORT, CA US",0,222,83,30,62,44,86
USW00023190,2018-05-17,34.4241,-119.84249,2.5,"SANTA BARBARA MUNICIPAL AIRPORT, CA US",0,200,94,21,69,56,86
USW00023190,2018-05-18,34.4241,-119.84249,2.5,"SANTA BARBARA MUNICIPAL AIRPORT, CA US",0,194,100,22,76,59,89
USW00023190,2018-05-19,34.4241,-119.84249,2.5,"SANTA BARBARA MUNICIPAL AIRPORT, CA US",0,189,100,26,77,65,89
USW00023190,2018-05-20,34.4241,-119.84249,2.5,"SANTA BARBARA MUNICIPAL AIRPORT, CA US",0,206,94,22,67,55,86
USW00023190,2018-05-21,34.4241,-119.84249,2.5,"SANTA BARBARA MUNICIPAL AIRPORT, CA US",0,200,106,20,66,53,80
USW00023190,2018-05-22,34.4241,-119.84249,2.5,"SANTA BARBARA MUNICIPAL AIRPORT, CA US",0,200,100,24,74,56,87
USW00023190,2018-05-23,34.4241,-119.84249,2.5,"SANTA BARBARA MUNICIPAL AIRPORT, CA US",0,189,128,22,76,63,87
USW00023190,2018-05-24,34.4241,-119.84249,2.5,"SANTA BARBARA MUNICIPAL AIRPORT, CA US",0,178,144,17,76,65,87
USW00023190,2018-05-25,34.4241,-119.84249,2.5,"SANTA BARBARA MUNICIPAL AIRPORT, CA US",0,200,89,44,69,54,90
USW00023190,2018-05-26,34.4241,-119.84249,2.5,"SANTA BARBARA MUNICIPAL AIRPORT, CA US",0,239,106,39,62,43,80
USW00023190,2018-05-27,34.4241,-119.84249,2.5,"SANTA BARBARA MUNICIPAL AIRPORT, CA US",0,200,94,28,77,59,90
USW00023190,2018-05-28,34.4241,-119.84249,2.5,"SANTA BARBARA MUNICIPAL AIRPORT, CA US",0,194,133,34,82,68,93
USW00023190,2018-05-29,34.4241,-119.84249,2.5,"SANTA BARBARA MUNICIPAL AIRPORT, CA US",0,200,128,24,86,70,97
USW00023190,2018-05-30,34.4241,-119.84249,2.5,"SANTA BARBARA MUNICIPAL AIRPORT, CA US",0,189,139,15,84,70,97
USW00023190,2018-05-31,34.4241,-119.84249,2.5,"SANTA BARBARA MUNICIPAL AIRPORT, CA US",0,222,111,25,63,42,90
USW00023190,2018-06-01,34.4241,-119.84249,2.5,"SANTA BARBARA MUNICIPAL AIRPORT, CA US",0,222,94,22,71,51,87
USW00023190,2018-06-02,34.4241,-119.84249,2.5,"SANTA BARBARA MUNICIPAL AIRPORT, CA US",0,228,106,26,73,53,90
USW00023190,2018-06-03,34.4241,-119.84249,2.5,"SANTA BARBARA MUNICIPAL AIRPORT, CA US",0,200,117,32,81,65,93
USW00023190,2018-06-04,34.4241,-119.84249,2.5,"SANTA BARBARA MUNICIPAL AIRPORT, CA US",0,194,128,27,83,68,93
USW00023190,2018-06-05,34.4241,-119.84249,2.5,"SANTA BARBARA MUNICIPAL AIRPORT, CA US",0,189,117,25,80,65,90
USW00023190,2018-06-06,34.4241,-119.84249,2.5,"SANTA BARBARA MUNICIPAL AIRPORT, CA US",0,206,100,26,73,55,92
USW00023190,2018-06-07,34.4241,-119.84249,2.5,"SANTA BARBARA MUNICIPAL AIRPORT, CA US",0,217,100,23,75,53,89
USW00023190,2018-06-08,34.4241,-119.84249,2.5,"SANTA BARBARA MUNICIPAL AIRPORT, CA US",0,239,106,21,74,48,90
USW00023190,2018-06-09,34.4241,-119.84249,2.5,"SANTA BARBARA MUNICIPAL AIRPORT, CA US",0,289,117,31,61,32,87
USW00023190,2018-06-10,34.4241,-119.84249,2.5,"SANTA BARBARA MUNICIPAL AIRPORT, CA US",0,244,122,29,70,34,87
USW00023190,2018-06-11,34.4241,-119.84249,2.5,"SANTA BARBARA MUNICIPAL AIRPORT, CA US",0,244,122,22,70,45,87
USW00023190,2018-06-12,34.4241,-119.84249,2.5,"SANTA BARBARA MUNICIPAL AIRPORT, CA US",0,222,122,27,78,66,90
USW00023190,2018-06-13,34.4241,-119.84249,2.5,"SANTA BARBARA MUNICIPAL AIRPORT, CA US",0,206,133,26,80,68,90
USW00023190,2018-06-14,34.4241,-119.84249,2.5,"SANTA BARBARA MUNICIPAL AIRPORT, CA US",0,200,139,30,81,61,93
USW00023190,2018-06-15,34.4241,-119.84249,2.5,"SANTA BARBARA MUNICIPAL AIRPORT, CA US",0,211,133,25,77,59,93
USW00023190,2018-06-16,34.4241,-119.84249,2.5,"SANTA BARBARA MUNICIPAL AIRPORT, CA US",0,194,144,21,75,66,87
USW00023190,2018-06-17,34.4241,-119.84249,2.5,"SANTA BARBARA MUNICIPAL AIRPORT, CA US",0,200,111,27,74,57,87
USW00023190,2018-06-18,34.4241,-119.84249,2.5,"SANTA BARBARA MUNICIPAL AIRPORT, CA US",0,217,89,23,72,51,87
USW00023190,2018-06-19,34.4241,-119.84249,2.5,"SANTA BARBARA MUNICIPAL AIRPORT, CA US",0,217,111,27,78,57,93
USW00023190,2018-06-20,34.4241,-119.84249,2.5,"SANTA BARBARA MUNICIPAL AIRPORT, CA US",0,206,117,24,80,65,93
USW00023190,2018-06-21,34.4241,-119.84249,2.5,"SANTA BARBARA MUNICIPAL AIRPORT, CA US",0,206,150,27,80,70,93
USW00023190,2018-06-22,34.4241,-119.84249,2.5,"SANTA BARBARA MUNICIPAL AIRPORT, CA US",0,194,150,24,86,73,93
USW00023190,2018-06-23,34.4241,-119.84249,2.5,"SANTA BARBARA MUNICIPAL AIRPORT, CA US",0,200,150,36,85,73,96
USW00023190,2018-06-24,34.4241,-119.84249,2.5,"SANTA BARBARA MUNICIPAL AIRPORT, CA US",0,206,167,34,79,66,90
USW00023190,2018-06-25,34.4241,-119.84249,2.5,"SANTA BARBARA MUNICIPAL AIRPORT, CA US",0,217,167,33,77,64,90
USW00023190,2018-06-26,34.4241,-119.84249,2.5,"SANTA BARBARA MUNICIPAL AIRPORT, CA US",0,222,150,31,81,68,90
USW00023190,2018-06-27,34.4241,-119.84249,2.5,"SANTA BARBARA MUNICIPAL AIRPORT, CA US",0,228,133,28,79,59,93
USW00023190,2018-06-28,34.4241,-119.84249,2.5,"SANTA BARBARA MUNICIPAL AIRPORT, CA US",0,239,117,27,75,55,93
USW00023190,2018-06-29,34.4241,-119.84249,2.5,"SANTA BARBARA MUNICIPAL AIRPORT, CA US",0,217,144,26,77,63,90
USW00023190,2018-06-30,34.4241,-119.84249,2.5,"SANTA BARBARA MUNICIPAL AIRPORT, CA US",0,228,156,25,76,64,87
USW00023190,2018-07-01,34.4241,-119.84249,2.5,"SANTA BARBARA MUNICIPAL AIRPORT, CA US",0,233,144,29,78,57,90
USW00023190,2018-07-02,34.4241,-119.84249,2.5,"SANTA BARBARA MUNICIPAL AIRPORT, CA US",0,211,161,27,82,68,90
USW00023190,2018-07-03,34.4241,-119.84249,2.5,"SANTA BARBARA MUNICIPAL AIRPORT, CA US",0,222,150,21,81,59,96
USW00023190,2018-07-04,34.4241,-119.84249,2.5,"SANTA BARBARA MUNICIPAL AIRPORT, CA US",0,228,133,34,73,59,87
USW00023190,2018-07-05,34.4241,-119.84249,2.5,"SANTA BARBARA MUNICIPAL AIRPORT, CA US",0,261,117,27,75,50,90
USW00023190,2018-07-06,34.4241,-119.84249,2.5,"SANTA BARBARA MUNICIPAL AIRPORT, CA US",0,389,156,32,52,12,93
USW00023190,2018-07-07,34.4241,-119.84249,2.5,"SANTA BARBARA MUNICIPAL AIRPORT, CA US",0,267,183,28,70,51,87
USW00023190,2018-07-08,34.4241,-119.84249,2.5,"SANTA BARBARA MUNICIPAL AIRPORT, CA US",0,311,172,15,67,37,87
USW00023190,2018-07-09,34.4241,-119.84249,2.5,"SANTA BARBARA MUNICIPAL AIRPORT, CA US",0,306,167,25,67,37,84
USW00023190,2018-07-10,34.4241,-119.84249,2.5,"SANTA BARBARA MUNICIPAL AIRPORT, CA US",0,272,183,17,77,54,87
USW00023190,2018-07-11,34.4241,-119.84249,2.5,"SANTA BARBARA MUNICIPAL AIRPORT, CA US",0,256,167,22,77,60,90
USW00023190,2018-07-12,34.4241,-119.84249,2.5,"SANTA BARBARA MUNICIPAL AIRPORT, CA US",0,256,172,28,79,60,90
USW00023190,2018-07-13,34.4241,-119.84249,2.5,"SANTA BARBARA MUNICIPAL AIRPORT, CA US",0,244,167,26,79,62,93
USW00023190,2018-07-14,34.4241,-119.84249,2.5,"SANTA BARBARA MUNICIPAL AIRPORT, CA US",0,261,172,30,76,56,93
USW00023190,2018-07-15,34.4241,-119.84249,2.5,"SANTA BARBARA MUNICIPAL AIRPORT, CA US",0,256,183,26,74,56,90
USW00023190,2018-07-16,34.4241,-119.84249,2.5,"SANTA BARBARA MUNICIPAL AIRPORT, CA US",0,244,178,33,76,60,87
USW00023190,2018-07-17,34.4241,-119.84249,2.5,"SANTA BARBARA MUNICIPAL AIRPORT, CA US",0,233,178,34,80,66,90
USW00023190,2018-07-18,34.4241,-119.84249,2.5,"SANTA BARBARA MUNICIPAL AIRPORT, CA US",0,228,178,24,80,71,90
USW00023190,2018-07-19,34.4241,-119.84249,2.5,"SANTA BARBARA MUNICIPAL AIRPORT, CA US",0,256,172,23,81,64,93
USW00023190,2018-07-20,34.4241,-119.84249,2.5,"SANTA BARBARA MUNICIPAL AIRPORT, CA US",0,250,183,38,82,67,93
USW00023190,2018-07-21,34.4241,-119.84249,2.5,"SANTA BARBARA MUNICIPAL AIRPORT, CA US",0,233,172,32,81,68,93
USW00023190,2018-07-22,34.4241,-119.84249,2.5,"SANTA BARBARA MUNICIPAL AIRPORT, CA US",0,267,167,23,74,54,90
USW00023190,2018-07-23,34.4241,-119.84249,2.5,"SANTA BARBARA MUNICIPAL AIRPORT, CA US",0,300,172,22,69,51,87
USW00023190,2018-07-24,34.4241,-119.84249,2.5,"SANTA BARBARA MUNICIPAL AIRPORT, CA US",0,272,183,26,74,60,87
USW00023190,2018-07-25,34.4241,-119.84249,2.5,"SANTA BARBARA MUNICIPAL AIRPORT, CA US",0,261,167,22,76,52,93
USW00023190,2018-07-26,34.4241,-119.84249,2.5,"SANTA BARBARA MUNICIPAL AIRPORT, CA US",0,233,178,21,82,64,91
USW00023190,2018-07-27,34.4241,-119.84249,2.5,"SANTA BARBARA MUNICIPAL AIRPORT, CA US",0,239,167,21,79,62,93
USW00023190,2018-07-28,34.4241,-119.84249,2.5,"SANTA BARBARA MUNICIPAL AIRPORT, CA US",0,228,150,18,83,70,93
USW00023190,2018-07-29,34.4241,-119.84249,2.5,"SANTA BARBARA MUNICIPAL AIRPORT, CA US",0,228,156,23,83,71,97
USW00023190,2018-07-30,34.4241,-119.84249,2.5,"SANTA BARBARA MUNICIPAL AIRPORT, CA US",0,256,156,17,82,62,96
USW00023190,2018-07-31,34.4241,-119.84249,2.5,"SANTA BARBARA MUNICIPAL AIRPORT, CA US",0,267,150,18,75,47,93
USW00023190,2018-08-01,34.4241,-119.84249,2.5,"SANTA BARBARA MUNICIPAL AIRPORT, CA US",0,261,161,20,75,56,93
USW00023190,2018-08-02,34.4241,-119.84249,2.5,"SANTA BARBARA MUNICIPAL AIRPORT, CA US",0,250,156,19,75,58,90
USW00023190,2018-08-03,34.4241,-119.84249,2.5,"SANTA BARBARA MUNICIPAL AIRPORT, CA US",0,256,150,19,75,52,90
USW00023190,2018-08-04,34.4241,-119.84249,2.5,"SANTA BARBARA MUNICIPAL AIRPORT, CA US",0,239,128,20,81,68,93
USW00023190,2018-08-05,34.4241,-119.84249,2.5,"SANTA BARBARA MUNICIPAL AIRPORT, CA US",0,256,139,17,79,60,93
USW00023190,2018-08-06,34.4241,-119.84249,2.5,"SANTA BARBARA MUNICIPAL AIRPORT, CA US",0,283,133,19,74,51,93
USW00023190,2018-08-07,34.4241,-119.84249,2.5,"SANTA BARBARA MUNICIPAL AIRPORT, CA US",0,289,150,22,74,42,90
USW00023190,2018-08-08,34.4241,-119.84249,2.5,"SANTA BARBARA MUNICIPAL AIRPORT, CA US",0,289,178,27,82,60,97
USW00023190,2018-08-09,34.4241,-119.84249,2.5,"SANTA BARBARA MUNICIPAL AIRPORT, CA US",0,278,178,22,77,56,93
USW00023190,2018-08-10,34.4241,-119.84249,2.5,"SANTA BARBARA MUNICIPAL AIRPORT, CA US",0,294,161,20,72,44,93
USW00023190,2018-08-11,34.4241,-119.84249,2.5,"SANTA BARBARA MUNICIPAL AIRPORT, CA US",0,261,167,24,75,45,87
USW00023190,2018-08-12,34.4241,-119.84249,2.5,"SANTA BARBARA MUNICIPAL AIRPORT, CA US",0,261,167,27,80,62,93
USW00023190,2018-08-13,34.4241,-119.84249,2.5,"SANTA BARBARA MUNICIPAL AIRPORT, CA US",0,256,189,26,78,62,87
USW00023190,2018-08-14,34.4241,-119.84249,2.5,"SANTA BARBARA MUNICIPAL AIRPORT, CA US",0,250,189,23,74,62,90
USW00023190,2018-08-15,34.4241,-119.84249,2.5,"SANTA BARBARA MUNICIPAL AIRPORT, CA US",0,256,172,27,74,56,87
USW00023190,2018-08-16,34.4241,-119.84249,2.5,"SANTA BARBARA MUNICIPAL AIRPORT, CA US",0,261,172,26,78,64,90
USW00023190,2018-08-17,34.4241,-119.84249,2.5,"SANTA BARBARA MUNICIPAL AIRPORT, CA US",0,256,183,28,79,67,90
USW00023190,2018-08-18,34.4241,-119.84249,2.5,"SANTA BARBARA MUNICIPAL AIRPORT, CA US",0,250,189,29,81,69,91
USW00023190,2018-08-19,34.4241,-119.84249,2.5,"SANTA BARBARA MUNICIPAL AIRPORT, CA US",0,250,194,29,79,64,93
USW00023190,2018-08-20,34.4241,-119.84249,2.5,"SANTA BARBARA MUNICIPAL AIRPORT, CA US",0,256,167,25,82,66,90
USW00023190,2018-08-21,34.4241,-119.84249,2.5,"SANTA BARBARA MUNICIPAL AIRPORT, CA US",0,250,172,22,83,69,96
USW00023190,2018-08-22,34.4241,-119.84249,2.5,"SANTA BARBARA MUNICIPAL AIRPORT, CA US",0,250,161,23,77,62,90
USW00023190,2018-08-23,34.4241,-119.84249,2.5,"SANTA BARBARA MUNICIPAL AIRPORT, CA US",0,250,156,29,75,56,90
USW00023190,2018-08-24,34.4241,-119.84249,2.5,"SANTA BARBARA MUNICIPAL AIRPORT, CA US",0,244,150,31,74,59,90
USW00023190,2018-08-25,34.4241,-119.84249,2.5,"SANTA BARBARA MUNICIPAL AIRPORT, CA US",0,239,161,29,78,64,90
USW00023190,2018-08-26,34.4241,-119.84249,2.5,"SANTA BARBARA MUNICIPAL AIRPORT, CA US",0,233,144,31,77,62,90
USW00023190,2018-08-27,34.4241,-119.84249,2.5,"SANTA BARBARA MUNICIPAL AIRPORT, CA US",0,239,122,28,77,57,93
USW00023190,2018-08-28,34.4241,-119.84249,2.5,"SANTA BARBARA MUNICIPAL AIRPORT, CA US",0,256,133,19,72,52,90
USW00023190,2018-08-29,34.4241,-119.84249,2.5,"SANTA BARBARA MUNICIPAL AIRPORT, CA US",0,278,139,19,66,44,87
USW00023190,2018-08-30,34.4241,-119.84249,2.5,"SANTA BARBARA MUNICIPAL AIRPORT, CA US",0,278,122,20,61,37,84
USW00023190,2018-08-31,34.4241,-119.84249,2.5,"SANTA BARBARA MUNICIPAL AIRPORT, CA US",0,261,139,21,70,55,90
USW00023190,2018-09-01,34.4241,-119.84249,2.5,"SANTA BARBARA MUNICIPAL AIRPORT, CA US",0,244,161,26,79,62,90
USW00023190,2018-09-02,34.4241,-119.84249,2.5,"SANTA BARBARA MUNICIPAL AIRPORT, CA US",0,250,161,16,79,58,90
USW00023190,2018-09-03,34.4241,-119.84249,2.5,"SANTA BARBARA MUNICIPAL AIRPORT, CA US",0,239,156,29,81,67,93
USW00023190,2018-09-04,34.4241,-119.84249,2.5,"SANTA BARBARA MUNICIPAL AIRPORT, CA US",0,217,167,23,85,71,93
USW00023190,2018-09-05,34.4241,-119.84249,2.5,"SANTA BARBARA MUNICIPAL AIRPORT, CA US",0,222,167,21,85,71,96
USW00023190,2018-09-06,34.4241,-119.84249,2.5,"SANTA BARBARA MUNICIPAL AIRPORT, CA US",0,211,167,21,85,73,93
USW00023190,2018-09-07,34.4241,-119.84249,2.5,"SANTA BARBARA MUNICIPAL AIRPORT, CA US",0,217,161,24,87,76,97
USW00023190,2018-09-08,34.4241,-119.84249,2.5,"SANTA BARBARA MUNICIPAL AIRPORT, CA US",0,233,167,19,84,67,97
USW00023190,2018-09-09,34.4241,-119.84249,2.5,"SANTA BARBARA MUNICIPAL AIRPORT, CA US",0,239,144,20,84,66,97
USW00023190,2018-09-10,34.4241,-119.84249,2.5,"SANTA BARBARA MUNICIPAL AIRPORT, CA US",0,233,161,28,84,69,93
USW00023190,2018-09-11,34.4241,-119.84249,2.5,"SANTA BARBARA MUNICIPAL AIRPORT, CA US",0,228,139,20,84,66,96
USW00023190,2018-09-12,34.4241,-119.84249,2.5,"SANTA BARBARA MUNICIPAL AIRPORT, CA US",0,233,122,21,80,64,93
USW00023190,2018-09-13,34.4241,-119.84249,2.5,"SANTA BARBARA MUNICIPAL AIRPORT, CA US",0,272,106,15,72,34,93
USW00023190,2018-09-14,34.4241,-119.84249,2.5,"SANTA BARBARA MUNICIPAL AIRPORT, CA US",0,267,111,17,70,39,90
USW00023190,2018-09-15,34.4241,-119.84249,2.5,"SANTA BARBARA MUNICIPAL AIRPORT, CA US",0,272,111,14,71,40,90
USW00023190,2018-09-16,34.4241,-119.84249,2.5,"SANTA BARBARA MUNICIPAL AIRPORT, CA US",0,256,111,12,73,40,93
USW00023190,2018-09-17,34.4241,-119.84249,2.5,"SANTA BARBARA MUNICIPAL AIRPORT, CA US",0,261,100,17,72,43,93
USW00023190,2018-09-18,34.4241,-119.84249,2.5,"SANTA BARBARA MUNICIPAL AIRPORT, CA US",0,250,106,18,73,47,90
USW00023190,2018-09-19,34.4241,-119.84249,2.5,"SANTA BARBARA MUNICIPAL AIRPORT, CA US",0,244,117,21,79,48,93
USW00023190,2018-09-20,34.4241,-119.84249,2.5,"SANTA BARBARA MUNICIPAL AIRPORT, CA US",0,233,111,18,82,69,100
USW00023190,2018-09-21,34.4241,-119.84249,2.5,"SANTA BARBARA MUNICIPAL AIRPORT, CA US",0,233,144,18,81,66,93
USW00023190,2018-09-22,34.4241,-119.84249,2.5,"SANTA BARBARA MUNICIPAL AIRPORT, CA US",0,206,139,22,88,73,100
USW00023190,2018-09-23,34.4241,-119.84249,2.5,"SANTA BARBARA MUNICIPAL AIRPORT, CA US",0,211,150,26,86,68,97
USW00023190,2018-09-24,34.4241,-119.84249,2.5,"SANTA BARBARA MUNICIPAL AIRPORT, CA US",0,217,139,30,82,66,100
USW00023190,2018-09-25,34.4241,-119.84249,2.5,"SANTA BARBARA MUNICIPAL AIRPORT, CA US",0,194,150,28,84,71,90
USW00023190,2018-09-26,34.4241,-119.84249,2.5,"SANTA BARBARA MUNICIPAL AIRPORT, CA US",0,222,150,26,83,64,93
USW00023190,2018-09-27,34.4241,-119.84249,2.5,"SANTA BARBARA MUNICIPAL AIRPORT, CA US",0,228,161,22,85,68,97
USW00023190,2018-09-28,34.4241,-119.84249,2.5,"SANTA BARBARA MUNICIPAL AIRPORT, CA US",0,217,161,25,88,76,93
USW00023190,2018-09-29,34.4241,-119.84249,2.5,"SANTA BARBARA MUNICIPAL AIRPORT, CA US",0,222,122,18,77,59,93
USW00023190,2018-09-30,34.4241,-119.84249,2.5,"SANTA BARBARA MUNICIPAL AIRPORT, CA US",0,239,106,15,76,57,93
USW00023190,2018-10-01,34.4241,-119.84249,2.5,"SANTA BARBARA MUNICIPAL AIRPORT, CA US",0,283,106,18,73,25,93
USW00023190,2018-10-02,34.4241,-119.84249,2.5,"SANTA BARBARA MUNICIPAL AIRPORT, CA US",0,228,156,26,79,61,90
USW00023190,2018-10-03,34.4241,-119.84249,2.5,"SANTA BARBARA MUNICIPAL AIRPORT, CA US",104,206,150,24,87,73,93
USW00023190,2018-10-04,34.4241,-119.84249,2.5,"SANTA BARBARA MUNICIPAL AIRPORT, CA US",3,222,139,20,86,73,97
USW00023190,2018-10-05,34.4241,-119.84249,2.5,"SANTA BARBARA MUNICIPAL AIRPORT, CA US",0,244,122,23,76,38,97
USW00023190,2018-10-06,34.4241,-119.84249,2.5,"SANTA BARBARA MUNICIPAL AIRPORT, CA US",0,228,133,25,77,57,93
USW00023190,2018-10-07,34.4241,-119.84249,2.5,"SANTA BARBARA MUNICIPAL AIRPORT, CA US",0,244,111,19,74,34,93
USW00023190,2018-10-08,34.4241,-119.84249,2.5,"SANTA BARBARA MUNICIPAL AIRPORT, CA US",0,228,133,23,80,64,93
USW00023190,2018-10-09,34.4241,-119.84249,2.5,"SANTA BARBARA MUNICIPAL AIRPORT, CA US",0,217,139,25,74,57,90
USW00023190,2018-10-10,34.4241,-119.84249,2.5,"SANTA BARBARA MUNICIPAL AIRPORT, CA US",0,206,139,19,76,63,90
USW00023190,2018-10-11,34.4241,-119.84249,2.5,"SANTA BARBARA MUNICIPAL AIRPORT, CA US",0,211,117,16,72,55,87
USW00023190,2018-10-12,34.4241,-119.84249,2.5,"SANTA BARBARA MUNICIPAL AIRPORT, CA US",0,233,106,26,77,57,90
USW00023190,2018-10-13,34.4241,-119.84249,2.5,"SANTA BARBARA MUNICIPAL AIRPORT, CA US",0,228,144,22,77,57,90
USW00023190,2018-10-14,34.4241,-119.84249,2.5,"SANTA BARBARA MUNICIPAL AIRPORT, CA US",0,217,122,21,75,61,90
USW00023190,2018-10-15,34.4241,-119.84249,2.5,"SANTA BARBARA MUNICIPAL AIRPORT, CA US",0,244,94,20,62,34,93
USW00023190,2018-10-16,34.4241,-119.84249,2.5,"SANTA BARBARA MUNICIPAL AIRPORT, CA US",0,267,78,15,56,16,83
USW00023190,2018-10-17,34.4241,-119.84249,2.5,"SANTA BARBARA MUNICIPAL AIRPORT, CA US",0,261,83,16,59,19,86
USW00023190,2018-10-18,34.4241,-119.84249,2.5,"SANTA BARBARA MUNICIPAL AIRPORT, CA US",0,272,83,14,67,22,90
USW00023190,2018-10-19,34.4241,-119.84249,2.5,"SANTA BARBARA MUNICIPAL AIRPORT, CA US",0,306,89,19,44,15,83
USW00023190,2018-10-20,34.4241,-119.84249,2.5,"SANTA BARBARA MUNICIPAL AIRPORT, CA US",0,300,100,14,46,15,93
USW00023190,2018-10-21,34.4241,-119.84249,2.5,"SANTA BARBARA MUNICIPAL AIRPORT, CA US",0,228,122,18,74,61,93
USW00023190,2018-10-22,34.4241,-119.84249,2.5,"SANTA BARBARA MUNICIPAL AIRPORT, CA US",0,211,122,24,83,70,93
USW00023190,2018-10-23,34.4241,-119.84249,2.5,"SANTA BARBARA MUNICIPAL AIRPORT, CA US",0,239,111,19,80,50,97
USW00023190,2018-10-24,34.4241,-119.84249,2.5,"SANTA BARBARA MUNICIPAL AIRPORT, CA US",0,228,100,17,81,62,93
USW00023190,2018-10-25,34.4241,-119.84249,2.5,"SANTA BARBARA MUNICIPAL AIRPORT, CA US",0,222,111,24,85,68,100
USW00023190,2018-10-26,34.4241,-119.84249,2.5,"SANTA BARBARA MUNICIPAL AIRPORT, CA US",0,222,100,11,85,66,97
USW00023190,2018-10-27,34.4241,-119.84249,2.5,"SANTA BARBARA MUNICIPAL AIRPORT, CA US",0,228,117,18,88,73,100
USW00023190,2018-10-28,34.4241,-119.84249,2.5,"SANTA BARBARA MUNICIPAL AIRPORT, CA US",0,206,117,17,89,73,100
USW00023190,2018-10-29,34.4241,-119.84249,2.5,"SANTA BARBARA MUNICIPAL AIRPORT, CA US",0,206,100,16,87,73,100
USW00023190,2018-10-30,34.4241,-119.84249,2.5,"SANTA BARBARA MUNICIPAL AIRPORT, CA US",0,222,106,18,73,20,97
USW00023190,2018-10-31,34.4241,-119.84249,2.5,"SANTA BARBARA MUNICIPAL AIRPORT, CA US",0,239,72,17,60,25,87
USW00023190,2018-11-01,34.4241,-119.84249,2.5,"SANTA BARBARA MUNICIPAL AIRPORT, CA US",0,272,67,15,40,11,80
USW00023190,2018-11-02,34.4241,-119.84249,2.5,"SANTA BARBARA MUNICIPAL AIRPORT, CA US",0,272,94,13,57,23,90
USW00023190,2018-11-03,34.4241,-119.84249,2.5,"SANTA BARBARA MUNICIPAL AIRPORT, CA US",0,267,89,17,71,37,97
USW00023190,2018-11-04,34.4241,-119.84249,2.5,"SANTA BARBARA MUNICIPAL AIRPORT, CA US",0,244,106,17,72,50,93
USW00023190,2018-11-05,34.4241,-119.84249,2.5,"SANTA BARBARA MUNICIPAL AIRPORT, CA US",0,211,111,15,83,68,97
USW00023190,2018-11-06,34.4241,-119.84249,2.5,"SANTA BARBARA MUNICIPAL AIRPORT, CA US",0,217,111,20,79,61,97
USW00023190,2018-11-07,34.4241,-119.84249,2.5,"SANTA BARBARA MUNICIPAL AIRPORT, CA US",0,206,83,13,85,66,100
USW00023190,2018-11-08,34.4241,-119.84249,2.5,"SANTA BARBARA MUNICIPAL AIRPORT, CA US",0,217,89,16,77,59,96
USW00023190,2018-11-09,34.4241,-119.84249,2.5,"SANTA BARBARA MUNICIPAL AIRPORT, CA US",0,233,39,15,45,20,74
USW00023190,2018-11-10,34.4241,-119.84249,2.5,"SANTA BARBARA MUNICIPAL AIRPORT, CA US",0,217,39,13,61,20,86
USW00023190,2018-11-11,34.4241,-119.84249,2.5,"SANTA BARBARA MUNICIPAL AIRPORT, CA US",0,239,61,9,52,16,89
USW00023190,2018-11-12,34.4241,-119.84249,2.5,"SANTA BARBARA MUNICIPAL AIRPORT, CA US",0,244,39,13,39,9,68
USW00023190,2018-11-13,34.4241,-119.84249,2.5,"SANTA BARBARA MUNICIPAL AIRPORT, CA US",0,228,39,13,37,13,60
USW00023190,2018-11-14,34.4241,-119.84249,2.5,"SANTA BARBARA MUNICIPAL AIRPORT, CA US",0,228,50,16,44,20,64
USW00023190,2018-11-15,34.4241,-119.84249,2.5,"SANTA BARBARA MUNICIPAL AIRPORT, CA US",0,250,44,16,48,12,71
USW00023190,2018-11-16,34.4241,-119.84249,2.5,"SANTA BARBARA MUNICIPAL AIRPORT, CA US",0,211,56,9,71,38,97
USW00023190,2018-11-17,34.4241,-119.84249,2.5,"SANTA BARBARA MUNICIPAL AIRPORT, CA US",0,194,78,17,83,55,100
USW00023190,2018-11-18,34.4241,-119.84249,2.5,"SANTA BARBARA MUNICIPAL AIRPORT, CA US",0,200,89,12,83,59,97
USW00023190,2018-11-19,34.4241,-119.84249,2.5,"SANTA BARBARA MUNICIPAL AIRPORT, CA US",0,189,78,12,83,63,97
USW00023190,2018-11-20,34.4241,-119.84249,2.5,"SANTA BARBARA MUNICIPAL AIRPORT, CA US",0,211,61,12,74,39,97
USW00023190,2018-11-21,34.4241,-119.84249,2.5,"SANTA BARBARA MUNICIPAL AIRPORT, CA US",130,200,72,31,81,65,97
USW00023190,2018-11-22,34.4241,-119.84249,2.5,"SANTA BARBARA MUNICIPAL AIRPORT, CA US",0,211,78,27,77,49,100
USW00023190,2018-11-23,34.4241,-119.84249,2.5,"SANTA BARBARA MUNICIPAL AIRPORT, CA US",0,222,72,31,69,51,90
USW00023190,2018-11-24,34.4241,-119.84249,2.5,"SANTA BARBARA MUNICIPAL AIRPORT, CA US",0,261,128,40,65,32,90
USW00023190,2018-11-25,34.4241,-119.84249,2.5,"SANTA BARBARA MUNICIPAL AIRPORT, CA US",0,211,100,13,84,63,97
USW00023190,2018-11-26,34.4241,-119.84249,2.5,"SANTA BARBARA MUNICIPAL AIRPORT, CA US",0,228,78,12,66,37,96
USW00023190,2018-11-27,34.4241,-119.84249,2.5,"SANTA BARBARA MUNICIPAL AIRPORT, CA US",0,211,78,16,75,58,93
USW00023190,2018-11-28,34.4241,-119.84249,2.5,"SANTA BARBARA MUNICIPAL AIRPORT, CA US",165,172,78,19,90,73,100
USW00023190,2018-11-29,34.4241,-119.84249,2.5,"SANTA BARBARA MUNICIPAL AIRPORT, CA US",373,183,122,47,84,68,96
USW00023190,2018-11-30,34.4241,-119.84249,2.5,"SANTA BARBARA MUNICIPAL AIRPORT, CA US",0,194,83,47,59,34,80
USW00023190,2018-12-01,34.4241,-119.84249,2.5,"SANTA BARBARA MUNICIPAL AIRPORT, CA US",0,200,61,41,58,27,83
USW00023190,2018-12-02,34.4241,-119.84249,2.5,"SANTA BARBARA MUNICIPAL AIRPORT, CA US",0,178,61,26,51,32,73
USW00023190,2018-12-03,34.4241,-119.84249,2.5,"SANTA BARBARA MUNICIPAL AIRPORT, CA US",0,178,67,10,57,31,74
USW00023190,2018-12-04,34.4241,-119.84249,2.5,"SANTA BARBARA MUNICIPAL AIRPORT, CA US",25,194,50,25,67,37,93
USW00023190,2018-12-05,34.4241,-119.84249,2.5,"SANTA BARBARA MUNICIPAL AIRPORT, CA US",13,161,128,52,69,48,90
USW00023190,2018-12-06,34.4241,-119.84249,2.5,"SANTA BARBARA MUNICIPAL AIRPORT, CA US",13,172,128,25,80,67,90
USW00023190,2018-12-07,34.4241,-119.84249,2.5,"SANTA BARBARA MUNICIPAL AIRPORT, CA US",0,178,72,10,83,63,97
USW00023190,2018-12-08,34.4241,-119.84249,2.5,"SANTA BARBARA MUNICIPAL AIRPORT, CA US",0,194,61,8,76,44,97
USW00023190,2018-12-09,34.4241,-119.84249,2.5,"SANTA BARBARA MUNICIPAL AIRPORT, CA US",0,200,50,10,73,42,97
USW00023190,2018-12-10,34.4241,-119.84249,2.5,"SANTA BARBARA MUNICIPAL AIRPORT, CA US",0,189,78,10,84,68,97
USW00023190,2018-12-11,34.4241,-119.84249,2.5,"SANTA BARBARA MUNICIPAL AIRPORT, CA US",0,194,44,13,72,44,93
USW00023190,2018-12-12,34.4241,-119.84249,2.5,"SANTA BARBARA MUNICIPAL AIRPORT, CA US",0,183,44,17,82,56,97
USW00023190,2018-12-13,34.4241,-119.84249,2.5,"SANTA BARBARA MUNICIPAL AIRPORT, CA US",0,233,44,7,70,25,100
USW00023190,2018-12-14,34.4241,-119.84249,2.5,"SANTA BARBARA MUNICIPAL AIRPORT, CA US",0,194,72,16,74,40,93
USW00023190,2018-12-15,34.4241,-119.84249,2.5,"SANTA BARBARA MUNICIPAL AIRPORT, CA US",0,183,39,12,81,58,93
USW00023190,2018-12-16,34.4241,-119.84249,2.5,"SANTA BARBARA MUNICIPAL AIRPORT, CA US",0,183,44,17,85,56,100
USW00023190,2018-12-17,34.4241,-119.84249,2.5,"SANTA BARBARA MUNICIPAL AIRPORT, CA US",53,167,100,19,89,72,97
USW00023190,2018-12-18,34.4241,-119.84249,2.5,"SANTA BARBARA MUNICIPAL AIRPORT, CA US",0,178,61,11,83,58,97
USW00023190,2018-12-19,34.4241,-119.84249,2.5,"SANTA BARBARA MUNICIPAL AIRPORT, CA US",0,200,39,9,77,42,97
USW00023190,2018-12-20,34.4241,-119.84249,2.5,"SANTA BARBARA MUNICIPAL AIRPORT, CA US",0,194,39,9,84,50,97
USW00023190,2018-12-21,34.4241,-119.84249,2.5,"SANTA BARBARA MUNICIPAL AIRPORT, CA US",0,194,89,17,86,63,96
USW00023190,2018-12-22,34.4241,-119.84249,2.5,"SANTA BARBARA MUNICIPAL AIRPORT, CA US",0,172,67,14,88,67,100
USW00023190,2018-12-23,34.4241,-119.84249,2.5,"SANTA BARBARA MUNICIPAL AIRPORT, CA US",0,178,56,13,91,80,100
USW00023190,2018-12-24,34.4241,-119.84249,2.5,"SANTA BARBARA MUNICIPAL AIRPORT, CA US",0,239,72,39,63,37,100
USW00023190,2018-12-25,34.4241,-119.84249,2.5,"SANTA BARBARA MUNICIPAL AIRPORT, CA US",23,183,67,43,60,37,80
USW00023190,2018-12-26,34.4241,-119.84249,2.5,"SANTA BARBARA MUNICIPAL AIRPORT, CA US",0,200,39,14,61,29,83
USW00023190,2018-12-27,34.4241,-119.84249,2.5,"SANTA BARBARA MUNICIPAL AIRPORT, CA US",0,211,44,44,37,20,70
USW00023190,2018-12-28,34.4241,-119.84249,2.5,"SANTA BARBARA MUNICIPAL AIRPORT, CA US",0,156,28,22,49,29,79
USW00023190,2018-12-29,34.4241,-119.84249,2.5,"SANTA BARBARA MUNICIPAL AIRPORT, CA US",0,156,11,13,68,41,89
USW00023190,2018-12-30,34.4241,-119.84249,2.5,"SANTA BARBARA MUNICIPAL AIRPORT, CA US",0,206,11,10,71,45,89
USW00023190,2018-12-31,34.4241,-119.84249,2.5,"SANTA BARBARA MUNICIPAL AIRPORT, CA US",0,161,39,22,63,34,93
USW00023190,2019-01-01,34.4241,-119.84249,2.5,"SANTA BARBARA MUNICIPAL AIRPORT, CA US",0,144,-16,14,55,27,79
USW00023190,2019-01-02,34.4241,-119.84249,2.5,"SANTA BARBARA MUNICIPAL AIRPORT, CA US",0,161,0,12,64,28,82
USW00023190,2019-01-03,34.4241,-119.84249,2.5,"SANTA BARBARA MUNICIPAL AIRPORT, CA US",0,167,0,10,62,36,82
USW00023190,2019-01-04,34.4241,-119.84249,2.5,"SANTA BARBARA MUNICIPAL AIRPORT, CA US",0,167,0,10,71,38,89
USW00023190,2019-01-05,34.4241,-119.84249,2.5,"SANTA BARBARA MUNICIPAL AIRPORT, CA US",328,144,44,30,81,66,97
USW00023190,2019-01-06,34.4241,-119.84249,2.5,"SANTA BARBARA MUNICIPAL AIRPORT, CA US",269,161,28,20,87,64,100
USW00023190,2019-01-07,34.4241,-119.84249,2.5,"SANTA BARBARA MUNICIPAL AIRPORT, CA US",254,156,89,26,92,83,100
USW00023190,2019-01-08,34.4241,-119.84249,2.5,"SANTA BARBARA MUNICIPAL AIRPORT, CA US",0,189,83,12,85,54,97
USW00023190,2019-01-09,34.4241,-119.84249,2.5,"SANTA BARBARA MUNICIPAL AIRPORT, CA US",18,156,78,17,91,75,97
USW00023190,2019-01-10,34.4241,-119.84249,2.5,"SANTA BARBARA MUNICIPAL AIRPORT, CA US",0,161,56,14,91,75,100
USW00023190,2019-01-11,34.4241,-119.84249,2.5,"SANTA BARBARA MUNICIPAL AIRPORT, CA US",109,156,106,43,85,72,100
USW00023190,2019-01-12,34.4241,-119.84249,2.5,"SANTA BARBARA MUNICIPAL AIRPORT, CA US",142,161,78,30,82,70,96
USW00023190,2019-01-13,34.4241,-119.84249,2.5,"SANTA BARBARA MUNICIPAL AIRPORT, CA US",0,144,56,29,82,67,96
USW00023190,2019-01-14,34.4241,-119.84249,2.5,"SANTA BARBARA MUNICIPAL AIRPORT, CA US",5,156,122,73,68,56,77
USW00023190,2019-01-15,34.4241,-119.84249,2.5,"SANTA BARBARA MUNICIPAL AIRPORT, CA US",244,139,111,57,86,72,97
USW00023190,2019-01-16,34.4241,-119.84249,2.5,"SANTA BARBARA MUNICIPAL AIRPORT, CA US",66,167,83,38,93,78,100
USW00023190,2019-01-17,34.4241,-119.84249,2.5,"SANTA BARBARA MUNICIPAL AIRPORT, CA US",91,161,106,30,95,86,100
USW00023190,2019-01-18,34.4241,-119.84249,2.5,"SANTA BARBARA MUNICIPAL AIRPORT, CA US",0,183,78,17,83,70,97
USW00023190,2019-01-19,34.4241,-119.84249,2.5,"SANTA BARBARA MUNICIPAL AIRPORT, CA US",0,217,61,11,76,41,97
USW00023190,2019-01-20,34.4241,-119.84249,2.5,"SANTA BARBARA MUNICIPAL AIRPORT, CA US",0,206,78,30,80,62,96
USW00023190,2019-01-21,34.4241,-119.84249,2.5,"SANTA BARBARA MUNICIPAL AIRPORT, CA US",0,178,89,61,48,33,61
USW00023190,2019-01-22,34.4241,-119.84249,2.5,"SANTA BARBARA MUNICIPAL AIRPORT, CA US",0,167,50,24,56,37,86
USW00023190,2019-01-23,34.4241,-119.84249,2.5,"SANTA BARBARA MUNICIPAL AIRPORT, CA US",0,172,28,10,70,41,89
USW00023190,2019-01-24,34.4241,-119.84249,2.5,"SANTA BARBARA MUNICIPAL AIRPORT, CA US",0,211,50,11,62,26,92
USW00023190,2019-01-25,34.4241,-119.84249,2.5,"SANTA BARBARA MUNICIPAL AIRPORT, CA US",0,211,44,13,62,30,89
USW00023190,2019-01-26,34.4241,-119.84249,2.5,"SANTA BARBARA MUNICIPAL AIRPORT, CA US",0,233,44,9,56,22,86
USW00023190,2019-01-27,34.4241,-119.84249,2.5,"SANTA BARBARA MUNICIPAL AIRPORT, CA US",0,211,61,10,70,33,97
USW00023190,2019-01-28,34.4241,-119.84249,2.5,"SANTA BARBARA MUNICIPAL AIRPORT, CA US",0,194,67,14,77,44,90
USW00023190,2019-01-29,34.4241,-119.84249,2.5,"SANTA BARBARA MUNICIPAL AIRPORT, CA US",0,183,83,15,87,75,96
USW00023190,2019-01-30,34.4241,-119.84249,2.5,"SANTA BARBARA MUNICIPAL AIRPORT, CA US",0,167,72,24,90,80,100
USW00023190,2019-01-31,34.4241,-119.84249,2.5,"SANTA BARBARA MUNICIPAL AIRPORT, CA US",343,161,83,27,85,65,97
USW00023190,2019-02-01,34.4241,-119.84249,2.5,"SANTA BARBARA MUNICIPAL AIRPORT, CA US",58,161,72,47,87,72,97
USW00023190,2019-02-02,34.4241,-119.84249,2.5,"SANTA BARBARA MUNICIPAL AIRPORT, CA US",442,156,117,58,83,72,97
USW00023190,2019-02-03,34.4241,-119.84249,2.5,"SANTA BARBARA MUNICIPAL AIRPORT, CA US",66,144,106,30,90,83,97
USW00023190,2019-02-04,34.4241,-119.84249,2.5,"SANTA BARBARA MUNICIPAL AIRPORT, CA US",122,156,83,35,83,65,97
USW00023190,2019-02-05,34.4241,-119.84249,2.5,"SANTA BARBARA MUNICIPAL AIRPORT, CA US",23,128,22,31,72,47,97
USW00023190,2019-02-06,34.4241,-119.84249,2.5,"SANTA BARBARA MUNICIPAL AIRPORT, CA US",0,144,17,35,49,32,86
USW00023190,2019-02-07,34.4241,-119.84249,2.5,"SANTA BARBARA MUNICIPAL AIRPORT, CA US",0,144,11,10,63,30,86
USW00023190,2019-02-08,34.4241,-119.84249,2.5,"SANTA BARBARA MUNICIPAL AIRPORT, CA US",104,150,17,13,68,41,96
USW00023190,2019-02-09,34.4241,-119.84249,2.5,"SANTA BARBARA MUNICIPAL AIRPORT, CA US",53,150,67,24,82,62,100
USW00023190,2019-02-10,34.4241,-119.84249,2.5,"SANTA BARBARA MUNICIPAL AIRPORT, CA US",48,139,50,31,72,45,93
USW00023190,2019-02-11,34.4241,-119.84249,2.5,"SANTA BARBARA MUNICIPAL AIRPORT, CA US",0,139,0,12,64,39,85
USW00023190,2019-02-12,34.4241,-119.84249,2.5,"SANTA BARBARA MUNICIPAL AIRPORT, CA US",0,161,17,23,66,38,93
USW00023190,2019-02-13,34.4241,-119.84249,2.5,"SANTA BARBARA MUNICIPAL AIRPORT, CA US",30,150,106,55,69,39,84
USW00023190,2019-02-14,34.4241,-119.84249,2.5,"SANTA BARBARA MUNICIPAL AIRPORT, CA US",142,161,78,46,87,72,100
USW00023190,2019-02-15,34.4241,-119.84249,2.5,"SANTA BARBARA MUNICIPAL AIRPORT, CA US",53,133,61,24,87,66,97
USW00023190,2019-02-16,34.4241,-119.84249,2.5,"SANTA BARBARA MUNICIPAL AIRPORT, CA US",0,167,89,55,55,39,77
USW00023190,2019-02-17,34.4241,-119.84249,2.5,"SANTA BARBARA MUNICIPAL AIRPORT, CA US",5,139,78,56,60,48,80
USW00023190,2019-02-18,34.4241,-119.84249,2.5,"SANTA BARBARA MUNICIPAL AIRPORT, CA US",0,144,39,48,41,28,68
USW00023190,2019-02-19,34.4241,-119.84249,2.5,"SANTA BARBARA MUNICIPAL AIRPORT, CA US",0,133,6,16,53,28,78
USW00023190,2019-02-20,34.4241,-119.84249,2.5,"SANTA BARBARA MUNICIPAL AIRPORT, CA US",3,150,22,37,68,53,80
USW00023190,2019-02-21,34.4241,-119.84249,2.5,"SANTA BARBARA MUNICIPAL AIRPORT, CA US",0,150,50,35,55,33,80
USW00023190,2019-02-22,34.4241,-119.84249,2.5,"SANTA BARBARA MUNICIPAL AIRPORT, CA US",0,150,33,25,49,23,71
USW00023190,2019-02-23,34.4241,-119.84249,2.5,"SANTA BARBARA MUNICIPAL AIRPORT, CA US",0,144,17,17,67,43,86
USW00023190,2019-02-24,34.4241,-119.84249,2.5,"SANTA BARBARA MUNICIPAL AIRPORT, CA US",0,161,33,11,72,44,89
USW00023190,2019-02-25,34.4241,-119.84249,2.5,"SANTA BARBARA MUNICIPAL AIRPORT, CA US",0,161,56,18,80,69,90
USW00023190,2019-02-26,34.4241,-119.84249,2.5,"SANTA BARBARA MUNICIPAL AIRPORT, CA US",0,156,50,13,82,67,97
USW00023190,2019-02-27,34.4241,-119.84249,2.5,"SANTA BARBARA MUNICIPAL AIRPORT, CA US",119,139,89,34,87,72,100
USW00023190,2019-02-28,34.4241,-119.84249,2.5,"SANTA BARBARA MUNICIPAL AIRPORT, CA US",69,161,100,20,94,77,100
USW00023190,2019-03-01,34.4241,-119.84249,2.5,"SANTA BARBARA MUNICIPAL AIRPORT, CA US",0,156,94,22,90,81,100
USW00023190,2019-03-02,34.4241,-119.84249,2.5,"SANTA BARBARA MUNICIPAL AIRPORT, CA US",401,161,122,27,96,90,100
USW00023190,2019-03-03,34.4241,-119.84249,2.5,"SANTA BARBARA MUNICIPAL AIRPORT, CA US",13,156,94,31,89,80,97
USW00023190,2019-03-04,34.4241,-119.84249,2.5,"SANTA BARBARA MUNICIPAL AIRPORT, CA US",0,172,67,20,77,60,97
USW00023190,2019-03-05,34.4241,-119.84249,2.5,"SANTA BARBARA MUNICIPAL AIRPORT, CA US",249,150,106,28,85,75,97
USW00023190,2019-03-06,34.4241,-119.84249,2.5,"SANTA BARBARA MUNICIPAL AIRPORT, CA US",206,167,106,33,89,80,93
USW00023190,2019-03-07,34.4241,-119.84249,2.5,"SANTA BARBARA MUNICIPAL AIRPORT, CA US",0,161,61,31,76,60,97
USW00023190,2019-03-08,34.4241,-119.84249,2.5,"SANTA BARBARA MUNICIPAL AIRPORT, CA US",0,167,61,42,63,41,93
USW00023190,2019-03-09,34.4241,-119.84249,2.5,"SANTA BARBARA MUNICIPAL AIRPORT, CA US",0,150,39,24,69,42,89
USW00023190,2019-03-10,34.4241,-119.84249,2.5,"SANTA BARBARA MUNICIPAL AIRPORT, CA US",0,144,67,23,73,60,90
USW00023190,2019-03-11,34.4241,-119.84249,2.5,"SANTA BARBARA MUNICIPAL AIRPORT, CA US",0,189,44,21,59,36,92
USW00023190,2019-03-12,34.4241,-119.84249,2.5,"SANTA BARBARA MUNICIPAL AIRPORT, CA US",0,206,94,54,52,36,71
USW00023190,2019-03-13,34.4241,-119.84249,2.5,"SANTA BARBARA MUNICIPAL AIRPORT, CA US",0,189,67,32,48,23,64
USW00023190,2019-03-14,34.4241,-119.84249,2.5,"SANTA BARBARA MUNICIPAL AIRPORT, CA US",0,189,39,15,49,21,73
USW00023190,2019-03-15,34.4241,-119.84249,2.5,"SANTA BARBARA MUNICIPAL AIRPORT, CA US",0,194,39,15,62,32,90
USW00023190,2019-03-16,34.4241,-119.84249,2.5,"SANTA BARBARA MUNICIPAL AIRPORT, CA US",0,233,61,16,54,20,83
USW00023190,2019-03-17,34.4241,-119.84249,2.5,"SANTA BARBARA MUNICIPAL AIRPORT, CA US",0,250,72,17,53,22,86
USW00023190,2019-03-18,34.4241,-119.84249,2.5,"SANTA BARBARA MUNICIPAL AIRPORT, CA US",0,206,100,18,73,47,93
USW00023190,2019-03-19,34.4241,-119.84249,2.5,"SANTA BARBARA MUNICIPAL AIRPORT, CA US",30,150,89,27,87,62,100
USW00023190,2019-03-20,34.4241,-119.84249,2.5,"SANTA BARBARA MUNICIPAL AIRPORT, CA US",0,178,94,30,77,52,97
USW00023190,2019-03-21,34.4241,-119.84249,2.5,"SANTA BARBARA MUNICIPAL AIRPORT, CA US",33,156,72,30,81,67,93
USW00023190,2019-03-22,34.4241,-119.84249,2.5,"SANTA BARBARA MUNICIPAL AIRPORT, CA US",0,167,56,21,81,67,96
USW00023190,2019-03-23,34.4241,-119.84249,2.5,"SANTA BARBARA MUNICIPAL AIRPORT, CA US",0,183,67,20,79,68,93
USW00023190,2019-03-24,34.4241,-119.84249,2.5,"SANTA BARBARA MUNICIPAL AIRPORT, CA US",0,183,67,19,82,54,93
USW00023190,2019-03-25,34.4241,-119.84249,2.5,"SANTA BARBARA MUNICIPAL AIRPORT, CA US",0,178,72,24,79,45,93
USW00023190,2019-03-26,34.4241,-119.84249,2.5,"SANTA BARBARA MUNICIPAL AIRPORT, CA US",0,183,72,20,85,63,96
USW00023190,2019-03-27,34.4241,-119.84249,2.5,"SANTA BARBARA MUNICIPAL AIRPORT, CA US",25,178,94,18,90,78,97
USW00023190,2019-03-28,34.4241,-119.84249,2.5,"SANTA BARBARA MUNICIPAL AIRPORT, CA US",0,200,89,36,67,40,97
USW00023190,2019-03-29,34.4241,-119.84249,2.5,"SANTA BARBARA MUNICIPAL AIRPORT, CA US",0,228,83,47,44,27,69
USW00023190,2019-03-30,34.4241,-119.84249,2.5,"SANTA BARBARA MUNICIPAL AIRPORT, CA US",0,228,67,20,57,24,87
USW00023190,2019-03-31,34.4241,-119.84249,2.5,"SANTA BARBARA MUNICIPAL AIRPORT, CA US",0,267,89,19,57,19,90
USW00023190,2019-04-01,34.4241,-119.84249,2.5,"SANTA BARBARA MUNICIPAL AIRPORT, CA US",0,244,100,15,65,27,97
USW00023190,2019-04-02,34.4241,-119.84249,2.5,"SANTA BARBARA MUNICIPAL AIRPORT, CA US",0,183,111,32,80,58,93
USW00023190,2019-04-03,34.4241,-119.84249,2.5,"SANTA BARBARA MUNICIPAL AIRPORT, CA US",0,183,78,24,78,63,93
USW00023190,2019-04-04,34.4241,-119.84249,2.5,"SANTA BARBARA MUNICIPAL AIRPORT, CA US",0,172,106,20,78,65,90
USW00023190,2019-04-05,34.4241,-119.84249,2.5,"SANTA BARBARA MUNICIPAL AIRPORT, CA US",0,172,78,32,83,67,97
USW00023190,2019-04-06,34.4241,-119.84249,2.5,"SANTA BARBARA MUNICIPAL AIRPORT, CA US",0,206,78,24,78,61,93
USW00023190,2019-04-07,34.4241,-119.84249,2.5,"SANTA BARBARA MUNICIPAL AIRPORT, CA US",0,239,111,26,67,37,97
USW00023190,2019-04-08,34.4241,-119.84249,2.5,"SANTA BARBARA MUNICIPAL AIRPORT, CA US",0,306,156,25,53,29,84
USW00023190,2019-04-09,34.4241,-119.84249,2.5,"SANTA BARBARA MUNICIPAL AIRPORT, CA US",0,244,133,60,52,22,84
USW00023190,2019-04-10,34.4241,-119.84249,2.5,"SANTA BARBARA MUNICIPAL AIRPORT, CA US",0,261,111,41,38,16,59
USW00023190,2019-04-11,34.4241,-119.84249,2.5,"SANTA BARBARA MUNICIPAL AIRPORT, CA US",0,250,111,61,44,26,72
USW00023190,2019-04-12,34.4241,-119.84249,2.5,"SANTA BARBARA MUNICIPAL AIRPORT, CA US",0,239,89,43,54,31,83
USW00023190,2019-04-13,34.4241,-119.84249,2.5,"SANTA BARBARA MUNICIPAL AIRPORT, CA US",0,217,83,21,67,41,96
USW00023190,2019-04-14,34.4241,-119.84249,2.5,"SANTA BARBARA MUNICIPAL AIRPORT, CA US",0,172,94,22,78,38,97
USW00023190,2019-04-15,34.4241,-119.84249,2.5,"SANTA BARBARA MUNICIPAL AIRPORT, CA US",0,156,106,27,84,72,97
USW00023190,2019-04-16,34.4241,-119.84249,2.5,"SANTA BARBARA MUNICIPAL AIRPORT, CA US",3,206,122,44,67,47,90
USW00023190,2019-04-17,34.4241,-119.84249,2.5,"SANTA BARBARA MUNICIPAL AIRPORT, CA US",0,211,72,24,73,42,90
USW00023190,2019-04-18,34.4241,-119.84249,2.5,"SANTA BARBARA MUNICIPAL AIRPORT, CA US",0,228,100,24,76,51,100
USW00023190,2019-04-19,34.4241,-119.84249,2.5,"SANTA BARBARA MUNICIPAL AIRPORT, CA US",0,167,117,29,87,67,100
USW00023190,2019-04-20,34.4241,-119.84249,2.5,"SANTA BARBARA MUNICIPAL AIRPORT, CA US",3,172,100,25,83,67,96
USW00023190,2019-04-21,34.4241,-119.84249,2.5,"SANTA BARBARA MUNICIPAL AIRPORT, CA US",0,200,67,29,63,50,83
USW00023190,2019-04-22,34.4241,-119.84249,2.5,"SANTA BARBARA MUNICIPAL AIRPORT, CA US",0,206,94,20,78,59,93
USW00023190,2019-04-23,34.4241,-119.84249,2.5,"SANTA BARBARA MUNICIPAL AIRPORT, CA US",0,228,106,28,77,55,93
USW00023190,2019-04-24,34.4241,-119.84249,2.5,"SANTA BARBARA MUNICIPAL AIRPORT, CA US",0,183,117,30,88,78,100
USW00023190,2019-04-25,34.4241,-119.84249,2.5,"SANTA BARBARA MUNICIPAL AIRPORT, CA US",0,178,122,24,92,80,100
USW00023190,2019-04-26,34.4241,-119.84249,2.5,"SANTA BARBARA MUNICIPAL AIRPORT, CA US",0,156,122,20,93,80,100
USW00023190,2019-04-27,34.4241,-119.84249,2.5,"SANTA BARBARA MUNICIPAL AIRPORT, CA US",0,161,128,22,88,78,96
USW00023190,2019-04-28,34.4241,-119.84249,2.5,"SANTA BARBARA MUNICIPAL AIRPORT, CA US",15,178,128,17,88,70,97
USW00023190,2019-04-29,34.4241,-119.84249,2.5,"SANTA BARBARA MUNICIPAL AIRPORT, CA US",3,194,117,27,81,63,97
USW00023190,2019-04-30,34.4241,-119.84249,2.5,"SANTA BARBARA MUNICIPAL AIRPORT, CA US",0,189,122,20,71,49,90
USW00023190,2019-05-01,34.4241,-119.84249,2.5,"SANTA BARBARA MUNICIPAL AIRPORT, CA US",0,189,83,23,81,63,93
USW00023190,2019-05-02,34.4241,-119.84249,2.5,"SANTA BARBARA MUNICIPAL AIRPORT, CA US",0,200,106,26,81,63,93
USW00023190,2019-05-03,34.4241,-119.84249,2.5,"SANTA BARBARA MUNICIPAL AIRPORT, CA US",0,194,100,30,83,66,93
USW00023190,2019-05-04,34.4241,-119.84249,2.5,"SANTA BARBARA MUNICIPAL AIRPORT, CA US",0,183,106,30,85,70,93
USW00023190,2019-05-05,34.4241,-119.84249,2.5,"SANTA BARBARA MUNICIPAL AIRPORT, CA US",0,183,106,27,77,63,93
USW00023190,2019-05-06,34.4241,-119.84249,2.5,"SANTA BARBARA MUNICIPAL AIRPORT, CA US",8,206,117,26,74,59,87
USW00023190,2019-05-07,34.4241,-119.84249,2.5,"SANTA BARBARA MUNICIPAL AIRPORT, CA US",0,194,89,19,73,60,89
USW00023190,2019-05-08,34.4241,-119.84249,2.5,"SANTA BARBARA MUNICIPAL AIRPORT, CA US",0,183,94,18,77,61,90
USW00023190,2019-05-09,34.4241,-119.84249,2.5,"SANTA BARBARA MUNICIPAL AIRPORT, CA US",0,172,139,10,78,70,84
USW00023190,2019-05-10,34.4241,-119.84249,2.5,"SANTA BARBARA MUNICIPAL AIRPORT, CA US",3,194,122,21,78,63,90
USW00023190,2019-05-11,34.4241,-119.84249,2.5,"SANTA BARBARA MUNICIPAL AIRPORT, CA US",0,222,100,21,79,55,93
USW00023190,2019-05-12,34.4241,-119.84249,2.5,"SANTA BARBARA MUNICIPAL AIRPORT, CA US",0,200,133,32,81,68,93
USW00023190,2019-05-13,34.4241,-119.84249,2.5,"SANTA BARBARA MUNICIPAL AIRPORT, CA US",0,178,139,20,84,78,93
USW00023190,2019-05-14,34.4241,-119.84249,2.5,"SANTA BARBARA MUNICIPAL AIRPORT, CA US",0,183,122,22,86,70,97
USW00023190,2019-05-15,34.4241,-119.84249,2.5,"SANTA BARBARA MUNICIPAL AIRPORT, CA US",5,183,117,16,82,66,93
USW00023190,2019-05-16,34.4241,-119.84249,2.5,"SANTA BARBARA MUNICIPAL AIRPORT, CA US",229,211,122,54,65,43,100
USW00023190,2019-05-17,34.4241,-119.84249,2.5,"SANTA BARBARA MUNICIPAL AIRPORT, CA US",0,222,106,60,53,37,75
USW00023190,2019-05-18,34.4241,-119.84249,2.5,"SANTA BARBARA MUNICIPAL AIRPORT, CA US",43,178,100,24,78,56,97
USW00023190,2019-05-19,34.4241,-119.84249,2.5,"SANTA BARBARA MUNICIPAL AIRPORT, CA US",191,178,111,36,82,68,97
USW00023190,2019-05-20,34.4241,-119.84249,2.5,"SANTA BARBARA MUNICIPAL AIRPORT, CA US",0,211,111,55,63,44,83
USW00023190,2019-05-21,34.4241,-119.84249,2.5,"SANTA BARBARA MUNICIPAL AIRPORT, CA US",0,211,100,56,60,41,83
USW00023190,2019-05-22,34.4241,-119.84249,2.5,"SANTA BARBARA MUNICIPAL AIRPORT, CA US",0,233,122,58,55,34,75
USW00023190,2019-05-23,34.4241,-119.84249,2.5,"SANTA BARBARA MUNICIPAL AIRPORT, CA US",0,172,100,26,80,65,90
USW00023190,2019-05-24,34.4241,-119.84249,2.5,"SANTA BARBARA MUNICIPAL AIRPORT, CA US",0,189,89,28,79,61,96
USW00023190,2019-05-25,34.4241,-119.84249,2.5,"SANTA BARBARA MUNICIPAL AIRPORT, CA US",0,183,111,31,80,70,93
USW00023190,2019-05-26,34.4241,-119.84249,2.5,"SANTA BARBARA MUNICIPAL AIRPORT, CA US",0,172,106,36,73,56,84
USW00023190,2019-05-27,34.4241,-119.84249,2.5,"SANTA BARBARA MUNICIPAL AIRPORT, CA US",0,228,100,48,59,41,83
USW00023190,2019-05-28,34.4241,-119.84249,2.5,"SANTA BARBARA MUNICIPAL AIRPORT, CA US",0,189,89,26,78,61,90
USW00023190,2019-05-29,34.4241,-119.84249,2.5,"SANTA BARBARA MUNICIPAL AIRPORT, CA US",0,200,94,23,79,61,93
USW00023190,2019-05-30,34.4241,-119.84249,2.5,"SANTA BARBARA MUNICIPAL AIRPORT, CA US",0,189,128,30,85,73,93
USW00023190,2019-05-31,34.4241,-119.84249,2.5,"SANTA BARBARA MUNICIPAL AIRPORT, CA US",0,172,122,27,86,75,97
USW00023190,2019-06-01,34.4241,-119.84249,2.5,"SANTA BARBARA MUNICIPAL AIRPORT, CA US",0,161,122,9,88,80,97
USW00023190,2019-06-02,34.4241,-119.84249,2.5,"SANTA BARBARA MUNICIPAL AIRPORT, CA US",0,183,139,18,84,73,93
USW00023190,2019-06-03,34.4241,-119.84249,2.5,"SANTA BARBARA MUNICIPAL AIRPORT, CA US",0,172,133,27,87,78,93
USW00023190,2019-06-04,34.4241,-119.84249,2.5,"SANTA BARBARA MUNICIPAL AIRPORT, CA US",0,183,133,24,89,75,97
USW00023190,2019-06-05,34.4241,-119.84249,2.5,"SANTA BARBARA MUNICIPAL AIRPORT, CA US",0,200,133,22,89,71,100
USW00023190,2019-06-06,34.4241,-119.84249,2.5,"SANTA BARBARA MUNICIPAL AIRPORT, CA US",0,183,139,28,89,78,96
USW00023190,2019-06-07,34.4241,-119.84249,2.5,"SANTA BARBARA MUNICIPAL AIRPORT, CA US",0,189,122,21,82,66,100
USW00023190,2019-06-08,34.4241,-119.84249,2.5,"SANTA BARBARA MUNICIPAL AIRPORT, CA US",0,211,117,26,79,65,93
USW00023190,2019-06-09,34.4241,-119.84249,2.5,"SANTA BARBARA MUNICIPAL AIRPORT, CA US",0,222,122,26,83,66,93
USW00023190,2019-06-10,34.4241,-119.84249,2.5,"SANTA BARBARA MUNICIPAL AIRPORT, CA US",0,267,133,25,80,54,100
USW00023190,2019-06-11,34.4241,-119.84249,2.5,"SANTA BARBARA MUNICIPAL AIRPORT, CA US",0,261,144,26,77,52,97
USW00023190,2019-06-12,34.4241,-119.84249,2.5,"SANTA BARBARA MUNICIPAL AIRPORT, CA US",0,222,150,31,84,68,97
USW00023190,2019-06-13,34.4241,-119.84249,2.5,"SANTA BARBARA MUNICIPAL AIRPORT, CA US",0,194,150,36,83,70,93
USW00023190,2019-06-14,34.4241,-119.84249,2.5,"SANTA BARBARA MUNICIPAL AIRPORT, CA US",0,189,144,25,83,75,90
USW00023190,2019-06-15,34.4241,-119.84249,2.5,"SANTA BARBARA MUNICIPAL AIRPORT, CA US",0,194,133,21,84,70,93
USW00023190,2019-06-16,34.4241,-119.84249,2.5,"SANTA BARBARA MUNICIPAL AIRPORT, CA US",0,183,117,17,83,73,96
USW00023190,2019-06-17,34.4241,-119.84249,2.5,"SANTA BARBARA MUNICIPAL AIRPORT, CA US",0,194,144,16,84,70,93
USW00023190,2019-06-18,34.4241,-119.84249,2.5,"SANTA BARBARA MUNICIPAL AIRPORT, CA US",0,206,156,24,80,68,90
USW00023190,2019-06-19,34.4241,-119.84249,2.5,"SANTA BARBARA MUNICIPAL AIRPORT, CA US",0,206,156,22,84,70,96
USW00023190,2019-06-20,34.4241,-119.84249,2.5,"SANTA BARBARA MUNICIPAL AIRPORT, CA US",0,189,156,19,84,75,93
USW00023190,2019-06-21,34.4241,-119.84249,2.5,"SANTA BARBARA MUNICIPAL AIRPORT, CA US",0,200,122,27,81,68,93
USW00023190,2019-06-22,34.4241,-119.84249,2.5,"SANTA BARBARA MUNICIPAL AIRPORT, CA US",0,206,117,26,81,65,93
USW00023190,2019-06-23,34.4241,-119.84249,2.5,"SANTA BARBARA MUNICIPAL AIRPORT, CA US",0,206,144,31,86,68,97
USW00023190,2019-06-24,34.4241,-119.84249,2.5,"SANTA BARBARA MUNICIPAL AIRPORT, CA US",0,189,144,31,88,81,97
USW00023190,2019-06-25,34.4241,-119.84249,2.5,"SANTA BARBARA MUNICIPAL AIRPORT, CA US",0,183,144,23,87,78,100
USW00023190,2019-06-26,34.4241,-119.84249,2.5,"SANTA BARBARA MUNICIPAL AIRPORT, CA US",0,211,128,20,79,63,90
USW00023190,2019-06-27,34.4241,-119.84249,2.5,"SANTA BARBARA MUNICIPAL AIRPORT, CA US",0,217,117,23,79,68,93
USW00023190,2019-06-28,34.4241,-119.84249,2.5,"SANTA BARBARA MUNICIPAL AIRPORT, CA US",0,217,139,26,81,66,93
USW00023190,2019-06-29,34.4241,-119.84249,2.5,"SANTA BARBARA MUNICIPAL AIRPORT, CA US",0,239,117,19,77,55,93
USW00023190,2019-06-30,34.4241,-119.84249,2.5,"SANTA BARBARA MUNICIPAL AIRPORT, CA US",0,250,122,23,75,50,97
USW00023190,2019-07-01,34.4241,-119.84249,2.5,"SANTA BARBARA MUNICIPAL AIRPORT, CA US",0,233,133,22,77,57,90
USW00023190,2019-07-02,34.4241,-119.84249,2.5,"SANTA BARBARA MUNICIPAL AIRPORT, CA US",0,228,144,30,75,55,87
USW00023190,2019-07-03,34.4241,-119.84249,2.5,"SANTA BARBARA MUNICIPAL AIRPORT, CA US",0,233,139,26,75,52,87
USW00023190,2019-07-04,34.4241,-119.84249,2.5,"SANTA BARBARA MUNICIPAL AIRPORT, CA US",0,211,128,22,77,59,93
USW00023190,2019-07-05,34.4241,-119.84249,2.5,"SANTA BARBARA MUNICIPAL AIRPORT, CA US",0,211,128,27,81,68,93
USW00023190,2019-07-06,34.4241,-119.84249,2.5,"SANTA BARBARA MUNICIPAL AIRPORT, CA US",0,206,144,28,87,73,96
USW00023190,2019-07-07,34.4241,-119.84249,2.5,"SANTA BARBARA MUNICIPAL AIRPORT, CA US",0,206,128,28,84,70,93
USW00023190,2019-07-08,34.4241,-119.84249,2.5,"SANTA BARBARA MUNICIPAL AIRPORT, CA US",0,206,133,23,78,63,93
USW00023190,2019-07-09,34.4241,-119.84249,2.5,"SANTA BARBARA MUNICIPAL AIRPORT, CA US",0,217,122,27,79,64,90
USW00023190,2019-07-10,34.4241,-119.84249,2.5,"SANTA BARBARA MUNICIPAL AIRPORT, CA US",0,222,133,19,82,64,93
USW00023190,2019-07-11,34.4241,-119.84249,2.5,"SANTA BARBARA MUNICIPAL AIRPORT, CA US",0,228,133,24,81,63,96
USW00023190,2019-07-12,34.4241,-119.84249,2.5,"SANTA BARBARA MUNICIPAL AIRPORT, CA US",0,239,139,25,80,56,93
USW00023190,2019-07-13,34.4241,-119.84249,2.5,"SANTA BARBARA MUNICIPAL AIRPORT, CA US",0,217,139,22,86,73,96
USW00023190,2019-07-14,34.4241,-119.84249,2.5,"SANTA BARBARA MUNICIPAL AIRPORT, CA US",0,206,144,24,88,73,100
USW00023190,2019-07-15,34.4241,-119.84249,2.5,"SANTA BARBARA MUNICIPAL AIRPORT, CA US",0,217,156,21,86,73,96
USW00023190,2019-07-16,34.4241,-119.84249,2.5,"SANTA BARBARA MUNICIPAL AIRPORT, CA US",0,261,133,21,79,58,93
USW00023190,2019-07-17,34.4241,-119.84249,2.5,"SANTA BARBARA MUNICIPAL AIRPORT, CA US",0,228,144,23,81,68,93
USW00023190,2019-07-18,34.4241,-119.84249,2.5,"SANTA BARBARA MUNICIPAL AIRPORT, CA US",0,217,150,23,84,66,96
USW00023190,2019-07-19,34.4241,-119.84249,2.5,"SANTA BARBARA MUNICIPAL AIRPORT, CA US",0,222,150,29,80,61,96
USW00023190,2019-07-20,34.4241,-119.84249,2.5,"SANTA BARBARA MUNICIPAL AIRPORT, CA US",0,217,128,29,82,64,93
USW00023190,2019-07-21,34.4241,-119.84249,2.5,"SANTA BARBARA MUNICIPAL AIRPORT, CA US",0,211,144,24,84,70,93
USW00023190,2019-07-22,34.4241,-119.84249,2.5,"SANTA BARBARA MUNICIPAL AIRPORT, CA US",0,211,150,22,86,68,96
USW00023190,2019-07-23,34.4241,-119.84249,2.5,"SANTA BARBARA MUNICIPAL AIRPORT, CA US",0,278,150,21,79,45,100
USW00023190,2019-07-24,34.4241,-119.84249,2.5,"SANTA BARBARA MUNICIPAL AIRPORT, CA US",0,289,161,24,76,40,93
USW00023190,2019-07-25,34.4241,-119.84249,2.5,"SANTA BARBARA MUNICIPAL AIRPORT, CA US",0,278,161,24,76,49,93
USW00023190,2019-07-26,34.4241,-119.84249,2.5,"SANTA BARBARA MUNICIPAL AIRPORT, CA US",0,256,150,24,76,47,93
USW00023190,2019-07-27,34.4241,-119.84249,2.5,"SANTA BARBARA MUNICIPAL AIRPORT, CA US",0,239,150,18,77,54,93
USW00023190,2019-07-28,34.4241,-119.84249,2.5,"SANTA BARBARA MUNICIPAL AIRPORT, CA US",0,228,150,29,85,68,96
USW00023190,2019-07-29,34.4241,-119.84249,2.5,"SANTA BARBARA MUNICIPAL AIRPORT, CA US",0,217,150,24,82,61,93
USW00023190,2019-07-30,34.4241,-119.84249,2.5,"SANTA BARBARA MUNICIPAL AIRPORT, CA US",0,233,139,25,78,54,90
USW00023190,2019-07-31,34.4241,-119.84249,2.5,"SANTA BARBARA MUNICIPAL AIRPORT, CA US",0,233,128,24,76,57,93
USW00023190,2019-08-01,34.4241,-119.84249,2.5,"SANTA BARBARA MUNICIPAL AIRPORT, CA US",0,244,144,25,81,56,96
USW00023190,2019-08-02,34.4241,-119.84249,2.5,"SANTA BARBARA MUNICIPAL AIRPORT, CA US",0,250,133,22,78,52,93
USW00023190,2019-08-03,34.4241,-119.84249,2.5,"SANTA BARBARA MUNICIPAL AIRPORT, CA US",0,239,150,20,80,59,96
USW00023190,2019-08-04,34.4241,-119.84249,2.5,"SANTA BARBARA MUNICIPAL AIRPORT, CA US",0,228,150,25,85,59,97
USW00023190,2019-08-05,34.4241,-119.84249,2.5,"SANTA BARBARA MUNICIPAL AIRPORT, CA US",0,261,156,23,81,49,96
USW00023190,2019-08-06,34.4241,-119.84249,2.5,"SANTA BARBARA MUNICIPAL AIRPORT, CA US",0,244,133,26,81,57,96
USW00023190,2019-08-07,34.4241,-119.84249,2.5,"SANTA BARBARA MUNICIPAL AIRPORT, CA US",0,217,144,25,85,68,97
USW00023190,2019-08-08,34.4241,-119.84249,2.5,"SANTA BARBARA MUNICIPAL AIRPORT, CA US",0,217,139,25,82,68,97
USW00023190,2019-08-09,34.4241,-119.84249,2.5,"SANTA BARBARA MUNICIPAL AIRPORT, CA US",0,239,139,22,75,48,90
USW00023190,2019-08-10,34.4241,-119.84249,2.5,"SANTA BARBARA MUNICIPAL AIRPORT, CA US",0,239,128,25,77,57,90
USW00023190,2019-08-11,34.4241,-119.84249,2.5,"SANTA BARBARA MUNICIPAL AIRPORT, CA US",0,233,139,22,82,62,93
USW00023190,2019-08-12,34.4241,-119.84249,2.5,"SANTA BARBARA MUNICIPAL AIRPORT, CA US",0,217,139,27,85,76,93
USW00023190,2019-08-13,34.4241,-119.84249,2.5,"SANTA BARBARA MUNICIPAL AIRPORT, CA US",0,206,139,31,87,73,100
USW00023190,2019-08-14,34.4241,-119.84249,2.5,"SANTA BARBARA MUNICIPAL AIRPORT, CA US",0,194,133,24,89,73,100
USW00023190,2019-08-15,34.4241,-119.84249,2.5,"SANTA BARBARA MUNICIPAL AIRPORT, CA US",0,206,139,27,90,73,100
USW00023190,2019-08-16,34.4241,-119.84249,2.5,"SANTA BARBARA MUNICIPAL AIRPORT, CA US",0,217,144,30,87,71,100
USW00023190,2019-08-17,34.4241,-119.84249,2.5,"SANTA BARBARA MUNICIPAL AIRPORT, CA US",0,217,139,24,81,66,93
USW00023190,2019-08-18,34.4241,-119.84249,2.5,"SANTA BARBARA MUNICIPAL AIRPORT, CA US",0,217,150,22,80,61,96
USW00023190,2019-08-19,34.4241,-119.84249,2.5,"SANTA BARBARA MUNICIPAL AIRPORT, CA US",0,233,128,25,79,57,93
USW00023190,2019-08-20,34.4241,-119.84249,2.5,"SANTA BARBARA MUNICIPAL AIRPORT, CA US",0,256,122,21,78,52,93
USW00023190,2019-08-21,34.4241,-119.84249,2.5,"SANTA BARBARA MUNICIPAL AIRPORT, CA US",0,267,133,17,78,52,90
USW00023190,2019-08-22,34.4241,-119.84249,2.5,"SANTA BARBARA MUNICIPAL AIRPORT, CA US",0,239,139,26,85,71,97
USW00023190,2019-08-23,34.4241,-119.84249,2.5,"SANTA BARBARA MUNICIPAL AIRPORT, CA US",0,239,156,17,82,64,96
USW00023190,2019-08-24,34.4241,-119.84249,2.5,"SANTA BARBARA MUNICIPAL AIRPORT, CA US",0,239,139,24,81,64,93
USW00023190,2019-08-25,34.4241,-119.84249,2.5,"SANTA BARBARA MUNICIPAL AIRPORT, CA US",0,233,156,22,85,71,97
USW00023190,2019-08-26,34.4241,-119.84249,2.5,"SANTA BARBARA MUNICIPAL AIRPORT, CA US",0,250,161,22,77,55,93
USW00023190,2019-08-27,34.4241,-119.84249,2.5,"SANTA BARBARA MUNICIPAL AIRPORT, CA US",0,244,150,17,79,58,93
USW00023190,2019-08-28,34.4241,-119.84249,2.5,"SANTA BARBARA MUNICIPAL AIRPORT, CA US",0,222,167,20,84,71,96
USW00023190,2019-08-29,34.4241,-119.84249,2.5,"SANTA BARBARA MUNICIPAL AIRPORT, CA US",0,278,156,21,76,47,93
USW00023190,2019-08-30,34.4241,-119.84249,2.5,"SANTA BARBARA MUNICIPAL AIRPORT, CA US",0,272,161,21,77,56,90
USW00023190,2019-08-31,34.4241,-119.84249,2.5,"SANTA BARBARA MUNICIPAL AIRPORT, CA US",0,250,150,23,80,62,93
USW00023190,2019-09-01,34.4241,-119.84249,2.5,"SANTA BARBARA MUNICIPAL AIRPORT, CA US",0,239,144,23,85,66,96
USW00023190,2019-09-02,34.4241,-119.84249,2.5,"SANTA BARBARA MUNICIPAL AIRPORT, CA US",0,256,183,22,82,66,97
USW00023190,2019-09-03,34.4241,-119.84249,2.5,"SANTA BARBARA MUNICIPAL AIRPORT, CA US",0,272,172,18,78,54,93
USW00023190,2019-09-04,34.4241,-119.84249,2.5,"SANTA BARBARA MUNICIPAL AIRPORT, CA US",0,272,161,17,77,54,93
USW00023190,2019-09-05,34.4241,-119.84249,2.5,"SANTA BARBARA MUNICIPAL AIRPORT, CA US",0,261,172,20,77,54,90
USW00023190,2019-09-06,34.4241,-119.84249,2.5,"SANTA BARBARA MUNICIPAL AIRPORT, CA US",0,261,161,21,76,54,93
USW00023190,2019-09-07,34.4241,-119.84249,2.5,"SANTA BARBARA MUNICIPAL AIRPORT, CA US",0,322,150,29,62,32,90
USW00023190,2019-09-08,34.4241,-119.84249,2.5,"SANTA BARBARA MUNICIPAL AIRPORT, CA US",0,306,117,30,61,28,90
USW00023190,2019-09-09,34.4241,-119.84249,2.5,"SANTA BARBARA MUNICIPAL AIRPORT, CA US",0,228,122,20,81,66,93
USW00023190,2019-09-10,34.4241,-119.84249,2.5,"SANTA BARBARA MUNICIPAL AIRPORT, CA US",0,250,128,24,74,47,90
USW00023190,2019-09-11,34.4241,-119.84249,2.5,"SANTA BARBARA MUNICIPAL AIRPORT, CA US",0,244,122,22,75,55,90
USW00023190,2019-09-12,34.4241,-119.84249,2.5,"SANTA BARBARA MUNICIPAL AIRPORT, CA US",0,261,139,22,76,49,96
USW00023190,2019-09-13,34.4241,-119.84249,2.5,"SANTA BARBARA MUNICIPAL AIRPORT, CA US",0,294,144,19,75,44,100
USW00023190,2019-09-14,34.4241,-119.84249,2.5,"SANTA BARBARA MUNICIPAL AIRPORT, CA US",0,294,144,20,73,48,93
USW00023190,2019-09-15,34.4241,-119.84249,2.5,"SANTA BARBARA MUNICIPAL AIRPORT, CA US",0,228,150,20,86,73,97
USW00023190,2019-09-16,34.4241,-119.84249,2.5,"SANTA BARBARA MUNICIPAL AIRPORT, CA US",0,244,156,24,75,50,93
USW00023190,2019-09-17,34.4241,-119.84249,2.5,"SANTA BARBARA MUNICIPAL AIRPORT, CA US",0,250,139,22,77,54,90
USW00023190,2019-09-18,34.4241,-119.84249,2.5,"SANTA BARBARA MUNICIPAL AIRPORT, CA US",0,244,122,18,73,52,90
USW00023190,2019-09-19,34.4241,-119.84249,2.5,"SANTA BARBARA MUNICIPAL AIRPORT, CA US",0,250,144,26,70,56,93
USW00023190,2019-09-20,34.4241,-119.84249,2.5,"SANTA BARBARA MUNICIPAL AIRPORT, CA US",0,250,122,21,72,52,87
USW00023190,2019-09-21,34.4241,-119.84249,2.5,"SANTA BARBARA MUNICIPAL AIRPORT, CA US",0,256,122,20,71,50,87
USW00023190,2019-09-22,34.4241,-119.84249,2.5,"SANTA BARBARA MUNICIPAL AIRPORT, CA US",0,278,133,16,70,41,93
USW00023190,2019-09-23,34.4241,-119.84249,2.5,"SANTA BARBARA MUNICIPAL AIRPORT, CA US",0,228,144,18,83,68,93
USW00023190,2019-09-24,34.4241,-119.84249,2.5,"SANTA BARBARA MUNICIPAL AIRPORT, CA US",0,244,161,25,83,62,93
USW00023190,2019-09-25,34.4241,-119.84249,2.5,"SANTA BARBARA MUNICIPAL AIRPORT, CA US",0,256,167,38,82,66,97
USW00023190,2019-09-26,34.4241,-119.84249,2.5,"SANTA BARBARA MUNICIPAL AIRPORT, CA US",0,244,194,34,76,68,87
USW00023190,2019-09-27,34.4241,-119.84249,2.5,"SANTA BARBARA MUNICIPAL AIRPORT, CA US",0,222,178,24,76,66,87
USW00023190,2019-09-28,34.4241,-119.84249,2.5,"SANTA BARBARA MUNICIPAL AIRPORT, CA US",0,261,128,30,60,21,81
USW00023190,2019-09-29,34.4241,-119.84249,2.5,"SANTA BARBARA MUNICIPAL AIRPORT, CA US",0,267,72,33,47,19,77
USW00023190,2019-09-30,34.4241,-119.84249,2.5,"SANTA BARBARA MUNICIPAL AIRPORT, CA US",0,272,72,32,45,20,74
USW00023190,2019-10-01,34.4241,-119.84249,2.5,"SANTA BARBARA MUNICIPAL AIRPORT, CA US",0,222,83,18,56,28,73
USW00023190,2019-10-02,34.4241,-119.84249,2.5,"SANTA BARBARA MUNICIPAL AIRPORT, CA US",0,239,83,18,60,31,86
USW00023190,2019-10-03,34.4241,-119.84249,2.5,"SANTA BARBARA MUNICIPAL AIRPORT, CA US",0,228,89,15,68,47,86
USW00023190,2019-10-04,34.4241,-119.84249,2.5,"SANTA BARBARA MUNICIPAL AIRPORT, CA US",0,233,100,14,74,46,89
USW00023190,2019-10-05,34.4241,-119.84249,2.5,"SANTA BARBARA MUNICIPAL AIRPORT, CA US",0,244,89,15,67,34,83
USW00023190,2019-10-06,34.4241,-119.84249,2.5,"SANTA BARBARA MUNICIPAL AIRPORT, CA US",0,250,94,17,70,36,89
USW00023190,2019-10-07,34.4241,-119.84249,2.5,"SANTA BARBARA MUNICIPAL AIRPORT, CA US",0,228,100,20,79,63,100
USW00023190,2019-10-08,34.4241,-119.84249,2.5,"SANTA BARBARA MUNICIPAL AIRPORT, CA US",0,222,117,26,82,59,93
USW00023190,2019-10-09,34.4241,-119.84249,2.5,"SANTA BARBARA MUNICIPAL AIRPORT, CA US",0,194,111,25,79,68,87
USW00023190,2019-10-10,34.4241,-119.84249,2.5,"SANTA BARBARA MUNICIPAL AIRPORT, CA US",0,239,117,20,63,41,90
USW00023190,2019-10-11,34.4241,-119.84249,2.5,"SANTA BARBARA MUNICIPAL AIRPORT, CA US",0,283,61,11,33,8,71
USW00023190,2019-10-12,34.4241,-119.84249,2.5,"SANTA BARBARA MUNICIPAL AIRPORT, CA US",0,278,72,13,40,6,60
USW00023190,2019-10-13,34.4241,-119.84249,2.5,"SANTA BARBARA MUNICIPAL AIRPORT, CA US",0,217,67,17,70,41,84
USW00023190,2019-10-14,34.4241,-119.84249,2.5,"SANTA BARBARA MUNICIPAL AIRPORT, CA US",0,211,106,25,74,60,89
USW00023190,2019-10-15,34.4241,-119.84249,2.5,"SANTA BARBARA MUNICIPAL AIRPORT, CA US",0,222,94,17,78,52,93
USW00023190,2019-10-16,34.4241,-119.84249,2.5,"SANTA BARBARA MUNICIPAL AIRPORT, CA US",0,233,78,13,78,57,90
USW00023190,2019-10-17,34.4241,-119.84249,2.5,"SANTA BARBARA MUNICIPAL AIRPORT, CA US",0,278,106,34,58,31,93
USW00023190,2019-10-18,34.4241,-119.84249,2.5,"SANTA BARBARA MUNICIPAL AIRPORT, CA US",0,272,117,41,36,19,87
USW00023190,2019-10-19,34.4241,-119.84249,2.5,"SANTA BARBARA MUNICIPAL AIRPORT, CA US",0,300,111,35,56,24,84
USW00023190,2019-10-20,34.4241,-119.84249,2.5,"SANTA BARBARA MUNICIPAL AIRPORT, CA US",0,294,133,17,44,24,60
USW00023190,2019-10-21,34.4241,-119.84249,2.5,"SANTA BARBARA MUNICIPAL AIRPORT, CA US",0,306,100,17,58,17,90
USW00023190,2019-10-22,34.4241,-119.84249,2.5,"SANTA BARBARA MUNICIPAL AIRPORT, CA US",0,322,111,11,58,14,93
USW00023190,2019-10-23,34.4241,-119.84249,2.5,"SANTA BARBARA MUNICIPAL AIRPORT, CA US",0,289,89,9,62,22,90
USW00023190,2019-10-24,34.4241,-119.84249,2.5,"SANTA BARBARA MUNICIPAL AIRPORT, CA US",0,333,106,10,41,11,87
USW00023190,2019-10-25,34.4241,-119.84249,2.5,"SANTA BARBARA MUNICIPAL AIRPORT, CA US",0,333,78,15,34,7,70
USW00023190,2019-10-26,34.4241,-119.84249,2.5,"SANTA BARBARA MUNICIPAL AIRPORT, CA US",0,272,89,12,59,20,90
USW00023190,2019-10-27,34.4241,-119.84249,2.5,"SANTA BARBARA MUNICIPAL AIRPORT, CA US",0,206,111,20,76,66,87
USW00023190,2019-10-28,34.4241,-119.84249,2.5,"SANTA BARBARA MUNICIPAL AIRPORT, CA US",0,211,72,17,65,42,93
USW00023190,2019-10-29,34.4241,-119.84249,2.5,"SANTA BARBARA MUNICIPAL AIRPORT, CA US",0,200,44,18,47,19,77
USW00023190,2019-10-30,34.4241,-119.84249,2.5,"SANTA BARBARA MUNICIPAL AIRPORT, CA US",0,233,56,17,46,20,74
USW00023190,2019-10-31,34.4241,-119.84249,2.5,"SANTA BARBARA MUNICIPAL AIRPORT, CA US",0,233,22,15,36,8,63
USW00023190,2019-11-01,34.4241,-119.84249,2.5,"SANTA BARBARA MUNICIPAL AIRPORT, CA US",0,233,28,13,45,12,81
USW00023190,2019-11-02,34.4241,-119.84249,2.5,"SANTA BARBARA MUNICIPAL AIRPORT, CA US",0,272,28,12,41,6,68
USW00023190,2019-11-03,34.4241,-119.84249,2.5,"SANTA BARBARA MUNICIPAL AIRPORT, CA US",0,217,56,12,70,47,97
USW00023190,2019-11-04,34.4241,-119.84249,2.5,"SANTA BARBARA MUNICIPAL AIRPORT, CA US",0,200,67,11,,,
USW00023190,2019-11-05,34.4241,-119.84249,2.5,"SANTA BARBARA MUNICIPAL AIRPORT, CA US",0,217,61,16,80,51,97
USW00023190,2019-11-06,34.4241,-119.84249,2.5,"SANTA BARBARA MUNICIPAL AIRPORT, CA US",0,200,78,22,83,70,97
USW00023190,2019-11-07,34.4241,-119.84249,2.5,"SANTA BARBARA MUNICIPAL AIRPORT, CA US",0,194,89,21,81,68,93
USW00023190,2019-11-08,34.4241,-119.84249,2.5,"SANTA BARBARA MUNICIPAL AIRPORT, CA US",0,239,72,10,80,44,97
USW00023190,2019-11-09,34.4241,-119.84249,2.5,"SANTA BARBARA MUNICIPAL AIRPORT, CA US",0,261,72,9,80,33,100
USW00023190,2019-11-10,34.4241,-119.84249,2.5,"SANTA BARBARA MUNICIPAL AIRPORT, CA US",0,206,56,13,84,71,100
USW00023190,2019-11-11,34.4241,-119.84249,2.5,"SANTA BARBARA MUNICIPAL AIRPORT, CA US",0,194,111,22,84,68,96
USW00023190,2019-11-12,34.4241,-119.84249,2.5,"SANTA BARBARA MUNICIPAL AIRPORT, CA US",0,189,133,20,87,70,97
USW00023190,2019-11-13,34.4241,-119.84249,2.5,"SANTA BARBARA MUNICIPAL AIRPORT, CA US",0,183,117,25,83,70,90
USW00023190,2019-11-14,34.4241,-119.84249,2.5,"SANTA BARBARA MUNICIPAL AIRPORT, CA US",0,200,106,24,79,63,93
USW00023190,2019-11-15,34.4241,-119.84249,2.5,"SANTA BARBARA MUNICIPAL AIRPORT, CA US",0,189,83,13,82,68,93
USW00023190,2019-11-16,34.4241,-119.84249,2.5,"SANTA BARBARA MUNICIPAL AIRPORT, CA US",0,233,67,9,79,41,93
USW00023190,2019-11-17,34.4241,-119.84249,2.5,"SANTA BARBARA MUNICIPAL AIRPORT, CA US",0,294,61,16,47,14,83
USW00023190,2019-11-18,34.4241,-119.84249,2.5,"SANTA BARBARA MUNICIPAL AIRPORT, CA US",0,300,72,9,57,14,90
USW00023190,2019-11-19,34.4241,-119.84249,2.5,"SANTA BARBARA MUNICIPAL AIRPORT, CA US",0,222,78,24,70,52,90
USW00023190,2019-11-20,34.4241,-119.84249,2.5,"SANTA BARBARA MUNICIPAL AIRPORT, CA US",0,189,94,32,67,43,81
USW00023190,2019-11-21,34.4241,-119.84249,2.5,"SANTA BARBARA MUNICIPAL AIRPORT, CA US",0,183,72,13,71,54,90
USW00023190,2019-11-22,34.4241,-119.84249,2.5,"SANTA BARBARA MUNICIPAL AIRPORT, CA US",0,189,67,8,73,56,86
USW00023190,2019-11-23,34.4241,-119.84249,2.5,"SANTA BARBARA MUNICIPAL AIRPORT, CA US",0,233,56,14,57,25,90
USW00023190,2019-11-24,34.4241,-119.84249,2.5,"SANTA BARBARA MUNICIPAL AIRPORT, CA US",0,222,39,10,60,27,83
USW00023190,2019-11-25,34.4241,-119.84249,2.5,"SANTA BARBARA MUNICIPAL AIRPORT, CA US",0,222,28,30,52,11,93
USW00023190,2019-11-26,34.4241,-119.84249,2.5,"SANTA BARBARA MUNICIPAL AIRPORT, CA US",0,183,44,16,42,20,63
USW00023190,2019-11-27,34.4241,-119.84249,2.5,"SANTA BARBARA MUNICIPAL AIRPORT, CA US",274,144,50,33,78,57,93
USW00023190,2019-11-28,34.4241,-119.84249,2.5,"SANTA BARBARA MUNICIPAL AIRPORT, CA US",79,133,33,20,81,59,96
USW00023190,2019-11-29,34.4241,-119.84249,2.5,"SANTA BARBARA MUNICIPAL AIRPORT, CA US",3,144,17,19,74,47,97
USW00023190,2019-11-30,34.4241,-119.84249,2.5,"SANTA BARBARA MUNICIPAL AIRPORT, CA US",15,139,28,23,,,
USW00023190,2019-12-01,34.4241,-119.84249,2.5,"SANTA BARBARA MUNICIPAL AIRPORT, CA US",0,172,89,31,69,48,86
USW00023190,2019-12-02,34.4241,-119.84249,2.5,"SANTA BARBARA MUNICIPAL AIRPORT, CA US",0,178,106,8,,,
USW00023190,2019-12-03,34.4241,-119.84249,2.5,"SANTA BARBARA MUNICIPAL AIRPORT, CA US",28,172,78,13,78,52,93
USW00023190,2019-12-04,34.4241,-119.84249,2.5,"SANTA BARBARA MUNICIPAL AIRPORT, CA US",165,172,128,38,87,78,96
USW00023190,2019-12-05,34.4241,-119.84249,2.5,"SANTA BARBARA MUNICIPAL AIRPORT, CA US",0,178,106,23,83,70,97
USW00023190,2019-12-06,34.4241,-119.84249,2.5,"SANTA BARBARA MUNICIPAL AIRPORT, CA US",13,178,78,27,86,67,97
USW00023190,2019-12-07,34.4241,-119.84249,2.5,"SANTA BARBARA MUNICIPAL AIRPORT, CA US",84,167,139,25,95,90,100
USW00023190,2019-12-08,34.4241,-119.84249,2.5,"SANTA BARBARA MUNICIPAL AIRPORT, CA US",64,178,100,30,89,75,100
USW00023190,2019-12-09,34.4241,-119.84249,2.5,"SANTA BARBARA MUNICIPAL AIRPORT, CA US",0,189,67,15,78,49,93
USW00023190,2019-12-10,34.4241,-119.84249,2.5,"SANTA BARBARA MUNICIPAL AIRPORT, CA US",0,183,56,9,85,62,97
USW00023190,2019-12-11,34.4241,-119.84249,2.5,"SANTA BARBARA MUNICIPAL AIRPORT, CA US",0,194,56,15,78,47,97
USW00023190,2019-12-12,34.4241,-119.84249,2.5,"SANTA BARBARA MUNICIPAL AIRPORT, CA US",0,194,89,17,83,59,100
USW00023190,2019-12-13,34.4241,-119.84249,2.5,"SANTA BARBARA MUNICIPAL AIRPORT, CA US",0,233,78,14,84,44,100
USW00023190,2019-12-14,34.4241,-119.84249,2.5,"SANTA BARBARA MUNICIPAL AIRPORT, CA US",0,211,100,38,64,44,87
USW00023190,2019-12-15,34.4241,-119.84249,2.5,"SANTA BARBARA MUNICIPAL AIRPORT, CA US",0,189,72,41,42,22,70
USW00023190,2019-12-16,34.4241,-119.84249,2.5,"SANTA BARBARA MUNICIPAL AIRPORT, CA US",0,178,28,8,62,24,93
USW00023190,2019-12-17,34.4241,-119.84249,2.5,"SANTA BARBARA MUNICIPAL AIRPORT, CA US",0,178,17,17,57,27,86
USW00023190,2019-12-18,34.4241,-119.84249,2.5,"SANTA BARBARA MUNICIPAL AIRPORT, CA US",0,161,22,21,63,36,83
USW00023190,2019-12-19,34.4241,-119.84249,2.5,"SANTA BARBARA MUNICIPAL AIRPORT, CA US",0,172,44,13,67,38,89
USW00023190,2019-12-20,34.4241,-119.84249,2.5,"SANTA BARBARA MUNICIPAL AIRPORT, CA US",0,211,33,8,60,22,89
USW00023190,2019-12-21,34.4241,-119.84249,2.5,"SANTA BARBARA MUNICIPAL AIRPORT, CA US",0,189,50,23,54,37,79
USW00023190,2019-12-22,34.4241,-119.84249,2.5,"SANTA BARBARA MUNICIPAL AIRPORT, CA US",414,161,117,48,79,44,97
USW00023190,2019-12-23,34.4241,-119.84249,2.5,"SANTA BARBARA MUNICIPAL AIRPORT, CA US",33,139,56,13,92,81,97
USW00023190,2019-12-24,34.4241,-119.84249,2.5,"SANTA BARBARA MUNICIPAL AIRPORT, CA US",0,161,28,22,72,44,100
USW00023190,2019-12-25,34.4241,-119.84249,2.5,"SANTA BARBARA MUNICIPAL AIRPORT, CA US",259,139,44,39,79,62,93
USW00023190,2019-12-26,34.4241,-119.84249,2.5,"SANTA BARBARA MUNICIPAL AIRPORT, CA US",0,139,44,17,73,51,97
USW00023190,2019-12-27,34.4241,-119.84249,2.5,"SANTA BARBARA MUNICIPAL AIRPORT, CA US",0,167,22,24,59,36,82
USW00023190,2019-12-28,34.4241,-119.84249,2.5,"SANTA BARBARA MUNICIPAL AIRPORT, CA US",0,150,11,12,75,58,89
USW00023190,2019-12-29,34.4241,-119.84249,2.5,"SANTA BARBARA MUNICIPAL AIRPORT, CA US",0,156,33,15,83,65,97
USW00023190,2019-12-30,34.4241,-119.84249,2.5,"SANTA BARBARA MUNICIPAL AIRPORT, CA US",30,161,72,19,80,58,93
USW00023190,2019-12-31,34.4241,-119.84249,2.5,"SANTA BARBARA MUNICIPAL AIRPORT, CA US",0,189,39,11,77,39,97
USW00023190,2020-01-01,34.4241,-119.84249,2.5,"SANTA BARBARA MUNICIPAL AIRPORT, CA US",0,189,39,18,75,38,93
USW00023190,2020-01-02,34.4241,-119.84249,2.5,"SANTA BARBARA MUNICIPAL AIRPORT, CA US",0,206,83,21,65,42,93
USW00023190,2020-01-03,34.4241,-119.84249,2.5,"SANTA BARBARA MUNICIPAL AIRPORT, CA US",0,194,50,12,72,49,90
USW00023190,2020-01-04,34.4241,-119.84249,2.5,"SANTA BARBARA MUNICIPAL AIRPORT, CA US",0,156,39,10,87,70,100
USW00023190,2020-01-05,34.4241,-119.84249,2.5,"SANTA BARBARA MUNICIPAL AIRPORT, CA US",0,194,22,26,64,20,97
USW00023190,2020-01-06,34.4241,-119.84249,2.5,"SANTA BARBARA MUNICIPAL AIRPORT, CA US",0,217,39,12,54,20,97
USW00023190,2020-01-07,34.4241,-119.84249,2.5,"SANTA BARBARA MUNICIPAL AIRPORT, CA US",0,211,28,13,64,22,83
USW00023190,2020-01-08,34.4241,-119.84249,2.5,"SANTA BARBARA MUNICIPAL AIRPORT, CA US",0,194,33,31,52,34,89
USW00023190,2020-01-09,34.4241,-119.84249,2.5,"SANTA BARBARA MUNICIPAL AIRPORT, CA US",0,167,67,42,54,45,83
USW00023190,2020-01-10,34.4241,-119.84249,2.5,"SANTA BARBARA MUNICIPAL AIRPORT, CA US",0,167,22,16,72,52,89
USW00023190,2020-01-11,34.4241,-119.84249,2.5,"SANTA BARBARA MUNICIPAL AIRPORT, CA US",0,200,22,18,67,38,97
USW00023190,2020-01-12,34.4241,-119.84249,2.5,"SANTA BARBARA MUNICIPAL AIRPORT, CA US",0,161,33,14,70,50,89
USW00023190,2020-01-13,34.4241,-119.84249,2.5,"SANTA BARBARA MUNICIPAL AIRPORT, CA US",0,161,22,13,75,53,93
USW00023190,2020-01-14,34.4241,-119.84249,2.5,"SANTA BARBARA MUNICIPAL AIRPORT, CA US",0,156,22,17,75,51,96
USW00023190,2020-01-15,34.4241,-119.84249,2.5,"SANTA BARBARA MUNICIPAL AIRPORT, CA US",0,161,28,13,83,62,96
USW00023190,2020-01-16,34.4241,-119.84249,2.5,"SANTA BARBARA MUNICIPAL AIRPORT, CA US",127,144,39,16,82,59,96
USW00023190,2020-01-17,34.4241,-119.84249,2.5,"SANTA BARBARA MUNICIPAL AIRPORT, CA US",0,144,22,15,77,53,93
USW00023190,2020-01-18,34.4241,-119.84249,2.5,"SANTA BARBARA MUNICIPAL AIRPORT, CA US",0,167,22,8,78,58,97
USW00023190,2020-01-19,34.4241,-119.84249,2.5,"SANTA BARBARA MUNICIPAL AIRPORT, CA US",0,194,28,8,67,30,93
USW00023190,2020-01-20,34.4241,-119.84249,2.5,"SANTA BARBARA MUNICIPAL AIRPORT, CA US",5,167,89,14,79,64,96
USW00023190,2020-01-21,34.4241,-119.84249,2.5,"SANTA BARBARA MUNICIPAL AIRPORT, CA US",8,167,83,16,85,67,97
USW00023190,2020-01-22,34.4241,-119.84249,2.5,"SANTA BARBARA MUNICIPAL AIRPORT, CA US",0,222,78,24,76,51,97
USW00023190,2020-01-23,34.4241,-119.84249,2.5,"SANTA BARBARA MUNICIPAL AIRPORT, CA US",0,206,56,13,83,53,100
USW00023190,2020-01-24,34.4241,-119.84249,2.5,"SANTA BARBARA MUNICIPAL AIRPORT, CA US",0,206,56,15,70,28,93
USW00023190,2020-01-25,34.4241,-119.84249,2.5,"SANTA BARBARA MUNICIPAL AIRPORT, CA US",0,178,78,18,83,51,100
USW00023190,2020-01-26,34.4241,-119.84249,2.5,"SANTA BARBARA MUNICIPAL AIRPORT, CA US",0,172,100,18,85,70,97
USW00023190,2020-01-27,34.4241,-119.84249,2.5,"SANTA BARBARA MUNICIPAL AIRPORT, CA US",0,233,67,31,51,25,93
USW00023190,2020-01-28,34.4241,-119.84249,2.5,"SANTA BARBARA MUNICIPAL AIRPORT, CA US",0,239,56,40,43,19,68
USW00023190,2020-01-29,34.4241,-119.84249,2.5,"SANTA BARBARA MUNICIPAL AIRPORT, CA US",0,217,72,23,44,23,69
USW00023190,2020-01-30,34.4241,-119.84249,2.5,"SANTA BARBARA MUNICIPAL AIRPORT, CA US",0,200,50,11,65,37,90
USW00023190,2020-01-31,34.4241,-119.84249,2.5,"SANTA BARBARA MUNICIPAL AIRPORT, CA US",0,233,61,14,59,27,86
USW00023190,2020-02-01,34.4241,-119.84249,2.5,"SANTA BARBARA MUNICIPAL AIRPORT, CA US",0,244,61,13,70,33,93
USW00023190,2020-02-02,34.4241,-119.84249,2.5,"SANTA BARBARA MUNICIPAL AIRPORT, CA US",0,211,83,33,55,24,100
USW00023190,2020-02-03,34.4241,-119.84249,2.5,"SANTA BARBARA MUNICIPAL AIRPORT, CA US",0,167,50,51,27,15,49
USW00023190,2020-02-04,34.4241,-119.84249,2.5,"SANTA BARBARA MUNICIPAL AIRPORT, CA US",0,144,0,18,47,25,76
USW00023190,2020-02-05,34.4241,-119.84249,2.5,"SANTA BARBARA MUNICIPAL AIRPORT, CA US",0,156,6,13,62,36,85
USW00023190,2020-02-06,34.4241,-119.84249,2.5,"SANTA BARBARA MUNICIPAL AIRPORT, CA US",0,161,33,14,71,46,86
USW00023190,2020-02-07,34.4241,-119.84249,2.5,"SANTA BARBARA MUNICIPAL AIRPORT, CA US",0,167,33,12,80,56,93
USW00023190,2020-02-08,34.4241,-119.84249,2.5,"SANTA BARBARA MUNICIPAL AIRPORT, CA US",0,156,56,13,81,36,96
USW00023190,2020-02-09,34.4241,-119.84249,2.5,"SANTA BARBARA MUNICIPAL AIRPORT, CA US",0,172,72,29,61,38,90
USW00023190,2020-02-10,34.4241,-119.84249,2.5,"SANTA BARBARA MUNICIPAL AIRPORT, CA US",0,239,56,45,27,13,61
USW00023190,2020-02-11,34.4241,-119.84249,2.5,"SANTA BARBARA MUNICIPAL AIRPORT, CA US",0,189,44,22,51,34,68
USW00023190,2020-02-12,34.4241,-119.84249,2.5,"SANTA BARBARA MUNICIPAL AIRPORT, CA US",0,167,33,21,79,58,90
USW00023190,2020-02-13,34.4241,-119.84249,2.5,"SANTA BARBARA MUNICIPAL AIRPORT, CA US",0,167,61,16,82,63,96
USW00023190,2020-02-14,34.4241,-119.84249,2.5,"SANTA BARBARA MUNICIPAL AIRPORT, CA US",0,172,50,12,81,56,93
USW00023190,2020-02-15,34.4241,-119.84249,2.5,"SANTA BARBARA MUNICIPAL AIRPORT, CA US",0,172,56,15,82,60,93
USW00023190,2020-02-16,34.4241,-119.84249,2.5,"SANTA BARBARA MUNICIPAL AIRPORT, CA US",0,183,61,17,85,65,97
USW00023190,2020-02-17,34.4241,-119.84249,2.5,"SANTA BARBARA MUNICIPAL AIRPORT, CA US",0,200,50,11,82,42,100
USW00023190,2020-02-18,34.4241,-119.84249,2.5,"SANTA BARBARA MUNICIPAL AIRPORT, CA US",0,178,83,22,88,70,100
USW00023190,2020-02-19,34.4241,-119.84249,2.5,"SANTA BARBARA MUNICIPAL AIRPORT, CA US",0,178,61,19,84,70,100
USW00023190,2020-02-20,34.4241,-119.84249,2.5,"SANTA BARBARA MUNICIPAL AIRPORT, CA US",0,217,56,16,74,23,96
USW00023190,2020-02-21,34.4241,-119.84249,2.5,"SANTA BARBARA MUNICIPAL AIRPORT, CA US",0,211,78,23,66,27,87
USW00023190,2020-02-22,34.4241,-119.84249,2.5,"SANTA BARBARA MUNICIPAL AIRPORT, CA US",8,178,89,29,72,62,87
USW00023190,2020-02-23,34.4241,-119.84249,2.5,"SANTA BARBARA MUNICIPAL AIRPORT, CA US",0,178,61,18,73,54,93
USW00023190,2020-02-24,34.4241,-119.84249,2.5,"SANTA BARBARA MUNICIPAL AIRPORT, CA US",0,222,56,17,69,13,97
USW00023190,2020-02-25,34.4241,-119.84249,2.5,"SANTA BARBARA MUNICIPAL AIRPORT, CA US",0,267,61,16,50,15,79
USW00023190,2020-02-26,34.4241,-119.84249,2.5,"SANTA BARBARA MUNICIPAL AIRPORT, CA US",0,233,56,14,49,13,80
USW00023190,2020-02-27,34.4241,-119.84249,2.5,"SANTA BARBARA MUNICIPAL AIRPORT, CA US",0,244,61,13,46,22,73
USW00023190,2020-02-28,34.4241,-119.84249,2.5,"SANTA BARBARA MUNICIPAL AIRPORT, CA US",0,272,83,16,42,11,69
USW00023190,2020-02-29,34.4241,-119.84249,2.5,"SANTA BARBARA MUNICIPAL AIRPORT, CA US",0,194,89,21,66,49,84
USW00023190,2020-03-01,34.4241,-119.84249,2.5,"SANTA BARBARA MUNICIPAL AIRPORT, CA US",36,161,61,41,65,42,93
USW00023190,2020-03-02,34.4241,-119.84249,2.5,"SANTA BARBARA MUNICIPAL AIRPORT, CA US",0,228,44,30,46,18,97
USW00023190,2020-03-03,34.4241,-119.84249,2.5,"SANTA BARBARA MUNICIPAL AIRPORT, CA US",0,217,22,22,62,21,93
USW00023190,2020-03-04,34.4241,-119.84249,2.5,"SANTA BARBARA MUNICIPAL AIRPORT, CA US",0,172,78,23,85,73,100
USW00023190,2020-03-05,34.4241,-119.84249,2.5,"SANTA BARBARA MUNICIPAL AIRPORT, CA US",0,178,94,28,83,68,93
USW00023190,2020-03-06,34.4241,-119.84249,2.5,"SANTA BARBARA MUNICIPAL AIRPORT, CA US",0,178,83,29,82,70,97
USW00023190,2020-03-07,34.4241,-119.84249,2.5,"SANTA BARBARA MUNICIPAL AIRPORT, CA US",0,161,72,23,76,60,93
USW00023190,2020-03-08,34.4241,-119.84249,2.5,"SANTA BARBARA MUNICIPAL AIRPORT, CA US",0,172,44,19,69,44,92
USW00023190,2020-03-09,34.4241,-119.84249,2.5,"SANTA BARBARA MUNICIPAL AIRPORT, CA US",0,217,89,21,61,41,81
USW00023190,2020-03-10,34.4241,-119.84249,2.5,"SANTA BARBARA MUNICIPAL AIRPORT, CA US",114,178,139,37,88,73,97
USW00023190,2020-03-11,34.4241,-119.84249,2.5,"SANTA BARBARA MUNICIPAL AIRPORT, CA US",51,189,111,29,85,63,97
USW00023190,2020-03-12,34.4241,-119.84249,2.5,"SANTA BARBARA MUNICIPAL AIRPORT, CA US",25,189,94,14,86,70,96
USW00023190,2020-03-13,34.4241,-119.84249,2.5,"SANTA BARBARA MUNICIPAL AIRPORT, CA US",18,144,122,19,87,74,97
USW00023190,2020-03-14,34.4241,-119.84249,2.5,"SANTA BARBARA MUNICIPAL AIRPORT, CA US",33,167,117,27,84,74,93
USW00023190,2020-03-15,34.4241,-119.84249,2.5,"SANTA BARBARA MUNICIPAL AIRPORT, CA US",36,161,106,28,81,65,96
USW00023190,2020-03-16,34.4241,-119.84249,2.5,"SANTA BARBARA MUNICIPAL AIRPORT, CA US",267,133,44,40,86,67,97
USW00023190,2020-03-17,34.4241,-119.84249,2.5,"SANTA BARBARA MUNICIPAL AIRPORT, CA US",36,139,39,19,75,53,97
USW00023190,2020-03-18,34.4241,-119.84249,2.5,"SANTA BARBARA MUNICIPAL AIRPORT, CA US",0,189,22,42,61,36,89
USW00023190,2020-03-19,34.4241,-119.84249,2.5,"SANTA BARBARA MUNICIPAL AIRPORT, CA US",0,161,44,24,71,51,85
USW00023190,2020-03-20,34.4241,-119.84249,2.5,"SANTA BARBARA MUNICIPAL AIRPORT, CA US",8,161,89,21,80,65,93
USW00023190,2020-03-21,34.4241,-119.84249,2.5,"SANTA BARBARA MUNICIPAL AIRPORT, CA US",0,167,83,21,78,60,96
USW00023190,2020-03-22,34.4241,-119.84249,2.5,"SANTA BARBARA MUNICIPAL AIRPORT, CA US",163,178,89,43,83,58,97
USW00023190,2020-03-23,34.4241,-119.84249,2.5,"SANTA BARBARA MUNICIPAL AIRPORT, CA US",0,172,78,28,81,65,97
USW00023190,2020-03-24,34.4241,-119.84249,2.5,"SANTA BARBARA MUNICIPAL AIRPORT, CA US",0,172,72,36,72,54,93
USW00023190,2020-03-25,34.4241,-119.84249,2.5,"SANTA BARBARA MUNICIPAL AIRPORT, CA US",0,172,67,34,65,48,86
USW00023190,2020-03-26,34.4241,-119.84249,2.5,"SANTA BARBARA MUNICIPAL AIRPORT, CA US",0,156,39,45,56,36,76
USW00023190,2020-03-27,34.4241,-119.84249,2.5,"SANTA BARBARA MUNICIPAL AIRPORT, CA US",0,194,39,35,55,31,73
USW00023190,2020-03-28,34.4241,-119.84249,2.5,"SANTA BARBARA MUNICIPAL AIRPORT, CA US",0,167,44,16,71,50,83
USW00023190,2020-03-29,34.4241,-119.84249,2.5,"SANTA BARBARA MUNICIPAL AIRPORT, CA US",0,194,67,43,69,42,86
USW00023190,2020-03-30,34.4241,-119.84249,2.5,"SANTA BARBARA MUNICIPAL AIRPORT, CA US",0,189,56,17,79,49,93
USW00023190,2020-03-31,34.4241,-119.84249,2.5,"SANTA BARBARA MUNICIPAL AIRPORT, CA US",0,194,72,14,76,56,93
USW00023190,2020-04-01,34.4241,-119.84249,2.5,"SANTA BARBARA MUNICIPAL AIRPORT, CA US",0,189,89,29,77,56,93
USW00023190,2020-04-02,34.4241,-119.84249,2.5,"SANTA BARBARA MUNICIPAL AIRPORT, CA US",0,194,89,25,64,39,80
USW00023190,2020-04-03,34.4241,-119.84249,2.5,"SANTA BARBARA MUNICIPAL AIRPORT, CA US",0,189,50,22,66,43,83
USW00023190,2020-04-04,34.4241,-119.84249,2.5,"SANTA BARBARA MUNICIPAL AIRPORT, CA US",0,178,61,23,73,56,90
USW00023190,2020-04-05,34.4241,-119.84249,2.5,"SANTA BARBARA MUNICIPAL AIRPORT, CA US",284,139,94,42,89,81,97
USW00023190,2020-04-06,34.4241,-119.84249,2.5,"SANTA BARBARA MUNICIPAL AIRPORT, CA US",28,167,72,25,78,58,97
USW00023190,2020-04-07,34.4241,-119.84249,2.5,"SANTA BARBARA MUNICIPAL AIRPORT, CA US",76,161,56,16,76,52,90
USW00023190,2020-04-08,34.4241,-119.84249,2.5,"SANTA BARBARA MUNICIPAL AIRPORT, CA US",3,150,72,25,78,64,93
USW00023190,2020-04-09,34.4241,-119.84249,2.5,"SANTA BARBARA MUNICIPAL AIRPORT, CA US",132,122,83,27,87,80,97
USW00023190,2020-04-10,34.4241,-119.84249,2.5,"SANTA BARBARA MUNICIPAL AIRPORT, CA US",0,172,61,15,80,58,100
USW00023190,2020-04-11,34.4241,-119.84249,2.5,"SANTA BARBARA MUNICIPAL AIRPORT, CA US",0,211,94,32,74,61,90
USW00023190,2020-04-12,34.4241,-119.84249,2.5,"SANTA BARBARA MUNICIPAL AIRPORT, CA US",0,156,128,19,81,75,90
USW00023190,2020-04-13,34.4241,-119.84249,2.5,"SANTA BARBARA MUNICIPAL AIRPORT, CA US",0,183,106,20,75,63,93
USW00023190,2020-04-14,34.4241,-119.84249,2.5,"SANTA BARBARA MUNICIPAL AIRPORT, CA US",0,211,78,13,82,59,97
USW00023190,2020-04-15,34.4241,-119.84249,2.5,"SANTA BARBARA MUNICIPAL AIRPORT, CA US",0,233,83,19,73,43,93
USW00023190,2020-04-16,34.4241,-119.84249,2.5,"SANTA BARBARA MUNICIPAL AIRPORT, CA US",0,189,111,26,83,68,93
USW00023190,2020-04-17,34.4241,-119.84249,2.5,"SANTA BARBARA MUNICIPAL AIRPORT, CA US",0,189,133,26,74,54,90
USW00023190,2020-04-18,34.4241,-119.84249,2.5,"SANTA BARBARA MUNICIPAL AIRPORT, CA US",0,178,111,22,71,62,87
USW00023190,2020-04-19,34.4241,-119.84249,2.5,"SANTA BARBARA MUNICIPAL AIRPORT, CA US",0,183,72,26,76,58,93
USW00023190,2020-04-20,34.4241,-119.84249,2.5,"SANTA BARBARA MUNICIPAL AIRPORT, CA US",0,200,89,35,70,57,90
USW00023190,2020-04-21,34.4241,-119.84249,2.5,"SANTA BARBARA MUNICIPAL AIRPORT, CA US",0,261,100,56,52,35,77
USW00023190,2020-04-22,34.4241,-119.84249,2.5,"SANTA BARBARA MUNICIPAL AIRPORT, CA US",0,311,117,33,59,18,90
USW00023190,2020-04-23,34.4241,-119.84249,2.5,"SANTA BARBARA MUNICIPAL AIRPORT, CA US",0,333,183,60,34,20,47
USW00023190,2020-04-24,34.4241,-119.84249,2.5,"SANTA BARBARA MUNICIPAL AIRPORT, CA US",0,272,139,25,62,23,93
USW00023190,2020-04-25,34.4241,-119.84249,2.5,"SANTA BARBARA MUNICIPAL AIRPORT, CA US",0,250,128,20,77,54,93
USW00023190,2020-04-26,34.4241,-119.84249,2.5,"SANTA BARBARA MUNICIPAL AIRPORT, CA US",0,233,122,21,78,55,93
USW00023190,2020-04-27,34.4241,-119.84249,2.5,"SANTA BARBARA MUNICIPAL AIRPORT, CA US",0,211,122,23,79,68,93
USW00023190,2020-04-28,34.4241,-119.84249,2.5,"SANTA BARBARA MUNICIPAL AIRPORT, CA US",0,228,117,19,77,55,96
USW00023190,2020-04-29,34.4241,-119.84249,2.5,"SANTA BARBARA MUNICIPAL AIRPORT, CA US",0,183,144,21,91,84,97
USW00023190,2020-04-30,34.4241,-119.84249,2.5,"SANTA BARBARA MUNICIPAL AIRPORT, CA US",0,250,144,22,80,24,97
USW00023190,2020-05-01,34.4241,-119.84249,2.5,"SANTA BARBARA MUNICIPAL AIRPORT, CA US",0,272,139,40,57,26,93
USW00023190,2020-05-02,34.4241,-119.84249,2.5,"SANTA BARBARA MUNICIPAL AIRPORT, CA US",0,294,111,37,57,25,80
USW00023190,2020-05-03,34.4241,-119.84249,2.5,"SANTA BARBARA MUNICIPAL AIRPORT, CA US",0,256,128,25,68,43,90
USW00023190,2020-05-04,34.4241,-119.84249,2.5,"SANTA BARBARA MUNICIPAL AIRPORT, CA US",0,256,106,22,71,39,93
USW00023190,2020-05-05,34.4241,-119.84249,2.5,"SANTA BARBARA MUNICIPAL AIRPORT, CA US",0,261,94,26,63,26,90
USW00023190,2020-05-06,34.4241,-119.84249,2.5,"SANTA BARBARA MUNICIPAL AIRPORT, CA US",0,239,111,18,73,49,93
USW00023190,2020-05-07,34.4241,-119.84249,2.5,"SANTA BARBARA MUNICIPAL AIRPORT, CA US",0,283,106,20,68,22,93
USW00023190,2020-05-08,34.4241,-119.84249,2.5,"SANTA BARBARA MUNICIPAL AIRPORT, CA US",0,222,122,18,83,64,96
USW00023190,2020-05-09,34.4241,-119.84249,2.5,"SANTA BARBARA MUNICIPAL AIRPORT, CA US",0,189,128,21,89,73,97
USW00023190,2020-05-10,34.4241,-119.84249,2.5,"SANTA BARBARA MUNICIPAL AIRPORT, CA US",0,178,122,23,87,73,100
USW00023190,2020-05-11,34.4241,-119.84249,2.5,"SANTA BARBARA MUNICIPAL AIRPORT, CA US",0,189,100,37,81,63,97
USW00023190,2020-05-12,34.4241,-119.84249,2.5,"SANTA BARBARA MUNICIPAL AIRPORT, CA US",0,217,100,31,70,53,90
USW00023190,2020-05-13,34.4241,-119.84249,2.5,"SANTA BARBARA MUNICIPAL AIRPORT, CA US",0,261,83,32,55,30,83
USW00023190,2020-05-14,34.4241,-119.84249,2.5,"SANTA BARBARA MUNICIPAL AIRPORT, CA US",0,289,133,47,54,27,78
USW00023190,2020-05-15,34.4241,-119.84249,2.5,"SANTA BARBARA MUNICIPAL AIRPORT, CA US",0,283,133,53,53,32,75
USW00023190,2020-05-16,34.4241,-119.84249,2.5,"SANTA BARBARA MUNICIPAL AIRPORT, CA US",0,233,117,25,71,50,87
USW00023190,2020-05-17,34.4241,-119.84249,2.5,"SANTA BARBARA MUNICIPAL AIRPORT, CA US",0,222,94,37,80,61,96
USW00023190,2020-05-18,34.4241,-119.84249,2.5,"SANTA BARBARA MUNICIPAL AIRPORT, CA US",13,206,122,49,73,53,100
USW00023190,2020-05-19,34.4241,-119.84249,2.5,"SANTA BARBARA MUNICIPAL AIRPORT, CA US",0,211,122,68,55,44,65
USW00023190,2020-05-20,34.4241,-119.84249,2.5,"SANTA BARBARA MUNICIPAL AIRPORT, CA US",0,228,94,23,66,44,90
USW00023190,2020-05-21,34.4241,-119.84249,2.5,"SANTA BARBARA MUNICIPAL AIRPORT, CA US",0,244,89,20,72,43,93
USW00023190,2020-05-22,34.4241,-119.84249,2.5,"SANTA BARBARA MUNICIPAL AIRPORT, CA US",0,206,117,26,75,53,93
USW00023190,2020-05-23,34.4241,-119.84249,2.5,"SANTA BARBARA MUNICIPAL AIRPORT, CA US",0,206,106,25,75,57,89
USW00023190,2020-05-24,34.4241,-119.84249,2.5,"SANTA BARBARA MUNICIPAL AIRPORT, CA US",0,206,100,27,80,59,93
USW00023190,2020-05-25,34.4241,-119.84249,2.5,"SANTA BARBARA MUNICIPAL AIRPORT, CA US",0,206,122,28,84,68,93
USW00023190,2020-05-26,34.4241,-119.84249,2.5,"SANTA BARBARA MUNICIPAL AIRPORT, CA US",0,194,139,33,87,73,100
USW00023190,2020-05-27,34.4241,-119.84249,2.5,"SANTA BARBARA MUNICIPAL AIRPORT, CA US",0,194,133,26,88,73,100
USW00023190,2020-05-28,34.4241,-119.84249,2.5,"SANTA BARBARA MUNICIPAL AIRPORT, CA US",0,194,133,28,85,70,100
USW00023190,2020-05-29,34.4241,-119.84249,2.5,"SANTA BARBARA MUNICIPAL AIRPORT, CA US",0,189,139,20,87,73,97
USW00023190,2020-05-30,34.4241,-119.84249,2.5,"SANTA BARBARA MUNICIPAL AIRPORT, CA US",0,233,117,34,76,53,93
USW00023190,2020-05-31,34.4241,-119.84249,2.5,"SANTA BARBARA MUNICIPAL AIRPORT, CA US",0,217,106,20,79,57,97
USW00023190,2020-06-01,34.4241,-119.84249,2.5,"SANTA BARBARA MUNICIPAL AIRPORT, CA US",0,256,122,23,71,48,93
USW00023190,2020-06-02,34.4241,-119.84249,2.5,"SANTA BARBARA MUNICIPAL AIRPORT, CA US",0,233,128,18,76,50,93
USW00023190,2020-06-03,34.4241,-119.84249,2.5,"SANTA BARBARA MUNICIPAL AIRPORT, CA US",0,256,117,23,76,50,97
USW00023190,2020-06-04,34.4241,-119.84249,2.5,"SANTA BARBARA MUNICIPAL AIRPORT, CA US",0,211,161,45,85,70,93
USW00023190,2020-06-05,34.4241,-119.84249,2.5,"SANTA BARBARA MUNICIPAL AIRPORT, CA US",10,206,150,20,80,63,100
USW00023190,2020-06-06,34.4241,-119.84249,2.5,"SANTA BARBARA MUNICIPAL AIRPORT, CA US",0,261,139,39,59,38,84
USW00023190,2020-06-07,34.4241,-119.84249,2.5,"SANTA BARBARA MUNICIPAL AIRPORT, CA US",0,267,128,48,42,23,70
USW00023190,2020-06-08,34.4241,-119.84249,2.5,"SANTA BARBARA MUNICIPAL AIRPORT, CA US",0,283,150,38,29,15,41
USW00023190,2020-06-09,34.4241,-119.84249,2.5,"SANTA BARBARA MUNICIPAL AIRPORT, CA US",0,328,117,24,40,10,84
USW00023190,2020-06-10,34.4241,-119.84249,2.5,"SANTA BARBARA MUNICIPAL AIRPORT, CA US",0,322,128,17,54,16,87
USW00023190,2020-06-11,34.4241,-119.84249,2.5,"SANTA BARBARA MUNICIPAL AIRPORT, CA US",0,250,133,25,77,46,96
USW00023190,2020-06-12,34.4241,-119.84249,2.5,"SANTA BARBARA MUNICIPAL AIRPORT, CA US",0,244,144,30,67,35,90
USW00023190,2020-06-13,34.4241,-119.84249,2.5,"SANTA BARBARA MUNICIPAL AIRPORT, CA US",0,278,133,54,50,29,78
USW00023190,2020-06-14,34.4241,-119.84249,2.5,"SANTA BARBARA MUNICIPAL AIRPORT, CA US",0,217,128,36,69,36,87
USW00023190,2020-06-15,34.4241,-119.84249,2.5,"SANTA BARBARA MUNICIPAL AIRPORT, CA US",0,217,117,26,77,61,87
USW00023190,2020-06-16,34.4241,-119.84249,2.5,"SANTA BARBARA MUNICIPAL AIRPORT, CA US",0,217,133,24,76,61,87
USW00023190,2020-06-17,34.4241,-119.84249,2.5,"SANTA BARBARA MUNICIPAL AIRPORT, CA US",0,233,133,24,74,57,90
USW00023190,2020-06-18,34.4241,-119.84249,2.5,"SANTA BARBARA MUNICIPAL AIRPORT, CA US",0,194,117,24,82,73,93
USW00023190,2020-06-19,34.4241,-119.84249,2.5,"SANTA BARBARA MUNICIPAL AIRPORT, CA US",0,206,133,30,81,66,93
USW00023190,2020-06-20,34.4241,-119.84249,2.5,"SANTA BARBARA MUNICIPAL AIRPORT, CA US",0,206,128,24,82,65,90
USW00023190,2020-06-21,34.4241,-119.84249,2.5,"SANTA BARBARA MUNICIPAL AIRPORT, CA US",0,206,144,22,83,68,97
USW00023190,2020-06-22,34.4241,-119.84249,2.5,"SANTA BARBARA MUNICIPAL AIRPORT, CA US",0,211,156,26,84,70,93
USW00023190,2020-06-23,34.4241,-119.84249,2.5,"SANTA BARBARA MUNICIPAL AIRPORT, CA US",0,211,156,32,83,68,90
USW00023190,2020-06-24,34.4241,-119.84249,2.5,"SANTA BARBARA MUNICIPAL AIRPORT, CA US",0,206,150,30,86,70,96
USW00023190,2020-06-25,34.4241,-119.84249,2.5,"SANTA BARBARA MUNICIPAL AIRPORT, CA US",0,217,144,26,85,70,97
USW00023190,2020-06-26,34.4241,-119.84249,2.5,"SANTA BARBARA MUNICIPAL AIRPORT, CA US",0,211,144,27,86,70,97
USW00023190,2020-06-27,34.4241,-119.84249,2.5,"SANTA BARBARA MUNICIPAL AIRPORT, CA US",0,206,144,28,85,70,97
USW00023190,2020-06-28,34.4241,-119.84249,2.5,"SANTA BARBARA MUNICIPAL AIRPORT, CA US",0,222,150,25,78,65,96
USW00023190,2020-06-29,34.4241,-119.84249,2.5,"SANTA BARBARA MUNICIPAL AIRPORT, CA US",0,222,144,31,70,55,90
USW00023190,2020-06-30,34.4241,-119.84249,2.5,"SANTA BARBARA MUNICIPAL AIRPORT, CA US",0,206,100,30,79,63,93
USW00023190,2020-07-01,34.4241,-119.84249,2.5,"SANTA BARBARA MUNICIPAL AIRPORT, CA US",0,211,122,27,80,66,93
USW00023190,2020-07-02,34.4241,-119.84249,2.5,"SANTA BARBARA MUNICIPAL AIRPORT, CA US",0,217,117,23,78,61,93
USW00023190,2020-07-03,34.4241,-119.84249,2.5,"SANTA BARBARA MUNICIPAL AIRPORT, CA US",0,222,117,22,78,59,90
USW00023190,2020-07-04,34.4241,-119.84249,2.5,"SANTA BARBARA MUNICIPAL AIRPORT, CA US",0,239,128,21,79,51,93
USW00023190,2020-07-05,34.4241,-119.84249,2.5,"SANTA BARBARA MUNICIPAL AIRPORT, CA US",0,250,122,21,74,48,90
USW00023190,2020-07-06,34.4241,-119.84249,2.5,"SANTA BARBARA MUNICIPAL AIRPORT, CA US",0,272,122,23,69,41,90
USW00023190,2020-07-07,34.4241,-119.84249,2.5,"SANTA BARBARA MUNICIPAL AIRPORT, CA US",0,261,122,22,71,40,93
USW00023190,2020-07-08,34.4241,-119.84249,2.5,"SANTA BARBARA MUNICIPAL AIRPORT, CA US",0,228,144,26,76,53,90
USW00023190,2020-07-09,34.4241,-119.84249,2.5,"SANTA BARBARA MUNICIPAL AIRPORT, CA US",0,206,144,22,83,68,93
USW00023190,2020-07-10,34.4241,-119.84249,2.5,"SANTA BARBARA MUNICIPAL AIRPORT, CA US",0,222,144,24,84,68,96
USW00023190,2020-07-11,34.4241,-119.84249,2.5,"SANTA BARBARA MUNICIPAL AIRPORT, CA US",0,233,144,26,80,60,100
USW00023190,2020-07-12,34.4241,-119.84249,2.5,"SANTA BARBARA MUNICIPAL AIRPORT, CA US",0,256,156,26,76,55,93
USW00023190,2020-07-13,34.4241,-119.84249,2.5,"SANTA BARBARA MUNICIPAL AIRPORT, CA US",0,228,139,27,78,61,93
USW00023190,2020-07-14,34.4241,-119.84249,2.5,"SANTA BARBARA MUNICIPAL AIRPORT, CA US",0,217,156,28,79,63,90
USW00023190,2020-07-15,34.4241,-119.84249,2.5,"SANTA BARBARA MUNICIPAL AIRPORT, CA US",0,217,128,31,80,66,90
USW00023190,2020-07-16,34.4241,-119.84249,2.5,"SANTA BARBARA MUNICIPAL AIRPORT, CA US",0,211,117,27,78,59,90
USW00023190,2020-07-17,34.4241,-119.84249,2.5,"SANTA BARBARA MUNICIPAL AIRPORT, CA US",0,228,133,27,75,59,87
USW00023190,2020-07-18,34.4241,-119.84249,2.5,"SANTA BARBARA MUNICIPAL AIRPORT, CA US",0,222,117,28,79,64,93
USW00023190,2020-07-19,34.4241,-119.84249,2.5,"SANTA BARBARA MUNICIPAL AIRPORT, CA US",0,217,133,30,81,66,97
USW00023190,2020-07-20,34.4241,-119.84249,2.5,"SANTA BARBARA MUNICIPAL AIRPORT, CA US",0,239,128,22,78,55,90
USW00023190,2020-07-21,34.4241,-119.84249,2.5,"SANTA BARBARA MUNICIPAL AIRPORT, CA US",0,239,128,25,79,57,93
USW00023190,2020-07-22,34.4241,-119.84249,2.5,"SANTA BARBARA MUNICIPAL AIRPORT, CA US",0,206,150,35,82,68,90
USW00023190,2020-07-23,34.4241,-119.84249,2.5,"SANTA BARBARA MUNICIPAL AIRPORT, CA US",0,206,133,27,83,66,90
USW00023190,2020-07-24,34.4241,-119.84249,2.5,"SANTA BARBARA MUNICIPAL AIRPORT, CA US",0,217,106,29,80,64,96
USW00023190,2020-07-25,34.4241,-119.84249,2.5,"SANTA BARBARA MUNICIPAL AIRPORT, CA US",0,211,128,28,82,68,93
USW00023190,2020-07-26,34.4241,-119.84249,2.5,"SANTA BARBARA MUNICIPAL AIRPORT, CA US",0,211,139,31,83,63,96
USW00023190,2020-07-27,34.4241,-119.84249,2.5,"SANTA BARBARA MUNICIPAL AIRPORT, CA US",0,211,144,31,83,63,97
USW00023190,2020-07-28,34.4241,-119.84249,2.5,"SANTA BARBARA MUNICIPAL AIRPORT, CA US",0,217,117,26,80,61,93
USW00023190,2020-07-29,34.4241,-119.84249,2.5,"SANTA BARBARA MUNICIPAL AIRPORT, CA US",0,211,144,30,84,66,93
USW00023190,2020-07-30,34.4241,-119.84249,2.5,"SANTA BARBARA MUNICIPAL AIRPORT, CA US",0,239,139,23,82,57,97
USW00023190,2020-07-31,34.4241,-119.84249,2.5,"SANTA BARBARA MUNICIPAL AIRPORT, CA US",0,267,111,17,77,52,93
USW00023190,2020-08-01,34.4241,-119.84249,2.5,"SANTA BARBARA MUNICIPAL AIRPORT, CA US",0,233,122,22,81,62,93
USW00023190,2020-08-02,34.4241,-119.84249,2.5,"SANTA BARBARA MUNICIPAL AIRPORT, CA US",0,239,122,19,77,53,93
USW00023190,2020-08-03,34.4241,-119.84249,2.5,"SANTA BARBARA MUNICIPAL AIRPORT, CA US",0,206,139,22,85,70,93
USW00023190,2020-08-04,34.4241,-119.84249,2.5,"SANTA BARBARA MUNICIPAL AIRPORT, CA US",0,217,144,23,83,63,97
USW00023190,2020-08-05,34.4241,-119.84249,2.5,"SANTA BARBARA MUNICIPAL AIRPORT, CA US",0,217,122,25,81,65,93
USW00023190,2020-08-06,34.4241,-119.84249,2.5,"SANTA BARBARA MUNICIPAL AIRPORT, CA US",0,222,128,24,77,57,90
USW00023190,2020-08-07,34.4241,-119.84249,2.5,"SANTA BARBARA MUNICIPAL AIRPORT, CA US",0,233,122,25,76,55,93
USW00023190,2020-08-08,34.4241,-119.84249,2.5,"SANTA BARBARA MUNICIPAL AIRPORT, CA US",0,222,128,23,78,61,93
USW00023190,2020-08-09,34.4241,-119.84249,2.5,"SANTA BARBARA MUNICIPAL AIRPORT, CA US",0,206,117,22,82,63,93
USW00023190,2020-08-10,34.4241,-119.84249,2.5,"SANTA BARBARA MUNICIPAL AIRPORT, CA US",0,200,117,25,85,68,100
USW00023190,2020-08-11,34.4241,-119.84249,2.5,"SANTA BARBARA MUNICIPAL AIRPORT, CA US",0,206,117,22,83,63,100
USW00023190,2020-08-12,34.4241,-119.84249,2.5,"SANTA BARBARA MUNICIPAL AIRPORT, CA US",0,250,111,22,78,48,96
USW00023190,2020-08-13,34.4241,-119.84249,2.5,"SANTA BARBARA MUNICIPAL AIRPORT, CA US",0,289,144,23,71,34,96
USW00023190,2020-08-14,34.4241,-119.84249,2.5,"SANTA BARBARA MUNICIPAL AIRPORT, CA US",0,278,167,34,67,47,84
USW00023190,2020-08-15,34.4241,-119.84249,2.5,"SANTA BARBARA MUNICIPAL AIRPORT, CA US",0,294,161,22,74,49,93
USW00023190,2020-08-16,34.4241,-119.84249,2.5,"SANTA BARBARA MUNICIPAL AIRPORT, CA US",0,283,178,24,75,58,91
USW00023190,2020-08-17,34.4241,-119.84249,2.5,"SANTA BARBARA MUNICIPAL AIRPORT, CA US",0,278,167,20,77,58,93
USW00023190,2020-08-18,34.4241,-119.84249,2.5,"SANTA BARBARA MUNICIPAL AIRPORT, CA US",0,294,183,32,72,44,90
USW00023190,2020-08-19,34.4241,-119.84249,2.5,"SANTA BARBARA MUNICIPAL AIRPORT, CA US",0,306,178,17,71,45,90
USW00023190,2020-08-20,34.4241,-119.84249,2.5,"SANTA BARBARA MUNICIPAL AIRPORT, CA US",0,278,167,18,76,54,93
USW00023190,2020-08-21,34.4241,-119.84249,2.5,"SANTA BARBARA MUNICIPAL AIRPORT, CA US",0,272,167,18,79,53,97
USW00023190,2020-08-22,34.4241,-119.84249,2.5,"SANTA BARBARA MUNICIPAL AIRPORT, CA US",0,294,178,23,74,48,93
USW00023190,2020-08-23,34.4241,-119.84249,2.5,"SANTA BARBARA MUNICIPAL AIRPORT, CA US",0,267,189,25,81,58,93
USW00023190,2020-08-24,34.4241,-119.84249,2.5,"SANTA BARBARA MUNICIPAL AIRPORT, CA US",0,250,189,29,85,69,97
USW00023190,2020-08-25,34.4241,-119.84249,2.5,"SANTA BARBARA MUNICIPAL AIRPORT, CA US",0,261,172,22,81,60,97
USW00023190,2020-08-26,34.4241,-119.84249,2.5,"SANTA BARBARA MUNICIPAL AIRPORT, CA US",0,256,167,18,83,60,96
USW00023190,2020-08-27,34.4241,-119.84249,2.5,"SANTA BARBARA MUNICIPAL AIRPORT, CA US",0,278,150,22,75,51,93
USW00023190,2020-08-28,34.4241,-119.84249,2.5,"SANTA BARBARA MUNICIPAL AIRPORT, CA US",0,211,128,25,82,66,93
USW00023190,2020-08-29,34.4241,-119.84249,2.5,"SANTA BARBARA MUNICIPAL AIRPORT, CA US",0,217,144,20,78,61,93
USW00023190,2020-08-30,34.4241,-119.84249,2.5,"SANTA BARBARA MUNICIPAL AIRPORT, CA US",0,222,139,25,80,59,90
USW00023190,2020-08-31,34.4241,-119.84249,2.5,"SANTA BARBARA MUNICIPAL AIRPORT, CA US",0,222,150,22,78,63,90
USW00023190,2020-09-01,34.4241,-119.84249,2.5,"SANTA BARBARA MUNICIPAL AIRPORT, CA US",0,222,133,27,77,61,87
USW00023190,2020-09-02,34.4241,-119.84249,2.5,"SANTA BARBARA MUNICIPAL AIRPORT, CA US",0,228,122,23,76,61,93
USW00023190,2020-09-03,34.4241,-119.84249,2.5,"SANTA BARBARA MUNICIPAL AIRPORT, CA US",0,244,156,26,76,56,87
USW00023190,2020-09-04,34.4241,-119.84249,2.5,"SANTA BARBARA MUNICIPAL AIRPORT, CA US",0,261,156,23,75,50,90
USW00023190,2020-09-05,34.4241,-119.84249,2.5,"SANTA BARBARA MUNICIPAL AIRPORT, CA US",0,300,150,17,71,39,93
USW00023190,2020-09-06,34.4241,-119.84249,2.5,"SANTA BARBARA MUNICIPAL AIRPORT, CA US",0,361,161,17,69,36,90
USW00023190,2020-09-07,34.4241,-119.84249,2.5,"SANTA BARBARA MUNICIPAL AIRPORT, CA US",0,267,178,22,76,60,97
USW00023190,2020-09-08,34.4241,-119.84249,2.5,"SANTA BARBARA MUNICIPAL AIRPORT, CA US",0,228,167,16,87,76,100
USW00023190,2020-09-09,34.4241,-119.84249,2.5,"SANTA BARBARA MUNICIPAL AIRPORT, CA US",0,217,156,22,87,76,97
USW00023190,2020-09-10,34.4241,-119.84249,2.5,"SANTA BARBARA MUNICIPAL AIRPORT, CA US",0,189,117,12,91,81,100
USW00023190,2020-09-11,34.4241,-119.84249,2.5,"SANTA BARBARA MUNICIPAL AIRPORT, CA US",0,228,128,18,84,59,100
USW00023190,2020-09-12,34.4241,-119.84249,2.5,"SANTA BARBARA MUNICIPAL AIRPORT, CA US",0,217,128,17,84,68,93
USW00023190,2020-09-13,34.4241,-119.84249,2.5,"SANTA BARBARA MUNICIPAL AIRPORT, CA US",0,217,139,26,83,68,100
USW00023190,2020-09-14,34.4241,-119.84249,2.5,"SANTA BARBARA MUNICIPAL AIRPORT, CA US",0,250,122,14,77,51,93
USW00023190,2020-09-15,34.4241,-119.84249,2.5,"SANTA BARBARA MUNICIPAL AIRPORT, CA US",0,250,122,14,76,52,93
USW00023190,2020-09-16,34.4241,-119.84249,2.5,"SANTA BARBARA MUNICIPAL AIRPORT, CA US",0,261,122,20,78,43,93
USW00023190,2020-09-17,34.4241,-119.84249,2.5,"SANTA BARBARA MUNICIPAL AIRPORT, CA US",0,261,100,19,76,48,93
USW00023190,2020-09-18,34.4241,-119.84249,2.5,"SANTA BARBARA MUNICIPAL AIRPORT, CA US",0,278,156,18,66,37,84
USW00023190,2020-09-19,34.4241,-119.84249,2.5,"SANTA BARBARA MUNICIPAL AIRPORT, CA US",0,261,122,17,73,45,90
USW00023190,2020-09-20,34.4241,-119.84249,2.5,"SANTA BARBARA MUNICIPAL AIRPORT, CA US",0,206,150,21,82,66,96
USW00023190,2020-09-21,34.4241,-119.84249,2.5,"SANTA BARBARA MUNICIPAL AIRPORT, CA US",0,211,144,19,83,66,97
USW00023190,2020-09-22,34.4241,-119.84249,2.5,"SANTA BARBARA MUNICIPAL AIRPORT, CA US",0,222,156,24,81,63,93
USW00023190,2020-09-23,34.4241,-119.84249,2.5,"SANTA BARBARA MUNICIPAL AIRPORT, CA US",0,222,139,20,83,66,93
USW00023190,2020-09-24,34.4241,-119.84249,2.5,"SANTA BARBARA MUNICIPAL AIRPORT, CA US",0,261,106,12,76,43,93
USW00023190,2020-09-25,34.4241,-119.84249,2.5,"SANTA BARBARA MUNICIPAL AIRPORT, CA US",0,228,122,19,79,68,91
USW00023190,2020-09-26,34.4241,-119.84249,2.5,"SANTA BARBARA MUNICIPAL AIRPORT, CA US",0,239,128,14,81,64,93
USW00023190,2020-09-27,34.4241,-119.84249,2.5,"SANTA BARBARA MUNICIPAL AIRPORT, CA US",0,239,133,20,79,64,93
USW00023190,2020-09-28,34.4241,-119.84249,2.5,"SANTA BARBARA MUNICIPAL AIRPORT, CA US",0,233,172,20,86,71,93
USW00023190,2020-09-29,34.4241,-119.84249,2.5,"SANTA BARBARA MUNICIPAL AIRPORT, CA US",0,244,150,14,82,64,93
USW00023190,2020-09-30,34.4241,-119.84249,2.5,"SANTA BARBARA MUNICIPAL AIRPORT, CA US",0,317,128,11,73,39,93
USW00023190,2020-10-01,34.4241,-119.84249,2.5,"SANTA BARBARA MUNICIPAL AIRPORT, CA US",0,350,133,13,66,15,93
USW00023190,2020-10-02,34.4241,-119.84249,2.5,"SANTA BARBARA MUNICIPAL AIRPORT, CA US",0,306,150,12,69,44,90
USW00023190,2020-10-03,34.4241,-119.84249,2.5,"SANTA BARBARA MUNICIPAL AIRPORT, CA US",0,289,144,13,74,49,93
USW00023190,2020-10-04,34.4241,-119.84249,2.5,"SANTA BARBARA MUNICIPAL AIRPORT, CA US",0,250,167,16,80,62,93
USW00023190,2020-10-05,34.4241,-119.84249,2.5,"SANTA BARBARA MUNICIPAL AIRPORT, CA US",0,261,156,17,81,56,93
USW00023190,2020-10-06,34.4241,-119.84249,2.5,"SANTA BARBARA MUNICIPAL AIRPORT, CA US",0,250,139,14,79,57,93
USW00023190,2020-10-07,34.4241,-119.84249,2.5,"SANTA BARBARA MUNICIPAL AIRPORT, CA US",0,228,139,20,78,61,93
USW00023190,2020-10-08,34.4241,-119.84249,2.5,"SANTA BARBARA MUNICIPAL AIRPORT, CA US",0,228,128,18,74,61,84
USW00023190,2020-10-09,34.4241,-119.84249,2.5,"SANTA BARBARA MUNICIPAL AIRPORT, CA US",0,228,122,22,75,63,87
USW00023190,2020-10-10,34.4241,-119.84249,2.5,"SANTA BARBARA MUNICIPAL AIRPORT, CA US",0,228,122,18,76,61,90
USW00023190,2020-10-11,34.4241,-119.84249,2.5,"SANTA BARBARA MUNICIPAL AIRPORT, CA US",0,239,128,17,79,64,90
USW00023190,2020-10-12,34.4241,-119.84249,2.5,"SANTA BARBARA MUNICIPAL AIRPORT, CA US",0,278,122,15,73,47,93
USW00023190,2020-10-13,34.4241,-119.84249,2.5,"SANTA BARBARA MUNICIPAL AIRPORT, CA US",0,311,128,14,64,27,90
USW00023190,2020-10-14,34.4241,-119.84249,2.5,"SANTA BARBARA MUNICIPAL AIRPORT, CA US",0,333,106,12,56,19,80
USW00023190,2020-10-15,34.4241,-119.84249,2.5,"SANTA BARBARA MUNICIPAL AIRPORT, CA US",0,306,133,16,57,24,81
USW00023190,2020-10-16,34.4241,-119.84249,2.5,"SANTA BARBARA MUNICIPAL AIRPORT, CA US",0,333,128,10,58,20,84
USW00023190,2020-10-17,34.4241,-119.84249,2.5,"SANTA BARBARA MUNICIPAL AIRPORT, CA US",0,272,133,15,73,47,93
USW00023190,2020-10-18,34.4241,-119.84249,2.5,"SANTA BARBARA MUNICIPAL AIRPORT, CA US",0,228,122,15,82,66,93
USW00023190,2020-10-19,34.4241,-119.84249,2.5,"SANTA BARBARA MUNICIPAL AIRPORT, CA US",0,211,122,30,84,73,96
USW00023190,2020-10-20,34.4241,-119.84249,2.5,"SANTA BARBARA MUNICIPAL AIRPORT, CA US",0,194,167,23,86,78,90
USW00023190,2020-10-21,34.4241,-119.84249,2.5,"SANTA BARBARA MUNICIPAL AIRPORT, CA US",0,189,161,13,86,78,90
USW00023190,2020-10-22,34.4241,-119.84249,2.5,"SANTA BARBARA MUNICIPAL AIRPORT, CA US",0,217,167,13,79,64,93
USW00023190,2020-10-23,34.4241,-119.84249,2.5,"SANTA BARBARA MUNICIPAL AIRPORT, CA US",0,211,161,14,74,66,81
USW00023190,2020-10-24,34.4241,-119.84249,2.5,"SANTA BARBARA MUNICIPAL AIRPORT, CA US",0,211,172,21,69,57,78
USW00023190,2020-10-25,34.4241,-119.84249,2.5,"SANTA BARBARA MUNICIPAL AIRPORT, CA US",0,211,111,29,67,55,80
USW00023190,2020-10-26,34.4241,-119.84249,2.5,"SANTA BARBARA MUNICIPAL AIRPORT, CA US",0,211,83,21,57,27,89
USW00023190,2020-10-27,34.4241,-119.84249,2.5,"SANTA BARBARA MUNICIPAL AIRPORT, CA US",0,250,67,12,45,12,77
USW00023190,2020-10-28,34.4241,-119.84249,2.5,"SANTA BARBARA MUNICIPAL AIRPORT, CA US",0,228,50,15,59,24,77
USW00023190,2020-10-29,34.4241,-119.84249,2.5,"SANTA BARBARA MUNICIPAL AIRPORT, CA US",0,244,67,15,65,33,90
USW00023190,2020-10-30,34.4241,-119.84249,2.5,"SANTA BARBARA MUNICIPAL AIRPORT, CA US",0,233,72,13,75,44,90
USW00023190,2020-10-31,34.4241,-119.84249,2.5,"SANTA BARBARA MUNICIPAL AIRPORT, CA US",0,244,78,14,74,46,93
USW00023190,2020-11-01,34.4241,-119.84249,2.5,"SANTA BARBARA MUNICIPAL AIRPORT, CA US",0,244,100,16,69,47,87
USW00023190,2020-11-02,34.4241,-119.84249,2.5,"SANTA BARBARA MUNICIPAL AIRPORT, CA US",0,189,100,19,81,44,93
USW00023190,2020-11-03,34.4241,-119.84249,2.5,"SANTA BARBARA MUNICIPAL AIRPORT, CA US",0,206,106,17,84,68,93
USW00023190,2020-11-04,34.4241,-119.84249,2.5,"SANTA BARBARA MUNICIPAL AIRPORT, CA US",0,233,89,14,78,48,93
USW00023190,2020-11-05,34.4241,-119.84249,2.5,"SANTA BARBARA MUNICIPAL AIRPORT, CA US",0,317,83,10,58,12,90
USW00023190,2020-11-06,34.4241,-119.84249,2.5,"SANTA BARBARA MUNICIPAL AIRPORT, CA US",0,233,111,38,65,39,93
USW00023190,2020-11-07,34.4241,-119.84249,2.5,"SANTA BARBARA MUNICIPAL AIRPORT, CA US",13,178,72,37,65,49,83
USW00023190,2020-11-08,34.4241,-119.84249,2.5,"SANTA BARBARA MUNICIPAL AIRPORT, CA US",0,178,72,51,54,33,72
USW00023190,2020-11-09,34.4241,-119.84249,2.5,"SANTA BARBARA MUNICIPAL AIRPORT, CA US",0,172,44,17,46,20,71
USW00023190,2020-11-10,34.4241,-119.84249,2.5,"SANTA BARBARA MUNICIPAL AIRPORT, CA US",0,183,22,15,51,30,67
USW00023190,2020-11-11,34.4241,-119.84249,2.5,"SANTA BARBARA MUNICIPAL AIRPORT, CA US",0,178,28,13,64,41,79
USW00023190,2020-11-12,34.4241,-119.84249,2.5,"SANTA BARBARA MUNICIPAL AIRPORT, CA US",0,189,44,11,73,48,86
USW00023190,2020-11-13,34.4241,-119.84249,2.5,"SANTA BARBARA MUNICIPAL AIRPORT, CA US",0,183,50,16,67,54,90
USW00023190,2020-11-14,34.4241,-119.84249,2.5,"SANTA BARBARA MUNICIPAL AIRPORT, CA US",0,228,78,30,63,17,83
USW00023190,2020-11-15,34.4241,-119.84249,2.5,"SANTA BARBARA MUNICIPAL AIRPORT, CA US",0,250,50,11,54,19,87
USW00023190,2020-11-16,34.4241,-119.84249,2.5,"SANTA BARBARA MUNICIPAL AIRPORT, CA US",0,294,56,11,38,12,65
USW00023190,2020-11-17,34.4241,-119.84249,2.5,"SANTA BARBARA MUNICIPAL AIRPORT, CA US",0,200,78,19,75,44,93
USW00023190,2020-11-18,34.4241,-119.84249,2.5,"SANTA BARBARA MUNICIPAL AIRPORT, CA US",0,194,56,22,83,70,97
USW00023190,2020-11-19,34.4241,-119.84249,2.5,"SANTA BARBARA MUNICIPAL AIRPORT, CA US",0,167,89,12,87,75,93
USW00023190,2020-11-20,34.4241,-119.84249,2.5,"SANTA BARBARA MUNICIPAL AIRPORT, CA US",0,200,78,11,73,53,90
USW00023190,2020-11-21,34.4241,-119.84249,2.5,"SANTA BARBARA MUNICIPAL AIRPORT, CA US",0,233,56,12,66,34,89
USW00023190,2020-11-22,34.4241,-119.84249,2.5,"SANTA BARBARA MUNICIPAL AIRPORT, CA US",0,217,44,11,74,30,93
USW00023190,2020-11-23,34.4241,-119.84249,2.5,"SANTA BARBARA MUNICIPAL AIRPORT, CA US",0,228,61,29,64,35,90
USW00023190,2020-11-24,34.4241,-119.84249,2.5,"SANTA BARBARA MUNICIPAL AIRPORT, CA US",0,183,67,13,78,63,93
USW00023190,2020-11-25,34.4241,-119.84249,2.5,"SANTA BARBARA MUNICIPAL AIRPORT, CA US",0,172,61,12,84,67,97
USW00023190,2020-11-26,34.4241,-119.84249,2.5,"SANTA BARBARA MUNICIPAL AIRPORT, CA US",0,,,16,65,35,93
USW00023190,2020-11-27,34.4241,-119.84249,2.5,"SANTA BARBARA MUNICIPAL AIRPORT, CA US",0,206,17,10,43,18,65
USW00023190,2020-11-28,34.4241,-119.84249,2.5,"SANTA BARBARA MUNICIPAL AIRPORT, CA US",0,211,0,10,44,14,67
USW00023190,2020-11-29,34.4241,-119.84249,2.5,"SANTA BARBARA MUNICIPAL AIRPORT, CA US",0,217,6,9,54,17,90
USW00023190,2020-11-30,34.4241,-119.84249,2.5,"SANTA BARBARA MUNICIPAL AIRPORT, CA US",0,228,28,8,65,27,86
USW00023190,2020-12-01,34.4241,-119.84249,2.5,"SANTA BARBARA MUNICIPAL AIRPORT, CA US",0,239,6,9,56,19,73
USW00023190,2020-12-02,34.4241,-119.84249,2.5,"SANTA BARBARA MUNICIPAL AIRPORT, CA US",0,228,22,11,64,27,93
USW00023190,2020-12-03,34.4241,-119.84249,2.5,"SANTA BARBARA MUNICIPAL AIRPORT, CA US",0,211,17,16,53,25,79
USW00023190,2020-12-04,34.4241,-119.84249,2.5,"SANTA BARBARA MUNICIPAL AIRPORT, CA US",0,200,11,16,50,22,70
USW00023190,2020-12-05,34.4241,-119.84249,2.5,"SANTA BARBARA MUNICIPAL AIRPORT, CA US",0,200,39,10,56,30,71
USW00023190,2020-12-06,34.4241,-119.84249,2.5,"SANTA BARBARA MUNICIPAL AIRPORT, CA US",0,194,17,9,66,37,89
USW00023190,2020-12-07,34.4241,-119.84249,2.5,"SANTA BARBARA MUNICIPAL AIRPORT, CA US",0,233,28,16,48,22,73
USW00023190,2020-12-08,34.4241,-119.84249,2.5,"SANTA BARBARA MUNICIPAL AIRPORT, CA US",0,267,39,11,41,16,71
USW00023190,2020-12-09,34.4241,-119.84249,2.5,"SANTA BARBARA MUNICIPAL AIRPORT, CA US",0,239,50,12,48,11,74
USW00023190,2020-12-10,34.4241,-119.84249,2.5,"SANTA BARBARA MUNICIPAL AIRPORT, CA US",0,167,56,23,81,67,90
USW00023190,2020-12-11,34.4241,-119.84249,2.5,"SANTA BARBARA MUNICIPAL AIRPORT, CA US",0,161,28,16,75,58,93
USW00023190,2020-12-12,34.4241,-119.84249,2.5,"SANTA BARBARA MUNICIPAL AIRPORT, CA US",0,222,56,62,67,49,86
USW00023190,2020-12-13,34.4241,-119.84249,2.5,"SANTA BARBARA MUNICIPAL AIRPORT, CA US",0,189,50,20,69,37,89
USW00023190,2020-12-14,34.4241,-119.84249,2.5,"SANTA BARBARA MUNICIPAL AIRPORT, CA US",0,200,89,42,42,19,72
USW00023190,2020-12-15,34.4241,-119.84249,2.5,"SANTA BARBARA MUNICIPAL AIRPORT, CA US",0,194,44,17,47,24,68
USW00023190,2020-12-16,34.4241,-119.84249,2.5,"SANTA BARBARA MUNICIPAL AIRPORT, CA US",0,211,17,13,50,26,73
USW00023190,2020-12-17,34.4241,-119.84249,2.5,"SANTA BARBARA MUNICIPAL AIRPORT, CA US",0,206,72,37,59,39,74
USW00023190,2020-12-18,34.4241,-119.84249,2.5,"SANTA BARBARA MUNICIPAL AIRPORT, CA US",0,194,33,17,54,32,77
USW00023190,2020-12-19,34.4241,-119.84249,2.5,"SANTA BARBARA MUNICIPAL AIRPORT, CA US",0,194,11,9,65,40,86
USW00023190,2020-12-20,34.4241,-119.84249,2.5,"SANTA BARBARA MUNICIPAL AIRPORT, CA US",0,239,6,9,54,18,79
USW00023190,2020-12-21,34.4241,-119.84249,2.5,"SANTA BARBARA MUNICIPAL AIRPORT, CA US",0,250,22,11,56,16,89
USW00023190,2020-12-22,34.4241,-119.84249,2.5,"SANTA BARBARA MUNICIPAL AIRPORT, CA US",0,172,33,8,80,65,93
USW00023190,2020-12-23,34.4241,-119.84249,2.5,"SANTA BARBARA MUNICIPAL AIRPORT, CA US",0,189,56,10,66,34,92
USW00023190,2020-12-24,34.4241,-119.84249,2.5,"SANTA BARBARA MUNICIPAL AIRPORT, CA US",0,211,44,10,46,22,60
USW00023190,2020-12-25,34.4241,-119.84249,2.5,"SANTA BARBARA MUNICIPAL AIRPORT, CA US",0,189,33,15,62,39,82
USW00023190,2020-12-26,34.4241,-119.84249,2.5,"SANTA BARBARA MUNICIPAL AIRPORT, CA US",0,200,33,13,73,53,89
USW00023190,2020-12-27,34.4241,-119.84249,2.5,"SANTA BARBARA MUNICIPAL AIRPORT, CA US",165,172,67,25,81,60,87
USW00023190,2020-12-28,34.4241,-119.84249,2.5,"SANTA BARBARA MUNICIPAL AIRPORT, CA US",318,128,50,22,88,75,93
USW00023190,2020-12-29,34.4241,-119.84249,2.5,"SANTA BARBARA MUNICIPAL AIRPORT, CA US",0,167,22,9,76,50,97
USW00023190,2020-12-30,34.4241,-119.84249,2.5,"SANTA BARBARA MUNICIPAL AIRPORT, CA US",0,206,6,10,59,25,86
USW00023190,2020-12-31,34.4241,-119.84249,2.5,"SANTA BARBARA MUNICIPAL AIRPORT, CA US",0,194,61,44,46,30,72
USW00023190,2021-01-01,34.4241,-119.84249,2.5,"SANTA BARBARA MUNICIPAL AIRPORT, CA US",0,183,28,16,66,34,86
USW00023190,2021-01-02,34.4241,-119.84249,2.5,"SANTA BARBARA MUNICIPAL AIRPORT, CA US",0,167,33,15,77,54,93
USW00023190,2021-01-03,34.4241,-119.84249,2.5,"SANTA BARBARA MUNICIPAL AIRPORT, CA US",0,156,56,18,83,67,93
USW00023190,2021-01-04,34.4241,-119.84249,2.5,"SANTA BARBARA MUNICIPAL AIRPORT, CA US",0,222,61,22,78,47,97
USW00023190,2021-01-05,34.4241,-119.84249,2.5,"SANTA BARBARA MUNICIPAL AIRPORT, CA US",0,161,44,13,86,70,97
USW00023190,2021-01-06,34.4241,-119.84249,2.5,"SANTA BARBARA MUNICIPAL AIRPORT, CA US",0,217,39,13,75,45,93
USW00023190,2021-01-07,34.4241,-119.84249,2.5,"SANTA BARBARA MUNICIPAL AIRPORT, CA US",0,228,33,13,66,18,85
USW00023190,2021-01-08,34.4241,-119.84249,2.5,"SANTA BARBARA MUNICIPAL AIRPORT, CA US",0,261,22,18,52,18,89
USW00023190,2021-01-09,34.4241,-119.84249,2.5,"SANTA BARBARA MUNICIPAL AIRPORT, CA US",0,217,39,15,57,32,73
USW00023190,2021-01-10,34.4241,-119.84249,2.5,"SANTA BARBARA MUNICIPAL AIRPORT, CA US",0,194,28,10,64,26,86
USW00023190,2021-01-11,34.4241,-119.84249,2.5,"SANTA BARBARA MUNICIPAL AIRPORT, CA US",0,194,22,10,71,43,89
USW00023190,2021-01-12,34.4241,-119.84249,2.5,"SANTA BARBARA MUNICIPAL AIRPORT, CA US",0,200,28,11,74,39,86
USW00023190,2021-01-13,34.4241,-119.84249,2.5,"SANTA BARBARA MUNICIPAL AIRPORT, CA US",0,211,39,9,71,31,86
USW00023190,2021-01-14,34.4241,-119.84249,2.5,"SANTA BARBARA MUNICIPAL AIRPORT, CA US",0,289,56,11,55,19,80
USW00023190,2021-01-15,34.4241,-119.84249,2.5,"SANTA BARBARA MUNICIPAL AIRPORT, CA US",0,278,56,13,54,16,87
USW00023190,2021-01-16,34.4241,-119.84249,2.5,"SANTA BARBARA MUNICIPAL AIRPORT, CA US",0,306,56,14,52,10,75
USW00023190,2021-01-17,34.4241,-119.84249,2.5,"SANTA BARBARA MUNICIPAL AIRPORT, CA US",0,289,78,13,49,16,71
USW00023190,2021-01-18,34.4241,-119.84249,2.5,"SANTA BARBARA MUNICIPAL AIRPORT, CA US",0,239,61,9,51,21,77
USW00023190,2021-01-19,34.4241,-119.84249,2.5,"SANTA BARBARA MUNICIPAL AIRPORT, CA US",0,228,83,31,46,13,87
USW00023190,2021-01-20,34.4241,-119.84249,2.5,"SANTA BARBARA MUNICIPAL AIRPORT, CA US",0,233,78,19,43,23,73
USW00023190,2021-01-21,34.4241,-119.84249,2.5,"SANTA BARBARA MUNICIPAL AIRPORT, CA US",0,211,56,13,65,32,93
USW00023190,2021-01-22,34.4241,-119.84249,2.5,"SANTA BARBARA MUNICIPAL AIRPORT, CA US",0,161,50,24,72,55,86
USW00023190,2021-01-23,34.4241,-119.84249,2.5,"SANTA BARBARA MUNICIPAL AIRPORT, CA US",5,150,44,20,72,57,90
USW00023190,2021-01-24,34.4241,-119.84249,2.5,"SANTA BARBARA MUNICIPAL AIRPORT, CA US",8,183,33,34,59,36,83
USW00023190,2021-01-25,34.4241,-119.84249,2.5,"SANTA BARBARA MUNICIPAL AIRPORT, CA US",74,128,67,73,62,47,86
USW00023190,2021-01-26,34.4241,-119.84249,2.5,"SANTA BARBARA MUNICIPAL AIRPORT, CA US",0,139,44,44,54,38,71
USW00023190,2021-01-27,34.4241,-119.84249,2.5,"SANTA BARBARA MUNICIPAL AIRPORT, CA US",348,122,89,68,82,61,90
USW00023190,2021-01-28,34.4241,-119.84249,2.5,"SANTA BARBARA MUNICIPAL AIRPORT, CA US",569,128,94,58,85,72,96
USW00023190,2021-01-29,34.4241,-119.84249,2.5,"SANTA BARBARA MUNICIPAL AIRPORT, CA US",84,128,56,20,84,69,100
USW00023190,2021-01-30,34.4241,-119.84249,2.5,"SANTA BARBARA MUNICIPAL AIRPORT, CA US",0,144,28,14,82,62,97
USW00023190,2021-01-31,34.4241,-119.84249,2.5,"SANTA BARBARA MUNICIPAL AIRPORT, CA US",0,172,28,9,73,41,93
USW00023190,2021-02-01,34.4241,-119.84249,2.5,"SANTA BARBARA MUNICIPAL AIRPORT, CA US",0,189,72,20,78,54,92
USW00023190,2021-02-02,34.4241,-119.84249,2.5,"SANTA BARBARA MUNICIPAL AIRPORT, CA US",0,194,44,14,81,56,93
USW00023190,2021-02-03,34.4241,-119.84249,2.5,"SANTA BARBARA MUNICIPAL AIRPORT, CA US",0,206,67,22,72,47,97
USW00023190,2021-02-04,34.4241,-119.84249,2.5,"SANTA BARBARA MUNICIPAL AIRPORT, CA US",0,172,28,13,68,44,89
USW00023190,2021-02-05,34.4241,-119.84249,2.5,"SANTA BARBARA MUNICIPAL AIRPORT, CA US",0,189,33,13,77,46,93
USW00023190,2021-02-06,34.4241,-119.84249,2.5,"SANTA BARBARA MUNICIPAL AIRPORT, CA US",0,200,33,13,74,44,90
USW00023190,2021-02-07,34.4241,-119.84249,2.5,"SANTA BARBARA MUNICIPAL AIRPORT, CA US",0,156,33,16,84,67,96
USW00023190,2021-02-08,34.4241,-119.84249,2.5,"SANTA BARBARA MUNICIPAL AIRPORT, CA US",0,139,94,19,82,72,89
USW00023190,2021-02-09,34.4241,-119.84249,2.5,"SANTA BARBARA MUNICIPAL AIRPORT, CA US",0,150,94,17,77,69,86
USW00023190,2021-02-10,34.4241,-119.84249,2.5,"SANTA BARBARA MUNICIPAL AIRPORT, CA US",0,161,50,16,82,67,93
USW00023190,2021-02-11,34.4241,-119.84249,2.5,"SANTA BARBARA MUNICIPAL AIRPORT, CA US",0,150,56,16,86,78,93
USW00023190,2021-02-12,34.4241,-119.84249,2.5,"SANTA BARBARA MUNICIPAL AIRPORT, CA US",0,217,94,41,53,26,93
USW00023190,2021-02-13,34.4241,-119.84249,2.5,"SANTA BARBARA MUNICIPAL AIRPORT, CA US",0,200,83,62,58,43,77
USW00023190,2021-02-14,34.4241,-119.84249,2.5,"SANTA BARBARA MUNICIPAL AIRPORT, CA US",0,217,61,39,49,20,76
USW00023190,2021-02-15,34.4241,-119.84249,2.5,"SANTA BARBARA MUNICIPAL AIRPORT, CA US",0,194,83,34,66,55,77
USW00023190,2021-02-16,34.4241,-119.84249,2.5,"SANTA BARBARA MUNICIPAL AIRPORT, CA US",0,222,83,48,51,27,77
USW00023190,2021-02-17,34.4241,-119.84249,2.5,"SANTA BARBARA MUNICIPAL AIRPORT, CA US",0,228,61,47,32,15,69
USW00023190,2021-02-18,34.4241,-119.84249,2.5,"SANTA BARBARA MUNICIPAL AIRPORT, CA US",0,189,44,20,48,24,70
USW00023190,2021-02-19,34.4241,-119.84249,2.5,"SANTA BARBARA MUNICIPAL AIRPORT, CA US",0,172,28,16,63,38,79
USW00023190,2021-02-20,34.4241,-119.84249,2.5,"SANTA BARBARA MUNICIPAL AIRPORT, CA US",0,211,72,52,42,18,80
USW00023190,2021-02-21,34.4241,-119.84249,2.5,"SANTA BARBARA MUNICIPAL AIRPORT, CA US",0,200,33,20,43,22,66
USW00023190,2021-02-22,34.4241,-119.84249,2.5,"SANTA BARBARA MUNICIPAL AIRPORT, CA US",0,239,28,16,50,19,83
USW00023190,2021-02-23,34.4241,-119.84249,2.5,"SANTA BARBARA MUNICIPAL AIRPORT, CA US",0,239,39,16,56,22,74
USW00023190,2021-02-24,34.4241,-119.84249,2.5,"SANTA BARBARA MUNICIPAL AIRPORT, CA US",0,189,50,16,70,24,93
USW00023190,2021-02-25,34.4241,-119.84249,2.5,"SANTA BARBARA MUNICIPAL AIRPORT, CA US",0,189,39,17,59,24,77
USW00023190,2021-02-26,34.4241,-119.84249,2.5,"SANTA BARBARA MUNICIPAL AIRPORT, CA US",0,206,22,26,55,26,76
USW00023190,2021-02-27,34.4241,-119.84249,2.5,"SANTA BARBARA MUNICIPAL AIRPORT, CA US",0,244,61,39,29,13,61
USW00023190,2021-02-28,34.4241,-119.84249,2.5,"SANTA BARBARA MUNICIPAL AIRPORT, CA US",0,200,33,14,41,17,60
USW00023190,2021-03-01,34.4241,-119.84249,2.5,"SANTA BARBARA MUNICIPAL AIRPORT, CA US",0,200,28,14,45,15,68
USW00023190,2021-03-02,34.4241,-119.84249,2.5,"SANTA BARBARA MUNICIPAL AIRPORT, CA US",0,189,22,17,63,29,89
USW00023190,2021-03-03,34.4241,-119.84249,2.5,"SANTA BARBARA MUNICIPAL AIRPORT, CA US",3,150,22,25,74,56,86
USW00023190,2021-03-04,34.4241,-119.84249,2.5,"SANTA BARBARA MUNICIPAL AIRPORT, CA US",0,167,28,17,73,52,89
USW00023190,2021-03-05,34.4241,-119.84249,2.5,"SANTA BARBARA MUNICIPAL AIRPORT, CA US",0,194,39,15,76,45,93
USW00023190,2021-03-06,34.4241,-119.84249,2.5,"SANTA BARBARA MUNICIPAL AIRPORT, CA US",0,206,61,33,64,46,87
USW00023190,2021-03-07,34.4241,-119.84249,2.5,"SANTA BARBARA MUNICIPAL AIRPORT, CA US",0,156,83,23,78,70,89
USW00023190,2021-03-08,34.4241,-119.84249,2.5,"SANTA BARBARA MUNICIPAL AIRPORT, CA US",0,206,83,34,52,27,93
USW00023190,2021-03-09,34.4241,-119.84249,2.5,"SANTA BARBARA MUNICIPAL AIRPORT, CA US",43,183,83,44,59,33,86
USW00023190,2021-03-10,34.4241,-119.84249,2.5,"SANTA BARBARA MUNICIPAL AIRPORT, CA US",150,144,61,23,78,57,93
USW00023190,2021-03-11,34.4241,-119.84249,2.5,"SANTA BARBARA MUNICIPAL AIRPORT, CA US",0,133,33,12,77,55,93
USW00023190,2021-03-12,34.4241,-119.84249,2.5,"SANTA BARBARA MUNICIPAL AIRPORT, CA US",28,161,17,24,75,51,89
USW00023190,2021-03-13,34.4241,-119.84249,2.5,"SANTA BARBARA MUNICIPAL AIRPORT, CA US",0,178,61,45,66,45,85
USW00023190,2021-03-14,34.4241,-119.84249,2.5,"SANTA BARBARA MUNICIPAL AIRPORT, CA US",0,156,44,21,70,58,89
USW00023190,2021-03-15,34.4241,-119.84249,2.5,"SANTA BARBARA MUNICIPAL AIRPORT, CA US",38,150,67,55,61,41,93
USW00023190,2021-03-16,34.4241,-119.84249,2.5,"SANTA BARBARA MUNICIPAL AIRPORT, CA US",0,150,17,26,63,40,83
USW00023190,2021-03-17,34.4241,-119.84249,2.5,"SANTA BARBARA MUNICIPAL AIRPORT, CA US",0,156,33,19,73,50,89
USW00023190,2021-03-18,34.4241,-119.84249,2.5,"SANTA BARBARA MUNICIPAL AIRPORT, CA US",0,172,83,24,75,50,90
USW00023190,2021-03-19,34.4241,-119.84249,2.5,"SANTA BARBARA MUNICIPAL AIRPORT, CA US",0,183,72,26,82,67,93
USW00023190,2021-03-20,34.4241,-119.84249,2.5,"SANTA BARBARA MUNICIPAL AIRPORT, CA US",0,222,122,44,38,21,77
USW00023190,2021-03-21,34.4241,-119.84249,2.5,"SANTA BARBARA MUNICIPAL AIRPORT, CA US",0,222,67,49,36,17,53
USW00023190,2021-03-22,34.4241,-119.84249,2.5,"SANTA BARBARA MUNICIPAL AIRPORT, CA US",0,217,100,52,49,35,72
USW00023190,2021-03-23,34.4241,-119.84249,2.5,"SANTA BARBARA MUNICIPAL AIRPORT, CA US",0,222,94,35,52,27,75
USW00023190,2021-03-24,34.4241,-119.84249,2.5,"SANTA BARBARA MUNICIPAL AIRPORT, CA US",0,194,50,29,53,27,86
USW00023190,2021-03-25,34.4241,-119.84249,2.5,"SANTA BARBARA MUNICIPAL AIRPORT, CA US",0,183,67,44,63,48,77
USW00023190,2021-03-26,34.4241,-119.84249,2.5,"SANTA BARBARA MUNICIPAL AIRPORT, CA US",0,172,44,23,69,48,86
USW00023190,2021-03-27,34.4241,-119.84249,2.5,"SANTA BARBARA MUNICIPAL AIRPORT, CA US",0,222,50,19,67,34,93
USW00023190,2021-03-28,34.4241,-119.84249,2.5,"SANTA BARBARA MUNICIPAL AIRPORT, CA US",0,228,50,19,66,30,93
USW00023190,2021-03-29,34.4241,-119.84249,2.5,"SANTA BARBARA MUNICIPAL AIRPORT, CA US",0,250,56,18,64,30,96
USW00023190,2021-03-30,34.4241,-119.84249,2.5,"SANTA BARBARA MUNICIPAL AIRPORT, CA US",0,178,100,25,78,63,89
USW00023190,2021-03-31,34.4241,-119.84249,2.5,"SANTA BARBARA MUNICIPAL AIRPORT, CA US",0,283,61,16,61,12,93
USW00023190,2021-04-01,34.4241,-119.84249,2.5,"SANTA BARBARA MUNICIPAL AIRPORT, CA US",0,283,72,25,50,8,84
USW00023190,2021-04-02,34.4241,-119.84249,2.5,"SANTA BARBARA MUNICIPAL AIRPORT, CA US",0,178,78,24,81,63,93
USW00023190,2021-04-03,34.4241,-119.84249,2.5,"SANTA BARBARA MUNICIPAL AIRPORT, CA US",0,194,89,24,79,56,93
USW00023190,2021-04-04,34.4241,-119.84249,2.5,"SANTA BARBARA MUNICIPAL AIRPORT, CA US",0,206,61,20,76,49,90
USW00023190,2021-04-05,34.4241,-119.84249,2.5,"SANTA BARBARA MUNICIPAL AIRPORT, CA US",0,217,78,28,70,48,89
USW00023190,2021-04-06,34.4241,-119.84249,2.5,"SANTA BARBARA MUNICIPAL AIRPORT, CA US",0,183,89,29,76,60,87
USW00023190,2021-04-07,34.4241,-119.84249,2.5,"SANTA BARBARA MUNICIPAL AIRPORT, CA US",0,239,78,24,68,20,90
USW00023190,2021-04-08,34.4241,-119.84249,2.5,"SANTA BARBARA MUNICIPAL AIRPORT, CA US",0,278,94,45,47,17,86
USW00023190,2021-04-09,34.4241,-119.84249,2.5,"SANTA BARBARA MUNICIPAL AIRPORT, CA US",0,217,89,33,59,17,83
USW00023190,2021-04-10,34.4241,-119.84249,2.5,"SANTA BARBARA MUNICIPAL AIRPORT, CA US",0,256,100,29,63,35,87
USW00023190,2021-04-11,34.4241,-119.84249,2.5,"SANTA BARBARA MUNICIPAL AIRPORT, CA US",0,200,83,21,75,52,89
USW00023190,2021-04-12,34.4241,-119.84249,2.5,"SANTA BARBARA MUNICIPAL AIRPORT, CA US",0,172,83,26,77,63,89
USW00023190,2021-04-13,34.4241,-119.84249,2.5,"SANTA BARBARA MUNICIPAL AIRPORT, CA US",0,178,83,31,73,58,93
USW00023190,2021-04-14,34.4241,-119.84249,2.5,"SANTA BARBARA MUNICIPAL AIRPORT, CA US",0,167,39,32,67,51,83
USW00023190,2021-04-15,34.4241,-119.84249,2.5,"SANTA BARBARA MUNICIPAL AIRPORT, CA US",0,172,50,18,78,58,93
USW00023190,2021-04-16,34.4241,-119.84249,2.5,"SANTA BARBARA MUNICIPAL AIRPORT, CA US",0,194,61,25,76,51,93
USW00023190,2021-04-17,34.4241,-119.84249,2.5,"SANTA BARBARA MUNICIPAL AIRPORT, CA US",0,206,72,17,73,52,90
USW00023190,2021-04-18,34.4241,-119.84249,2.5,"SANTA BARBARA MUNICIPAL AIRPORT, CA US",0,261,78,22,59,26,90
USW00023190,2021-04-19,34.4241,-119.84249,2.5,"SANTA BARBARA MUNICIPAL AIRPORT, CA US",0,211,89,27,75,55,93
USW00023190,2021-04-20,34.4241,-119.84249,2.5,"SANTA BARBARA MUNICIPAL AIRPORT, CA US",0,167,78,26,77,67,93
USW00023190,2021-04-21,34.4241,-119.84249,2.5,"SANTA BARBARA MUNICIPAL AIRPORT, CA US",0,189,89,26,66,54,80
USW00023190,2021-04-22,34.4241,-119.84249,2.5,"SANTA BARBARA MUNICIPAL AIRPORT, CA US",0,172,89,31,73,60,86
USW00023190,2021-04-23,34.4241,-119.84249,2.5,"SANTA BARBARA MUNICIPAL AIRPORT, CA US",0,183,72,19,72,58,90
USW00023190,2021-04-24,34.4241,-119.84249,2.5,"SANTA BARBARA MUNICIPAL AIRPORT, CA US",0,183,78,23,73,56,86
USW00023190,2021-04-25,34.4241,-119.84249,2.5,"SANTA BARBARA MUNICIPAL AIRPORT, CA US",3,172,67,32,79,58,90
USW00023190,2021-04-26,34.4241,-119.84249,2.5,"SANTA BARBARA MUNICIPAL AIRPORT, CA US",0,183,72,44,62,43,80
USW00023190,2021-04-27,34.4241,-119.84249,2.5,"SANTA BARBARA MUNICIPAL AIRPORT, CA US",0,233,50,33,58,32,83
USW00023190,2021-04-28,34.4241,-119.84249,2.5,"SANTA BARBARA MUNICIPAL AIRPORT, CA US",0,283,128,34,44,25,80
USW00023190,2021-04-29,34.4241,-119.84249,2.5,"SANTA BARBARA MUNICIPAL AIRPORT, CA US",0,256,94,21,63,26,90
USW00023190,2021-04-30,34.4241,-119.84249,2.5,"SANTA BARBARA MUNICIPAL AIRPORT, CA US",0,256,111,20,72,46,90
USW00023190,2021-05-01,34.4241,-119.84249,2.5,"SANTA BARBARA MUNICIPAL AIRPORT, CA US",0,206,106,23,72,48,89
USW00023190,2021-05-02,34.4241,-119.84249,2.5,"SANTA BARBARA MUNICIPAL AIRPORT, CA US",0,194,106,45,68,50,86
USW00023190,2021-05-03,34.4241,-119.84249,2.5,"SANTA BARBARA MUNICIPAL AIRPORT, CA US",0,211,94,27,74,55,89
USW00023190,2021-05-04,34.4241,-119.84249,2.5,"SANTA BARBARA MUNICIPAL AIRPORT, CA US",0,200,122,29,80,65,90
USW00023190,2021-05-05,34.4241,-119.84249,2.5,"SANTA BARBARA MUNICIPAL AIRPORT, CA US",0,178,117,29,88,76,97
USW00023190,2021-05-06,34.4241,-119.84249,2.5,"SANTA BARBARA MUNICIPAL AIRPORT, CA US",0,172,117,24,86,73,97
USW00023190,2021-05-07,34.4241,-119.84249,2.5,"SANTA BARBARA MUNICIPAL AIRPORT, CA US",0,189,106,25,77,58,90
USW00023190,2021-05-08,34.4241,-119.84249,2.5,"SANTA BARBARA MUNICIPAL AIRPORT, CA US",0,200,94,23,76,59,89
USW00023190,2021-05-09,34.4241,-119.84249,2.5,"SANTA BARBARA MUNICIPAL AIRPORT, CA US",0,194,94,27,79,68,89
USW00023190,2021-05-10,34.4241,-119.84249,2.5,"SANTA BARBARA MUNICIPAL AIRPORT, CA US",8,189,128,23,81,70,93
USW00023190,2021-05-11,34.4241,-119.84249,2.5,"SANTA BARBARA MUNICIPAL AIRPORT, CA US",0,194,122,27,82,65,93
USW00023190,2021-05-12,34.4241,-119.84249,2.5,"SANTA BARBARA MUNICIPAL AIRPORT, CA US",0,178,133,24,84,73,93
USW00023190,2021-05-13,34.4241,-119.84249,2.5,"SANTA BARBARA MUNICIPAL AIRPORT, CA US",0,167,128,25,85,73,97
USW00023190,2021-05-14,34.4241,-119.84249,2.5,"SANTA BARBARA MUNICIPAL AIRPORT, CA US",0,172,128,29,81,73,90
USW00023190,2021-05-15,34.4241,-119.84249,2.5,"SANTA BARBARA MUNICIPAL AIRPORT, CA US",0,206,117,30,68,53,81
USW00023190,2021-05-16,34.4241,-119.84249,2.5,"SANTA BARBARA MUNICIPAL AIRPORT, CA US",0,189,111,21,70,59,80
USW00023190,2021-05-17,34.4241,-119.84249,2.5,"SANTA BARBARA MUNICIPAL AIRPORT, CA US",0,189,89,22,76,59,87
USW00023190,2021-05-18,34.4241,-119.84249,2.5,"SANTA BARBARA MUNICIPAL AIRPORT, CA US",0,206,83,25,77,61,93
USW00023190,2021-05-19,34.4241,-119.84249,2.5,"SANTA BARBARA MUNICIPAL AIRPORT, CA US",0,256,100,34,60,28,90
USW00023190,2021-05-20,34.4241,-119.84249,2.5,"SANTA BARBARA MUNICIPAL AIRPORT, CA US",0,261,100,48,41,19,69
USW00023190,2021-05-21,34.4241,-119.84249,2.5,"SANTA BARBARA MUNICIPAL AIRPORT, CA US",0,217,100,53,46,26,63
USW00023190,2021-05-22,34.4241,-119.84249,2.5,"SANTA BARBARA MUNICIPAL AIRPORT, CA US",0,200,56,29,63,45,87
USW00023190,2021-05-23,34.4241,-119.84249,2.5,"SANTA BARBARA MUNICIPAL AIRPORT, CA US",0,217,72,20,72,44,89
USW00023190,2021-05-24,34.4241,-119.84249,2.5,"SANTA BARBARA MUNICIPAL AIRPORT, CA US",0,250,72,21,71,40,90
USW00023190,2021-05-25,34.4241,-119.84249,2.5,"SANTA BARBARA MUNICIPAL AIRPORT, CA US",0,239,111,29,73,59,93
USW00023190,2021-05-26,34.4241,-119.84249,2.5,"SANTA BARBARA MUNICIPAL AIRPORT, CA US",0,206,122,25,73,55,87
USW00023190,2021-05-27,34.4241,-119.84249,2.5,"SANTA BARBARA MUNICIPAL AIRPORT, CA US",0,189,111,31,76,61,89
USW00023190,2021-05-28,34.4241,-119.84249,2.5,"SANTA BARBARA MUNICIPAL AIRPORT, CA US",0,178,89,29,80,68,89
USW00023190,2021-05-29,34.4241,-119.84249,2.5,"SANTA BARBARA MUNICIPAL AIRPORT, CA US",0,200,106,26,73,55,97
USW00023190,2021-05-30,34.4241,-119.84249,2.5,"SANTA BARBARA MUNICIPAL AIRPORT, CA US",0,194,100,22,77,61,90
USW00023190,2021-05-31,34.4241,-119.84249,2.5,"SANTA BARBARA MUNICIPAL AIRPORT, CA US",0,206,122,30,81,66,93
USW00023190,2021-06-01,34.4241,-119.84249,2.5,"SANTA BARBARA MUNICIPAL AIRPORT, CA US",0,183,128,23,87,70,97
USW00023190,2021-06-02,34.4241,-119.84249,2.5,"SANTA BARBARA MUNICIPAL AIRPORT, CA US",0,172,128,22,88,75,96
USW00023190,2021-06-03,34.4241,-119.84249,2.5,"SANTA BARBARA MUNICIPAL AIRPORT, CA US",0,200,128,26,84,70,96
USW00023190,2021-06-04,34.4241,-119.84249,2.5,"SANTA BARBARA MUNICIPAL AIRPORT, CA US",0,178,128,25,84,70,96
USW00023190,2021-06-05,34.4241,-119.84249,2.5,"SANTA BARBARA MUNICIPAL AIRPORT, CA US",0,194,122,22,82,70,96
USW00023190,2021-06-06,34.4241,-119.84249,2.5,"SANTA BARBARA MUNICIPAL AIRPORT, CA US",3,206,117,24,76,63,93
USW00023190,2021-06-07,34.4241,-119.84249,2.5,"SANTA BARBARA MUNICIPAL AIRPORT, CA US",0,200,111,23,73,63,80
USW00023190,2021-06-08,34.4241,-119.84249,2.5,"SANTA BARBARA MUNICIPAL AIRPORT, CA US",0,217,83,22,61,36,86
USW00023190,2021-06-09,34.4241,-119.84249,2.5,"SANTA BARBARA MUNICIPAL AIRPORT, CA US",0,250,83,39,43,20,71
USW00023190,2021-06-10,34.4241,-119.84249,2.5,"SANTA BARBARA MUNICIPAL AIRPORT, CA US",0,250,111,47,42,24,65
USW00023190,2021-06-11,34.4241,-119.84249,2.5,"SANTA BARBARA MUNICIPAL AIRPORT, CA US",0,233,89,19,62,31,78
USW00023190,2021-06-12,34.4241,-119.84249,2.5,"SANTA BARBARA MUNICIPAL AIRPORT, CA US",0,256,100,23,68,36,81
USW00023190,2021-06-13,34.4241,-119.84249,2.5,"SANTA BARBARA MUNICIPAL AIRPORT, CA US",0,239,128,27,78,59,90
USW00023190,2021-06-14,34.4241,-119.84249,2.5,"SANTA BARBARA MUNICIPAL AIRPORT, CA US",0,289,139,23,67,41,90
USW00023190,2021-06-15,34.4241,-119.84249,2.5,"SANTA BARBARA MUNICIPAL AIRPORT, CA US",0,272,139,25,69,49,90
USW00023190,2021-06-16,34.4241,-119.84249,2.5,"SANTA BARBARA MUNICIPAL AIRPORT, CA US",0,250,161,28,73,54,87
USW00023190,2021-06-17,34.4241,-119.84249,2.5,"SANTA BARBARA MUNICIPAL AIRPORT, CA US",0,211,161,22,90,76,97
USW00023190,2021-06-18,34.4241,-119.84249,2.5,"SANTA BARBARA MUNICIPAL AIRPORT, CA US",0,206,156,22,88,73,100
USW00023190,2021-06-19,34.4241,-119.84249,2.5,"SANTA BARBARA MUNICIPAL AIRPORT, CA US",0,200,150,26,86,71,96
USW00023190,2021-06-20,34.4241,-119.84249,2.5,"SANTA BARBARA MUNICIPAL AIRPORT, CA US",0,194,144,23,85,73,97
USW00023190,2021-06-21,34.4241,-119.84249,2.5,"SANTA BARBARA MUNICIPAL AIRPORT, CA US",0,200,144,26,83,68,93
USW00023190,2021-06-22,34.4241,-119.84249,2.5,"SANTA BARBARA MUNICIPAL AIRPORT, CA US",0,222,150,39,78,61,90
USW00023190,2021-06-23,34.4241,-119.84249,2.5,"SANTA BARBARA MUNICIPAL AIRPORT, CA US",0,228,150,44,77,61,87
USW00023190,2021-06-24,34.4241,-119.84249,2.5,"SANTA BARBARA MUNICIPAL AIRPORT, CA US",0,211,139,34,76,59,90
USW00023190,2021-06-25,34.4241,-119.84249,2.5,"SANTA BARBARA MUNICIPAL AIRPORT, CA US",0,239,122,26,74,57,90
USW00023190,2021-06-26,34.4241,-119.84249,2.5,"SANTA BARBARA MUNICIPAL AIRPORT, CA US",0,250,128,28,76,52,87
USW00023190,2021-06-27,34.4241,-119.84249,2.5,"SANTA BARBARA MUNICIPAL AIRPORT, CA US",0,261,139,33,75,52,87
USW00023190,2021-06-28,34.4241,-119.84249,2.5,"SANTA BARBARA MUNICIPAL AIRPORT, CA US",0,233,156,26,79,59,87
USW00023190,2021-06-29,34.4241,-119.84249,2.5,"SANTA BARBARA MUNICIPAL AIRPORT, CA US",0,211,156,20,84,73,97
USW00023190,2021-06-30,34.4241,-119.84249,2.5,"SANTA BARBARA MUNICIPAL AIRPORT, CA US",0,228,161,23,85,71,97
USW00023190,2021-07-01,34.4241,-119.84249,2.5,"SANTA BARBARA MUNICIPAL AIRPORT, CA US",0,228,167,27,82,66,96
USW00023190,2021-07-02,34.4241,-119.84249,2.5,"SANTA BARBARA MUNICIPAL AIRPORT, CA US",0,239,167,26,79,59,90
USW00023190,2021-07-03,34.4241,-119.84249,2.5,"SANTA BARBARA MUNICIPAL AIRPORT, CA US",0,233,156,29,78,59,93
USW00023190,2021-07-04,34.4241,-119.84249,2.5,"SANTA BARBARA MUNICIPAL AIRPORT, CA US",0,217,144,36,79,66,90
USW00023190,2021-07-05,34.4241,-119.84249,2.5,"SANTA BARBARA MUNICIPAL AIRPORT, CA US",0,217,139,27,79,64,90
USW00023190,2021-07-06,34.4241,-119.84249,2.5,"SANTA BARBARA MUNICIPAL AIRPORT, CA US",0,228,139,26,79,57,90
USW00023190,2021-07-07,34.4241,-119.84249,2.5,"SANTA BARBARA MUNICIPAL AIRPORT, CA US",0,233,150,28,78,57,87
USW00023190,2021-07-08,34.4241,-119.84249,2.5,"SANTA BARBARA MUNICIPAL AIRPORT, CA US",0,244,150,22,76,60,90
USW00023190,2021-07-09,34.4241,-119.84249,2.5,"SANTA BARBARA MUNICIPAL AIRPORT, CA US",0,256,161,25,77,62,90
USW00023190,2021-07-10,34.4241,-119.84249,2.5,"SANTA BARBARA MUNICIPAL AIRPORT, CA US",0,256,161,28,78,62,87
USW00023190,2021-07-11,34.4241,-119.84249,2.5,"SANTA BARBARA MUNICIPAL AIRPORT, CA US",0,233,156,21,79,64,90
USW00023190,2021-07-12,34.4241,-119.84249,2.5,"SANTA BARBARA MUNICIPAL AIRPORT, CA US",0,233,156,30,80,66,90
USW00023190,2021-07-13,34.4241,-119.84249,2.5,"SANTA BARBARA MUNICIPAL AIRPORT, CA US",0,228,167,24,80,66,93
USW00023190,2021-07-14,34.4241,-119.84249,2.5,"SANTA BARBARA MUNICIPAL AIRPORT, CA US",0,239,167,26,80,71,90
USW00023190,2021-07-15,34.4241,-119.84249,2.5,"SANTA BARBARA MUNICIPAL AIRPORT, CA US",0,233,150,27,80,66,93
USW00023190,2021-07-16,34.4241,-119.84249,2.5,"SANTA BARBARA MUNICIPAL AIRPORT, CA US",0,228,167,29,79,66,90
USW00023190,2021-07-17,34.4241,-119.84249,2.5,"SANTA BARBARA MUNICIPAL AIRPORT, CA US",0,228,139,26,80,66,90
USW00023190,2021-07-18,34.4241,-119.84249,2.5,"SANTA BARBARA MUNICIPAL AIRPORT, CA US",0,244,156,24,79,55,90
USW00023190,2021-07-19,34.4241,-119.84249,2.5,"SANTA BARBARA MUNICIPAL AIRPORT, CA US",0,244,150,23,76,56,90
USW00023190,2021-07-20,34.4241,-119.84249,2.5,"SANTA BARBARA MUNICIPAL AIRPORT, CA US",0,256,161,28,77,54,93
USW00023190,2021-07-21,34.4241,-119.84249,2.5,"SANTA BARBARA MUNICIPAL AIRPORT, CA US",0,261,161,26,73,48,90
USW00023190,2021-07-22,34.4241,-119.84249,2.5,"SANTA BARBARA MUNICIPAL AIRPORT, CA US",0,244,161,22,72,54,87
USW00023190,2021-07-23,34.4241,-119.84249,2.5,"SANTA BARBARA MUNICIPAL AIRPORT, CA US",0,217,150,25,79,66,90
USW00023190,2021-07-24,34.4241,-119.84249,2.5,"SANTA BARBARA MUNICIPAL AIRPORT, CA US",0,200,144,21,86,73,97
USW00023190,2021-07-25,34.4241,-119.84249,2.5,"SANTA BARBARA MUNICIPAL AIRPORT, CA US",0,211,144,21,82,70,90
USW00023190,2021-07-26,34.4241,-119.84249,2.5,"SANTA BARBARA MUNICIPAL AIRPORT, CA US",0,217,139,16,82,66,90
USW00023190,2021-07-27,34.4241,-119.84249,2.5,"SANTA BARBARA MUNICIPAL AIRPORT, CA US",0,222,139,29,80,66,93
USW00023190,2021-07-28,34.4241,-119.84249,2.5,"SANTA BARBARA MUNICIPAL AIRPORT, CA US",0,233,161,30,79,64,90
USW00023190,2021-07-29,34.4241,-119.84249,2.5,"SANTA BARBARA MUNICIPAL AIRPORT, CA US",0,239,161,28,80,62,93
USW00023190,2021-07-30,34.4241,-119.84249,2.5,"SANTA BARBARA MUNICIPAL AIRPORT, CA US",0,217,161,39,81,68,90
USW00023190,2021-07-31,34.4241,-119.84249,2.5,"SANTA BARBARA MUNICIPAL AIRPORT, CA US",0,217,150,30,81,66,96
USW00023190,2021-08-01,34.4241,-119.84249,2.5,"SANTA BARBARA MUNICIPAL AIRPORT, CA US",0,250,133,28,76,52,93
USW00023190,2021-08-02,34.4241,-119.84249,2.5,"SANTA BARBARA MUNICIPAL AIRPORT, CA US",0,261,111,16,73,50,93
USW00023190,2021-08-03,34.4241,-119.84249,2.5,"SANTA BARBARA MUNICIPAL AIRPORT, CA US",0,256,128,23,74,50,90
USW00023190,2021-08-04,34.4241,-119.84249,2.5,"SANTA BARBARA MUNICIPAL AIRPORT, CA US",0,256,156,26,73,50,87
USW00023190,2021-08-05,34.4241,-119.84249,2.5,"SANTA BARBARA MUNICIPAL AIRPORT, CA US",0,267,144,30,74,45,90
USW00023190,2021-08-06,34.4241,-119.84249,2.5,"SANTA BARBARA MUNICIPAL AIRPORT, CA US",0,228,133,22,80,59,93
USW00023190,2021-08-07,34.4241,-119.84249,2.5,"SANTA BARBARA MUNICIPAL AIRPORT, CA US",0,228,139,27,85,68,97
USW00023190,2021-08-08,34.4241,-119.84249,2.5,"SANTA BARBARA MUNICIPAL AIRPORT, CA US",0,211,144,27,88,70,97
USW00023190,2021-08-09,34.4241,-119.84249,2.5,"SANTA BARBARA MUNICIPAL AIRPORT, CA US",0,217,150,29,83,68,96
USW00023190,2021-08-10,34.4241,-119.84249,2.5,"SANTA BARBARA MUNICIPAL AIRPORT, CA US",0,217,144,20,85,70,97
USW00023190,2021-08-11,34.4241,-119.84249,2.5,"SANTA BARBARA MUNICIPAL AIRPORT, CA US",0,278,161,29,78,56,90
USW00023190,2021-08-12,34.4241,-119.84249,2.5,"SANTA BARBARA MUNICIPAL AIRPORT, CA US",0,278,150,16,72,47,90
USW00023190,2021-08-13,34.4241,-119.84249,2.5,"SANTA BARBARA MUNICIPAL AIRPORT, CA US",0,256,144,20,76,54,93
USW00023190,2021-08-14,34.4241,-119.84249,2.5,"SANTA BARBARA MUNICIPAL AIRPORT, CA US",0,228,150,30,82,68,96
USW00023190,2021-08-15,34.4241,-119.84249,2.5,"SANTA BARBARA MUNICIPAL AIRPORT, CA US",0,244,144,22,77,55,90
USW00023190,2021-08-16,34.4241,-119.84249,2.5,"SANTA BARBARA MUNICIPAL AIRPORT, CA US",0,250,167,21,81,64,93
USW00023190,2021-08-17,34.4241,-119.84249,2.5,"SANTA BARBARA MUNICIPAL AIRPORT, CA US",0,239,156,27,83,69,93
USW00023190,2021-08-18,34.4241,-119.84249,2.5,"SANTA BARBARA MUNICIPAL AIRPORT, CA US",0,228,167,16,81,71,93
USW00023190,2021-08-19,34.4241,-119.84249,2.5,"SANTA BARBARA MUNICIPAL AIRPORT, CA US",0,244,156,22,73,60,84
USW00023190,2021-08-20,34.4241,-119.84249,2.5,"SANTA BARBARA MUNICIPAL AIRPORT, CA US",0,244,139,22,75,58,90
USW00023190,2021-08-21,34.4241,-119.84249,2.5,"SANTA BARBARA MUNICIPAL AIRPORT, CA US",0,228,150,15,74,55,87
USW00023190,2021-08-22,34.4241,-119.84249,2.5,"SANTA BARBARA MUNICIPAL AIRPORT, CA US",0,239,128,22,75,54,90
USW00023190,2021-08-23,34.4241,-119.84249,2.5,"SANTA BARBARA MUNICIPAL AIRPORT, CA US",0,233,128,22,75,57,87
USW00023190,2021-08-24,34.4241,-119.84249,2.5,"SANTA BARBARA MUNICIPAL AIRPORT, CA US",0,228,117,22,77,61,93
USW00023190,2021-08-25,34.4241,-119.84249,2.5,"SANTA BARBARA MUNICIPAL AIRPORT, CA US",0,250,122,22,77,52,96
USW00023190,2021-08-26,34.4241,-119.84249,2.5,"SANTA BARBARA MUNICIPAL AIRPORT, CA US",0,261,117,20,76,52,93
USW00023190,2021-08-27,34.4241,-119.84249,2.5,"SANTA BARBARA MUNICIPAL AIRPORT, CA US",0,244,128,20,81,60,96
USW00023190,2021-08-28,34.4241,-119.84249,2.5,"SANTA BARBARA MUNICIPAL AIRPORT, CA US",0,211,150,24,87,70,96
USW00023190,2021-08-29,34.4241,-119.84249,2.5,"SANTA BARBARA MUNICIPAL AIRPORT, CA US",0,217,139,28,84,66,96
USW00023190,2021-08-30,34.4241,-119.84249,2.5,"SANTA BARBARA MUNICIPAL AIRPORT, CA US",0,211,156,26,85,73,93
USW00023190,2021-08-31,34.4241,-119.84249,2.5,"SANTA BARBARA MUNICIPAL AIRPORT, CA US",0,217,167,21,84,73,93
USW00023190,2021-09-01,34.4241,-119.84249,2.5,"SANTA BARBARA MUNICIPAL AIRPORT, CA US",0,244,139,20,73,54,90
USW00023190,2021-09-02,34.4241,-119.84249,2.5,"SANTA BARBARA MUNICIPAL AIRPORT, CA US",0,222,128,32,79,66,93
USW00023190,2021-09-03,34.4241,-119.84249,2.5,"SANTA BARBARA MUNICIPAL AIRPORT, CA US",0,222,122,23,79,59,93
USW00023190,2021-09-04,34.4241,-119.84249,2.5,"SANTA BARBARA MUNICIPAL AIRPORT, CA US",0,239,100,18,79,52,96
USW00023190,2021-09-05,34.4241,-119.84249,2.5,"SANTA BARBARA MUNICIPAL AIRPORT, CA US",0,250,111,17,79,52,100
USW00023190,2021-09-06,34.4241,-119.84249,2.5,"SANTA BARBARA MUNICIPAL AIRPORT, CA US",0,244,144,28,84,69,97
USW00023190,2021-09-07,34.4241,-119.84249,2.5,"SANTA BARBARA MUNICIPAL AIRPORT, CA US",0,256,167,26,79,64,93
USW00023190,2021-09-08,34.4241,-119.84249,2.5,"SANTA BARBARA MUNICIPAL AIRPORT, CA US",0,211,156,22,90,76,97
USW00023190,2021-09-09,34.4241,-119.84249,2.5,"SANTA BARBARA MUNICIPAL AIRPORT, CA US",0,217,156,22,87,71,100
USW00023190,2021-09-10,34.4241,-119.84249,2.5,"SANTA BARBARA MUNICIPAL AIRPORT, CA US",0,239,156,21,85,62,97
USW00023190,2021-09-11,34.4241,-119.84249,2.5,"SANTA BARBARA MUNICIPAL AIRPORT, CA US",0,250,139,17,77,55,93
USW00023190,2021-09-12,34.4241,-119.84249,2.5,"SANTA BARBARA MUNICIPAL AIRPORT, CA US",0,217,106,19,84,64,96
USW00023190,2021-09-13,34.4241,-119.84249,2.5,"SANTA BARBARA MUNICIPAL AIRPORT, CA US",0,200,133,29,89,71,100
USW00023190,2021-09-14,34.4241,-119.84249,2.5,"SANTA BARBARA MUNICIPAL AIRPORT, CA US",0,194,139,22,86,68,97
USW00023190,2021-09-15,34.4241,-119.84249,2.5,"SANTA BARBARA MUNICIPAL AIRPORT, CA US",0,194,133,23,82,65,93
USW00023190,2021-09-16,34.4241,-119.84249,2.5,"SANTA BARBARA MUNICIPAL AIRPORT, CA US",0,189,122,29,82,68,90
USW00023190,2021-09-17,34.4241,-119.84249,2.5,"SANTA BARBARA MUNICIPAL AIRPORT, CA US",0,206,106,26,76,59,90
USW00023190,2021-09-18,34.4241,-119.84249,2.5,"SANTA BARBARA MUNICIPAL AIRPORT, CA US",0,206,78,19,77,59,93
USW00023190,2021-09-19,34.4241,-119.84249,2.5,"SANTA BARBARA MUNICIPAL AIRPORT, CA US",0,200,94,21,83,68,93
USW00023190,2021-09-20,34.4241,-119.84249,2.5,"SANTA BARBARA MUNICIPAL AIRPORT, CA US",0,228,122,18,82,66,93
USW00023190,2021-09-21,34.4241,-119.84249,2.5,"SANTA BARBARA MUNICIPAL AIRPORT, CA US",0,239,133,17,85,68,96
USW00023190,2021-09-22,34.4241,-119.84249,2.5,"SANTA BARBARA MUNICIPAL AIRPORT, CA US",0,244,117,20,82,61,96
USW00023190,2021-09-23,34.4241,-119.84249,2.5,"SANTA BARBARA MUNICIPAL AIRPORT, CA US",0,194,117,23,85,73,93
USW00023190,2021-09-24,34.4241,-119.84249,2.5,"SANTA BARBARA MUNICIPAL AIRPORT, CA US",0,167,128,14,90,80,97
USW00023190,2021-09-25,34.4241,-119.84249,2.5,"SANTA BARBARA MUNICIPAL AIRPORT, CA US",0,189,133,21,88,73,97
USW00023190,2021-09-26,34.4241,-119.84249,2.5,"SANTA BARBARA MUNICIPAL AIRPORT, CA US",0,189,150,23,82,78,90
USW00023190,2021-09-27,34.4241,-119.84249,2.5,"SANTA BARBARA MUNICIPAL AIRPORT, CA US",0,194,111,15,81,68,90
USW00023190,2021-09-28,34.4241,-119.84249,2.5,"SANTA BARBARA MUNICIPAL AIRPORT, CA US",0,206,89,15,80,65,93
USW00023190,2021-09-29,34.4241,-119.84249,2.5,"SANTA BARBARA MUNICIPAL AIRPORT, CA US",0,222,83,17,76,47,93
USW00023190,2021-09-30,34.4241,-119.84249,2.5,"SANTA BARBARA MUNICIPAL AIRPORT, CA US",0,317,78,14,62,20,89
USW00023190,2021-10-01,34.4241,-119.84249,2.5,"SANTA BARBARA MUNICIPAL AIRPORT, CA US",0,256,89,20,71,40,97
USW00023190,2021-10-02,34.4241,-119.84249,2.5,"SANTA BARBARA MUNICIPAL AIRPORT, CA US",0,228,111,17,82,53,100
USW00023190,2021-10-03,34.4241,-119.84249,2.5,"SANTA BARBARA MUNICIPAL AIRPORT, CA US",0,306,100,17,70,24,90
USW00023190,2021-10-04,34.4241,-119.84249,2.5,"SANTA BARBARA MUNICIPAL AIRPORT, CA US",30,289,117,31,66,35,90
USW00023190,2021-10-05,34.4241,-119.84249,2.5,"SANTA BARBARA MUNICIPAL AIRPORT, CA US",0,244,139,26,79,52,93
USW00023190,2021-10-06,34.4241,-119.84249,2.5,"SANTA BARBARA MUNICIPAL AIRPORT, CA US",0,206,139,19,83,73,90
USW00023190,2021-10-07,34.4241,-119.84249,2.5,"SANTA BARBARA MUNICIPAL AIRPORT, CA US",3,206,156,22,82,73,93
USW00023190,2021-10-08,34.4241,-119.84249,2.5,"SANTA BARBARA MUNICIPAL AIRPORT, CA US",23,222,100,16,69,35,96
USW00023190,2021-10-09,34.4241,-119.84249,2.5,"SANTA BARBARA MUNICIPAL AIRPORT, CA US",0,222,67,18,67,44,86
USW00023190,2021-10-10,34.4241,-119.84249,2.5,"SANTA BARBARA MUNICIPAL AIRPORT, CA US",0,239,67,14,69,40,89
USW00023190,2021-10-11,34.4241,-119.84249,2.5,"SANTA BARBARA MUNICIPAL AIRPORT, CA US",0,261,94,55,46,16,92
USW00023190,2021-10-12,34.4241,-119.84249,2.5,"SANTA BARBARA MUNICIPAL AIRPORT, CA US",0,222,111,36,29,13,62
USW00023190,2021-10-13,34.4241,-119.84249,2.5,"SANTA BARBARA MUNICIPAL AIRPORT, CA US",0,206,67,13,59,26,86
USW00023190,2021-10-14,34.4241,-119.84249,2.5,"SANTA BARBARA MUNICIPAL AIRPORT, CA US",0,211,61,15,65,38,83
USW00023190,2021-10-15,34.4241,-119.84249,2.5,"SANTA BARBARA MUNICIPAL AIRPORT, CA US",0,294,67,15,40,13,77
USW00023190,2021-10-16,34.4241,-119.84249,2.5,"SANTA BARBARA MUNICIPAL AIRPORT, CA US",0,283,67,11,31,10,56
USW00023190,2021-10-17,34.4241,-119.84249,2.5,"SANTA BARBARA MUNICIPAL AIRPORT, CA US",0,194,72,22,69,43,90
USW00023190,2021-10-18,34.4241,-119.84249,2.5,"SANTA BARBARA MUNICIPAL AIRPORT, CA US",0,222,83,30,51,29,80
USW00023190,2021-10-19,34.4241,-119.84249,2.5,"SANTA BARBARA MUNICIPAL AIRPORT, CA US",0,183,72,16,73,54,90
USW00023190,2021-10-20,34.4241,-119.84249,2.5,"SANTA BARBARA MUNICIPAL AIRPORT, CA US",0,189,56,21,79,54,90
USW00023190,2021-10-21,34.4241,-119.84249,2.5,"SANTA BARBARA MUNICIPAL AIRPORT, CA US",0,206,78,13,83,61,100
USW00023190,2021-10-22,34.4241,-119.84249,2.5,"SANTA BARBARA MUNICIPAL AIRPORT, CA US",0,206,122,30,89,63,100
USW00023190,2021-10-23,34.4241,-119.84249,2.5,"SANTA BARBARA MUNICIPAL AIRPORT, CA US",0,217,100,20,74,51,97
USW00023190,2021-10-24,34.4241,-119.84249,2.5,"SANTA BARBARA MUNICIPAL AIRPORT, CA US",3,189,100,20,81,70,93
USW00023190,2021-10-25,34.4241,-119.84249,2.5,"SANTA BARBARA MUNICIPAL AIRPORT, CA US",244,194,111,44,80,52,100
USW00023190,2021-10-26,34.4241,-119.84249,2.5,"SANTA BARBARA MUNICIPAL AIRPORT, CA US",0,222,67,16,68,38,89
USW00023190,2021-10-27,34.4241,-119.84249,2.5,"SANTA BARBARA MUNICIPAL AIRPORT, CA US",0,239,83,14,62,35,87
USW00023190,2021-10-28,34.4241,-119.84249,2.5,"SANTA BARBARA MUNICIPAL AIRPORT, CA US",0,306,111,18,59,24,90
USW00023190,2021-10-29,34.4241,-119.84249,2.5,"SANTA BARBARA MUNICIPAL AIRPORT, CA US",0,256,111,14,81,53,100
USW00023190,2021-10-30,34.4241,-119.84249,2.5,"SANTA BARBARA MUNICIPAL AIRPORT, CA US",0,167,133,17,90,81,100
USW00023190,2021-10-31,34.4241,-119.84249,2.5,"SANTA BARBARA MUNICIPAL AIRPORT, CA US",0,167,106,16,84,78,93
USW00023190,2021-11-01,34.4241,-119.84249,2.5,"SANTA BARBARA MUNICIPAL AIRPORT, CA US",0,189,106,23,87,68,97
USW00023190,2021-11-02,34.4241,-119.84249,2.5,"SANTA BARBARA MUNICIPAL AIRPORT, CA US",0,178,117,19,87,75,97
USW00023190,2021-11-03,34.4241,-119.84249,2.5,"SANTA BARBARA MUNICIPAL AIRPORT, CA US",0,178,106,14,93,78,100
USW00023190,2021-11-04,34.4241,-119.84249,2.5,"SANTA BARBARA MUNICIPAL AIRPORT, CA US",0,172,106,11,96,87,100
USW00023190,2021-11-05,34.4241,-119.84249,2.5,"SANTA BARBARA MUNICIPAL AIRPORT, CA US",0,167,94,18,95,80,100
USW00023190,2021-11-06,34.4241,-119.84249,2.5,"SANTA BARBARA MUNICIPAL AIRPORT, CA US",0,161,117,16,90,78,100
USW00023190,2021-11-07,34.4241,-119.84249,2.5,"SANTA BARBARA MUNICIPAL AIRPORT, CA US",0,172,94,18,86,70,100
USW00023190,2021-11-08,34.4241,-119.84249,2.5,"SANTA BARBARA MUNICIPAL AIRPORT, CA US",0,178,89,16,82,70,93
USW00023190,2021-11-09,34.4241,-119.84249,2.5,"SANTA BARBARA MUNICIPAL AIRPORT, CA US",5,183,111,21,88,78,96
USW00023190,2021-11-10,34.4241,-119.84249,2.5,"SANTA BARBARA MUNICIPAL AIRPORT, CA US",0,222,100,18,85,44,100
USW00023190,2021-11-11,34.4241,-119.84249,2.5,"SANTA BARBARA MUNICIPAL AIRPORT, CA US",0,283,94,8,63,24,97
USW00023190,2021-11-12,34.4241,-119.84249,2.5,"SANTA BARBARA MUNICIPAL AIRPORT, CA US",0,300,100,13,64,23,90
USW00023190,2021-11-13,34.4241,-119.84249,2.5,"SANTA BARBARA MUNICIPAL AIRPORT, CA US",0,300,94,9,57,21,86
USW00023190,2021-11-14,34.4241,-119.84249,2.5,"SANTA BARBARA MUNICIPAL AIRPORT, CA US",0,278,94,10,56,26,77
USW00023190,2021-11-15,34.4241,-119.84249,2.5,"SANTA BARBARA MUNICIPAL AIRPORT, CA US",0,206,83,20,83,63,100
USW00023190,2021-11-16,34.4241,-119.84249,2.5,"SANTA BARBARA MUNICIPAL AIRPORT, CA US",0,167,128,24,85,75,93
USW00023190,2021-11-17,34.4241,-119.84249,2.5,"SANTA BARBARA MUNICIPAL AIRPORT, CA US",0,178,89,18,81,68,93
USW00023190,2021-11-18,34.4241,-119.84249,2.5,"SANTA BARBARA MUNICIPAL AIRPORT, CA US",0,167,72,13,87,75,93
USW00023190,2021-11-19,34.4241,-119.84249,2.5,"SANTA BARBARA MUNICIPAL AIRPORT, CA US",0,167,83,18,87,75,96
USW00023190,2021-11-20,34.4241,-119.84249,2.5,"SANTA BARBARA MUNICIPAL AIRPORT, CA US",0,172,78,14,87,72,100
USW00023190,2021-11-21,34.4241,-119.84249,2.5,"SANTA BARBARA MUNICIPAL AIRPORT, CA US",0,256,56,11,60,29,93
USW00023190,2021-11-22,34.4241,-119.84249,2.5,"SANTA BARBARA MUNICIPAL AIRPORT, CA US",0,261,44,9,44,14,79
USW00023190,2021-11-23,34.4241,-119.84249,2.5,"SANTA BARBARA MUNICIPAL AIRPORT, CA US",0,211,56,10,68,35,97
USW00023190,2021-11-24,34.4241,-119.84249,2.5,"SANTA BARBARA MUNICIPAL AIRPORT, CA US",0,194,56,13,79,63,93
USW00023190,2021-11-25,34.4241,-119.84249,2.5,"SANTA BARBARA MUNICIPAL AIRPORT, CA US",0,217,33,22,59,26,83
USW00023190,2021-11-26,34.4241,-119.84249,2.5,"SANTA BARBARA MUNICIPAL AIRPORT, CA US",0,217,33,10,65,28,86
USW00023190,2021-11-27,34.4241,-119.84249,2.5,"SANTA BARBARA MUNICIPAL AIRPORT, CA US",0,222,33,10,55,22,83
USW00023190,2021-11-28,34.4241,-119.84249,2.5,"SANTA BARBARA MUNICIPAL AIRPORT, CA US",0,194,44,13,76,59,97
USW00023190,2021-11-29,34.4241,-119.84249,2.5,"SANTA BARBARA MUNICIPAL AIRPORT, CA US",0,217,39,10,83,42,97
USW00023190,2021-11-30,34.4241,-119.84249,2.5,"SANTA BARBARA MUNICIPAL AIRPORT, CA US",0,172,50,14,91,78,100
USW00023190,2021-12-01,34.4241,-119.84249,2.5,"SANTA BARBARA MUNICIPAL AIRPORT, CA US",0,161,39,11,94,81,100
USW00023190,2021-12-02,34.4241,-119.84249,2.5,"SANTA BARBARA MUNICIPAL AIRPORT, CA US",0,139,94,17,90,81,100
USW00023190,2021-12-03,34.4241,-119.84249,2.5,"SANTA BARBARA MUNICIPAL AIRPORT, CA US",0,156,117,22,79,69,86
USW00023190,2021-12-04,34.4241,-119.84249,2.5,"SANTA BARBARA MUNICIPAL AIRPORT, CA US",0,150,56,18,82,70,96
USW00023190,2021-12-05,34.4241,-119.84249,2.5,"SANTA BARBARA MUNICIPAL AIRPORT, CA US",0,189,39,9,87,66,96
USW00023190,2021-12-06,34.4241,-119.84249,2.5,"SANTA BARBARA MUNICIPAL AIRPORT, CA US",0,156,44,17,87,80,93
USW00023190,2021-12-07,34.4241,-119.84249,2.5,"SANTA BARBARA MUNICIPAL AIRPORT, CA US",3,178,94,9,84,67,97
USW00023190,2021-12-08,34.4241,-119.84249,2.5,"SANTA BARBARA MUNICIPAL AIRPORT, CA US",0,178,72,17,85,68,93
USW00023190,2021-12-09,34.4241,-119.84249,2.5,"SANTA BARBARA MUNICIPAL AIRPORT, CA US",3,167,67,34,70,43,90
USW00023190,2021-12-10,34.4241,-119.84249,2.5,"SANTA BARBARA MUNICIPAL AIRPORT, CA US",0,167,44,13,65,44,82
USW00023190,2021-12-11,34.4241,-119.84249,2.5,"SANTA BARBARA MUNICIPAL AIRPORT, CA US",0,178,22,10,68,43,86
USW00023190,2021-12-12,34.4241,-119.84249,2.5,"SANTA BARBARA MUNICIPAL AIRPORT, CA US",0,167,22,11,72,48,86
USW00023190,2021-12-13,34.4241,-119.84249,2.5,"SANTA BARBARA MUNICIPAL AIRPORT, CA US",229,144,39,52,80,65,93
USW00023190,2021-12-14,34.4241,-119.84249,2.5,"SANTA BARBARA MUNICIPAL AIRPORT, CA US",366,144,78,47,78,56,97
USW00023190,2021-12-15,34.4241,-119.84249,2.5,"SANTA BARBARA MUNICIPAL AIRPORT, CA US",0,144,28,13,64,45,83
USW00023190,2021-12-16,34.4241,-119.84249,2.5,"SANTA BARBARA MUNICIPAL AIRPORT, CA US",5,144,22,11,90,77,97
USW00023190,2021-12-17,34.4241,-119.84249,2.5,"SANTA BARBARA MUNICIPAL AIRPORT, CA US",0,161,39,11,82,56,96
USW00023190,2021-12-18,34.4241,-119.84249,2.5,"SANTA BARBARA MUNICIPAL AIRPORT, CA US",0,172,22,10,77,41,93
USW00023190,2021-12-19,34.4241,-119.84249,2.5,"SANTA BARBARA MUNICIPAL AIRPORT, CA US",0,161,17,8,81,60,93
USW00023190,2021-12-20,34.4241,-119.84249,2.5,"SANTA BARBARA MUNICIPAL AIRPORT, CA US",0,139,17,6,81,62,97
USW00023190,2021-12-21,34.4241,-119.84249,2.5,"SANTA BARBARA MUNICIPAL AIRPORT, CA US",0,161,50,10,79,44,93
USW00023190,2021-12-22,34.4241,-119.84249,2.5,"SANTA BARBARA MUNICIPAL AIRPORT, CA US",119,161,44,11,84,67,97
USW00023190,2021-12-23,34.4241,-119.84249,2.5,"SANTA BARBARA MUNICIPAL AIRPORT, CA US",787,139,128,30,93,87,97
USW00023190,2021-12-24,34.4241,-119.84249,2.5,"SANTA BARBARA MUNICIPAL AIRPORT, CA US",41,161,72,29,84,67,97
USW00023190,2021-12-25,34.4241,-119.84249,2.5,"SANTA BARBARA MUNICIPAL AIRPORT, CA US",122,144,89,26,76,56,93
USW00023190,2021-12-26,34.4241,-119.84249,2.5,"SANTA BARBARA MUNICIPAL AIRPORT, CA US",0,150,33,30,65,46,86
USW00023190,2021-12-27,34.4241,-119.84249,2.5,"SANTA BARBARA MUNICIPAL AIRPORT, CA US",175,122,17,21,81,57,93
USW00023190,2021-12-28,34.4241,-119.84249,2.5,"SANTA BARBARA MUNICIPAL AIRPORT, CA US",0,150,44,34,62,48,86
USW00023190,2021-12-29,34.4241,-119.84249,2.5,"SANTA BARBARA MUNICIPAL AIRPORT, CA US",53,111,39,40,84,74,93
USW00023190,2021-12-30,34.4241,-119.84249,2.5,"SANTA BARBARA MUNICIPAL AIRPORT, CA US",33,156,83,21,89,72,97
USW00023190,2021-12-31,34.4241,-119.84249,2.5,"SANTA BARBARA MUNICIPAL AIRPORT, CA US",0,167,44,31,71,54,97
USW00023190,2022-01-01,34.4241,-119.84249,2.5,"SANTA BARBARA MUNICIPAL AIRPORT, CA US",0,150,11,11,69,41,86
USW00023190,2022-01-02,34.4241,-119.84249,2.5,"SANTA BARBARA MUNICIPAL AIRPORT, CA US",0,161,11,9,63,23,86
USW00023190,2022-01-03,34.4241,-119.84249,2.5,"SANTA BARBARA MUNICIPAL AIRPORT, CA US",0,161,6,17,70,51,89
USW00023190,2022-01-04,34.4241,-119.84249,2.5,"SANTA BARBARA MUNICIPAL AIRPORT, CA US",0,150,28,14,81,69,93
USW00023190,2022-01-05,34.4241,-119.84249,2.5,"SANTA BARBARA MUNICIPAL AIRPORT, CA US",0,222,56,14,76,44,90
USW00023190,2022-01-06,34.4241,-119.84249,2.5,"SANTA BARBARA MUNICIPAL AIRPORT, CA US",0,194,56,10,80,49,96
USW00023190,2022-01-07,34.4241,-119.84249,2.5,"SANTA BARBARA MUNICIPAL AIRPORT, CA US",0,150,72,16,89,78,100
USW00023190,2022-01-08,34.4241,-119.84249,2.5,"SANTA BARBARA MUNICIPAL AIRPORT, CA US",0,167,50,10,82,60,97
USW00023190,2022-01-09,34.4241,-119.84249,2.5,"SANTA BARBARA MUNICIPAL AIRPORT, CA US",0,194,33,9,77,43,96
USW00023190,2022-01-10,34.4241,-119.84249,2.5,"SANTA BARBARA MUNICIPAL AIRPORT, CA US",0,211,44,8,63,28,86
USW00023190,2022-01-11,34.4241,-119.84249,2.5,"SANTA BARBARA MUNICIPAL AIRPORT, CA US",0,211,17,9,54,18,79
USW00023190,2022-01-12,34.4241,-119.84249,2.5,"SANTA BARBARA MUNICIPAL AIRPORT, CA US",0,222,33,9,57,22,79
USW00023190,2022-01-13,34.4241,-119.84249,2.5,"SANTA BARBARA MUNICIPAL AIRPORT, CA US",0,206,89,10,65,32,83
USW00023190,2022-01-14,34.4241,-119.84249,2.5,"SANTA BARBARA MUNICIPAL AIRPORT, CA US",0,194,56,10,70,42,86
USW00023190,2022-01-15,34.4241,-119.84249,2.5,"SANTA BARBARA MUNICIPAL AIRPORT, CA US",0,200,83,7,62,35,81
USW00023190,2022-01-16,34.4241,-119.84249,2.5,"SANTA BARBARA MUNICIPAL AIRPORT, CA US",0,217,128,12,61,33,93
USW00023190,2022-01-17,34.4241,-119.84249,2.5,"SANTA BARBARA MUNICIPAL AIRPORT, CA US",15,167,106,15,81,58,93
USW00023190,2022-01-18,34.4241,-119.84249,2.5,"SANTA BARBARA MUNICIPAL AIRPORT, CA US",0,167,78,13,87,70,97
USW00023190,2022-01-19,34.4241,-119.84249,2.5,"SANTA BARBARA MUNICIPAL AIRPORT, CA US",0,161,61,12,87,72,97
USW00023190,2022-01-20,34.4241,-119.84249,2.5,"SANTA BARBARA MUNICIPAL AIRPORT, CA US",0,206,39,10,78,43,100
USW00023190,2022-01-21,34.4241,-119.84249,2.5,"SANTA BARBARA MUNICIPAL AIRPORT, CA US",0,200,33,19,74,32,93
USW00023190,2022-01-22,34.4241,-119.84249,2.5,"SANTA BARBARA MUNICIPAL AIRPORT, CA US",0,194,28,19,57,36,80
USW00023190,2022-01-23,34.4241,-119.84249,2.5,"SANTA BARBARA MUNICIPAL AIRPORT, CA US",0,217,28,12,67,24,89
USW00023190,2022-01-24,34.4241,-119.84249,2.5,"SANTA BARBARA MUNICIPAL AIRPORT, CA US",0,194,11,12,71,34,89
USW00023190,2022-01-25,34.4241,-119.84249,2.5,"SANTA BARBARA MUNICIPAL AIRPORT, CA US",0,172,33,11,78,52,89
USW00023190,2022-01-26,34.4241,-119.84249,2.5,"SANTA BARBARA MUNICIPAL AIRPORT, CA US",0,183,28,12,69,34,89
USW00023190,2022-01-27,34.4241,-119.84249,2.5,"SANTA BARBARA MUNICIPAL AIRPORT, CA US",0,206,11,10,60,18,89
USW00023190,2022-01-28,34.4241,-119.84249,2.5,"SANTA BARBARA MUNICIPAL AIRPORT, CA US",0,217,28,9,50,19,82
USW00023190,2022-01-29,34.4241,-119.84249,2.5,"SANTA BARBARA MUNICIPAL AIRPORT, CA US",0,200,50,13,59,24,80
USW00023190,2022-01-30,34.4241,-119.84249,2.5,"SANTA BARBARA MUNICIPAL AIRPORT, CA US",0,211,6,14,67,22,86
USW00023190,2022-01-31,34.4241,-119.84249,2.5,"SANTA BARBARA MUNICIPAL AIRPORT, CA US",0,150,44,7,78,64,90
USW00023190,2022-02-01,34.4241,-119.84249,2.5,"SANTA BARBARA MUNICIPAL AIRPORT, CA US",0,161,56,14,78,58,93
USW00023190,2022-02-02,34.4241,-119.84249,2.5,"SANTA BARBARA MUNICIPAL AIRPORT, CA US",0,172,11,16,56,29,79
USW00023190,2022-02-03,34.4241,-119.84249,2.5,"SANTA BARBARA MUNICIPAL AIRPORT, CA US",0,178,11,14,60,28,78
USW00023190,2022-02-04,34.4241,-119.84249,2.5,"SANTA BARBARA MUNICIPAL AIRPORT, CA US",0,200,11,22,51,24,79
USW00023190,2022-02-05,34.4241,-119.84249,2.5,"SANTA BARBARA MUNICIPAL AIRPORT, CA US",0,194,6,15,54,19,76
USW00023190,2022-02-06,34.4241,-119.84249,2.5,"SANTA BARBARA MUNICIPAL AIRPORT, CA US",0,206,17,10,69,40,86
USW00023190,2022-02-07,34.4241,-119.84249,2.5,"SANTA BARBARA MUNICIPAL AIRPORT, CA US",0,250,22,13,54,14,83
USW00023190,2022-02-08,34.4241,-119.84249,2.5,"SANTA BARBARA MUNICIPAL AIRPORT, CA US",0,228,33,11,59,24,79
USW00023190,2022-02-09,34.4241,-119.84249,2.5,"SANTA BARBARA MUNICIPAL AIRPORT, CA US",0,278,39,13,47,13,79
USW00023190,2022-02-10,34.4241,-119.84249,2.5,"SANTA BARBARA MUNICIPAL AIRPORT, CA US",0,272,56,23,43,17,68
USW00023190,2022-02-11,34.4241,-119.84249,2.5,"SANTA BARBARA MUNICIPAL AIRPORT, CA US",0,261,56,10,62,29,90
USW00023190,2022-02-12,34.4241,-119.84249,2.5,"SANTA BARBARA MUNICIPAL AIRPORT, CA US",0,289,56,7,50,24,83
USW00023190,2022-02-13,34.4241,-119.84249,2.5,"SANTA BARBARA MUNICIPAL AIRPORT, CA US",0,261,67,12,51,18,86
USW00023190,2022-02-14,34.4241,-119.84249,2.5,"SANTA BARBARA MUNICIPAL AIRPORT, CA US",0,194,44,15,83,77,93
USW00023190,2022-02-15,34.4241,-119.84249,2.5,"SANTA BARBARA MUNICIPAL AIRPORT, CA US",8,172,83,46,56,32,80
USW00023190,2022-02-16,34.4241,-119.84249,2.5,"SANTA BARBARA MUNICIPAL AIRPORT, CA US",0,194,33,26,52,24,75
USW00023190,2022-02-17,34.4241,-119.84249,2.5,"SANTA BARBARA MUNICIPAL AIRPORT, CA US",0,200,33,16,55,24,86
USW00023190,2022-02-18,34.4241,-119.84249,2.5,"SANTA BARBARA MUNICIPAL AIRPORT, CA US",0,200,39,21,60,35,82
USW00023190,2022-02-19,34.4241,-119.84249,2.5,"SANTA BARBARA MUNICIPAL AIRPORT, CA US",0,178,33,16,78,52,93
USW00023190,2022-02-20,34.4241,-119.84249,2.5,"SANTA BARBARA MUNICIPAL AIRPORT, CA US",0,156,61,24,82,72,96
USW00023190,2022-02-21,34.4241,-119.84249,2.5,"SANTA BARBARA MUNICIPAL AIRPORT, CA US",0,172,56,33,62,46,83
USW00023190,2022-02-22,34.4241,-119.84249,2.5,"SANTA BARBARA MUNICIPAL AIRPORT, CA US",0,161,67,41,58,42,71
USW00023190,2022-02-23,34.4241,-119.84249,2.5,"SANTA BARBARA MUNICIPAL AIRPORT, CA US",0,150,28,40,50,26,79
USW00023190,2022-02-24,34.4241,-119.84249,2.5,"SANTA BARBARA MUNICIPAL AIRPORT, CA US",0,150,6,22,47,31,70
USW00023190,2022-02-25,34.4241,-119.84249,2.5,"SANTA BARBARA MUNICIPAL AIRPORT, CA US",0,167,6,15,53,26,76
USW00023190,2022-02-26,34.4241,-119.84249,2.5,"SANTA BARBARA MUNICIPAL AIRPORT, CA US",0,194,11,17,50,20,76
USW00023190,2022-02-27,34.4241,-119.84249,2.5,"SANTA BARBARA MUNICIPAL AIRPORT, CA US",0,206,28,13,54,19,83
USW00023190,2022-02-28,34.4241,-119.84249,2.5,"SANTA BARBARA MUNICIPAL AIRPORT, CA US",0,256,22,16,53,13,83
USW00023190,2022-03-01,34.4241,-119.84249,2.5,"SANTA BARBARA MUNICIPAL AIRPORT, CA US",0,267,39,17,58,15,90
USW00023190,2022-03-02,34.4241,-119.84249,2.5,"SANTA BARBARA MUNICIPAL AIRPORT, CA US",0,228,50,14,62,30,90
USW00023190,2022-03-03,34.4241,-119.84249,2.5,"SANTA BARBARA MUNICIPAL AIRPORT, CA US",3,178,67,24,77,70,87
USW00023190,2022-03-04,34.4241,-119.84249,2.5,"SANTA BARBARA MUNICIPAL AIRPORT, CA US",0,200,78,44,69,48,93
USW00023190,2022-03-05,34.4241,-119.84249,2.5,"SANTA BARBARA MUNICIPAL AIRPORT, CA US",0,167,67,53,52,35,71
USW00023190,2022-03-06,34.4241,-119.84249,2.5,"SANTA BARBARA MUNICIPAL AIRPORT, CA US",0,156,39,22,53,35,71
USW00023190,2022-03-07,34.4241,-119.84249,2.5,"SANTA BARBARA MUNICIPAL AIRPORT, CA US",0,194,22,22,53,27,86
USW00023190,2022-03-08,34.4241,-119.84249,2.5,"SANTA BARBARA MUNICIPAL AIRPORT, CA US",0,217,28,17,57,16,80
USW00023190,2022-03-09,34.4241,-119.84249,2.5,"SANTA BARBARA MUNICIPAL AIRPORT, CA US",0,167,50,21,77,64,93
USW00023190,2022-03-10,34.4241,-119.84249,2.5,"SANTA BARBARA MUNICIPAL AIRPORT, CA US",0,178,50,21,74,54,90
USW00023190,2022-03-11,34.4241,-119.84249,2.5,"SANTA BARBARA MUNICIPAL AIRPORT, CA US",0,222,33,22,49,18,79
USW00023190,2022-03-12,34.4241,-119.84249,2.5,"SANTA BARBARA MUNICIPAL AIRPORT, CA US",0,217,33,15,62,23,86
USW00023190,2022-03-13,34.4241,-119.84249,2.5,"SANTA BARBARA MUNICIPAL AIRPORT, CA US",0,250,67,31,61,34,93
USW00023190,2022-03-14,34.4241,-119.84249,2.5,"SANTA BARBARA MUNICIPAL AIRPORT, CA US",0,211,72,22,72,45,93
USW00023190,2022-03-15,34.4241,-119.84249,2.5,"SANTA BARBARA MUNICIPAL AIRPORT, CA US",0,267,67,26,62,41,86
USW00023190,2022-03-16,34.4241,-119.84249,2.5,"SANTA BARBARA MUNICIPAL AIRPORT, CA US",0,289,106,46,47,21,77
USW00023190,2022-03-17,34.4241,-119.84249,2.5,"SANTA BARBARA MUNICIPAL AIRPORT, CA US",0,228,67,24,66,23,93
USW00023190,2022-03-18,34.4241,-119.84249,2.5,"SANTA BARBARA MUNICIPAL AIRPORT, CA US",0,244,78,20,69,26,97
USW00023190,2022-03-19,34.4241,-119.84249,2.5,"SANTA BARBARA MUNICIPAL AIRPORT, CA US",0,172,94,31,81,67,97
USW00023190,2022-03-20,34.4241,-119.84249,2.5,"SANTA BARBARA MUNICIPAL AIRPORT, CA US",0,256,94,46,49,21,80
USW00023190,2022-03-21,34.4241,-119.84249,2.5,"SANTA BARBARA MUNICIPAL AIRPORT, CA US",0,250,133,43,32,20,78
USW00023190,2022-03-22,34.4241,-119.84249,2.5,"SANTA BARBARA MUNICIPAL AIRPORT, CA US",0,289,83,19,53,19,87
USW00023190,2022-03-23,34.4241,-119.84249,2.5,"SANTA BARBARA MUNICIPAL AIRPORT, CA US",0,244,100,16,73,34,97
USW00023190,2022-03-24,34.4241,-119.84249,2.5,"SANTA BARBARA MUNICIPAL AIRPORT, CA US",0,222,89,15,79,47,97
USW00023190,2022-03-25,34.4241,-119.84249,2.5,"SANTA BARBARA MUNICIPAL AIRPORT, CA US",0,200,106,20,87,59,100
USW00023190,2022-03-26,34.4241,-119.84249,2.5,"SANTA BARBARA MUNICIPAL AIRPORT, CA US",0,156,106,23,89,72,100
USW00023190,2022-03-27,34.4241,-119.84249,2.5,"SANTA BARBARA MUNICIPAL AIRPORT, CA US",13,161,117,47,79,67,93
USW00023190,2022-03-28,34.4241,-119.84249,2.5,"SANTA BARBARA MUNICIPAL AIRPORT, CA US",323,150,100,41,88,74,96
USW00023190,2022-03-29,34.4241,-119.84249,2.5,"SANTA BARBARA MUNICIPAL AIRPORT, CA US",0,211,83,38,71,53,96
USW00023190,2022-03-30,34.4241,-119.84249,2.5,"SANTA BARBARA MUNICIPAL AIRPORT, CA US",0,183,67,23,81,68,96
USW00023190,2022-03-31,34.4241,-119.84249,2.5,"SANTA BARBARA MUNICIPAL AIRPORT, CA US",0,178,72,15,79,63,96
USW00023190,2022-04-01,34.4241,-119.84249,2.5,"SANTA BARBARA MUNICIPAL AIRPORT, CA US",0,183,67,21,83,63,96
USW00023190,2022-04-02,34.4241,-119.84249,2.5,"SANTA BARBARA MUNICIPAL AIRPORT, CA US",0,167,100,24,85,75,96
USW00023190,2022-04-03,34.4241,-119.84249,2.5,"SANTA BARBARA MUNICIPAL AIRPORT, CA US",0,183,78,22,84,72,93
USW00023190,2022-04-04,34.4241,-119.84249,2.5,"SANTA BARBARA MUNICIPAL AIRPORT, CA US",0,233,78,26,73,29,97
USW00023190,2022-04-05,34.4241,-119.84249,2.5,"SANTA BARBARA MUNICIPAL AIRPORT, CA US",0,322,144,51,32,18,62
USW00023190,2022-04-06,34.4241,-119.84249,2.5,"SANTA BARBARA MUNICIPAL AIRPORT, CA US",0,250,117,21,74,45,96
USW00023190,2022-04-07,34.4241,-119.84249,2.5,"SANTA BARBARA MUNICIPAL AIRPORT, CA US",0,333,117,22,45,13,87
USW00023190,2022-04-08,34.4241,-119.84249,2.5,"SANTA BARBARA MUNICIPAL AIRPORT, CA US",0,322,111,20,58,19,93
USW00023190,2022-04-09,34.4241,-119.84249,2.5,"SANTA BARBARA MUNICIPAL AIRPORT, CA US",0,222,117,22,72,32,93
USW00023190,2022-04-10,34.4241,-119.84249,2.5,"SANTA BARBARA MUNICIPAL AIRPORT, CA US",0,189,94,26,73,55,90
USW00023190,2022-04-11,34.4241,-119.84249,2.5,"SANTA BARBARA MUNICIPAL AIRPORT, CA US",0,228,78,52,55,37,83
USW00023190,2022-04-12,34.4241,-119.84249,2.5,"SANTA BARBARA MUNICIPAL AIRPORT, CA US",0,222,56,47,32,10,60
USW00023190,2022-04-13,34.4241,-119.84249,2.5,"SANTA BARBARA MUNICIPAL AIRPORT, CA US",0,217,56,31,38,25,53
USW00023190,2022-04-14,34.4241,-119.84249,2.5,"SANTA BARBARA MUNICIPAL AIRPORT, CA US",0,222,56,26,56,37,73
USW00023190,2022-04-15,34.4241,-119.84249,2.5,"SANTA BARBARA MUNICIPAL AIRPORT, CA US",0,206,94,30,70,45,87
USW00023190,2022-04-16,34.4241,-119.84249,2.5,"SANTA BARBARA MUNICIPAL AIRPORT, CA US",0,178,106,43,78,67,93
USW00023190,2022-04-17,34.4241,-119.84249,2.5,"SANTA BARBARA MUNICIPAL AIRPORT, CA US",0,183,94,26,78,60,93
USW00023190,2022-04-18,34.4241,-119.84249,2.5,"SANTA BARBARA MUNICIPAL AIRPORT, CA US",0,194,89,22,70,49,93
USW00023190,2022-04-19,34.4241,-119.84249,2.5,"SANTA BARBARA MUNICIPAL AIRPORT, CA US",0,272,133,51,51,31,75
USW00023190,2022-04-20,34.4241,-119.84249,2.5,"SANTA BARBARA MUNICIPAL AIRPORT, CA US",0,183,89,36,65,46,83
USW00023190,2022-04-21,34.4241,-119.84249,2.5,"SANTA BARBARA MUNICIPAL AIRPORT, CA US",64,189,67,23,80,65,96
USW00023190,2022-04-22,34.4241,-119.84249,2.5,"SANTA BARBARA MUNICIPAL AIRPORT, CA US",0,194,100,56,63,45,93
USW00023190,2022-04-23,34.4241,-119.84249,2.5,"SANTA BARBARA MUNICIPAL AIRPORT, CA US",0,222,100,35,50,27,83
USW00023190,2022-04-24,34.4241,-119.84249,2.5,"SANTA BARBARA MUNICIPAL AIRPORT, CA US",0,272,83,23,49,16,80
USW00023190,2022-04-25,34.4241,-119.84249,2.5,"SANTA BARBARA MUNICIPAL AIRPORT, CA US",0,283,89,22,65,18,97
USW00023190,2022-04-26,34.4241,-119.84249,2.5,"SANTA BARBARA MUNICIPAL AIRPORT, CA US",0,189,100,26,69,56,93
USW00023190,2022-04-27,34.4241,-119.84249,2.5,"SANTA BARBARA MUNICIPAL AIRPORT, CA US",0,194,89,29,71,51,87
USW00023190,2022-04-28,34.4241,-119.84249,2.5,"SANTA BARBARA MUNICIPAL AIRPORT, CA US",0,200,61,26,60,45,82
USW00023190,2022-04-29,34.4241,-119.84249,2.5,"SANTA BARBARA MUNICIPAL AIRPORT, CA US",0,194,72,20,71,52,87
USW00023190,2022-04-30,34.4241,-119.84249,2.5,"SANTA BARBARA MUNICIPAL AIRPORT, CA US",0,222,78,21,63,42,90
USW00023190,2022-05-01,34.4241,-119.84249,2.5,"SANTA BARBARA MUNICIPAL AIRPORT, CA US",0,200,94,26,75,55,87
USW00023190,2022-05-02,34.4241,-119.84249,2.5,"SANTA BARBARA MUNICIPAL AIRPORT, CA US",0,189,94,25,79,63,93
USW00023190,2022-05-03,34.4241,-119.84249,2.5,"SANTA BARBARA MUNICIPAL AIRPORT, CA US",0,200,106,26,75,60,87
USW00023190,2022-05-04,34.4241,-119.84249,2.5,"SANTA BARBARA MUNICIPAL AIRPORT, CA US",0,211,89,22,76,47,93
USW00023190,2022-05-05,34.4241,-119.84249,2.5,"SANTA BARBARA MUNICIPAL AIRPORT, CA US",0,172,100,26,86,72,97
USW00023190,2022-05-06,34.4241,-119.84249,2.5,"SANTA BARBARA MUNICIPAL AIRPORT, CA US",0,194,94,22,78,61,93
USW00023190,2022-05-07,34.4241,-119.84249,2.5,"SANTA BARBARA MUNICIPAL AIRPORT, CA US",0,250,106,20,67,33,93
USW00023190,2022-05-08,34.4241,-119.84249,2.5,"SANTA BARBARA MUNICIPAL AIRPORT, CA US",0,250,94,55,48,22,77
USW00023190,2022-05-09,34.4241,-119.84249,2.5,"SANTA BARBARA MUNICIPAL AIRPORT, CA US",0,211,83,56,36,18,48
USW00023190,2022-05-10,34.4241,-119.84249,2.5,"SANTA BARBARA MUNICIPAL AIRPORT, CA US",0,222,61,40,41,24,63
USW00023190,2022-05-11,34.4241,-119.84249,2.5,"SANTA BARBARA MUNICIPAL AIRPORT, CA US",0,222,100,52,38,27,53
USW00023190,2022-05-12,34.4241,-119.84249,2.5,"SANTA BARBARA MUNICIPAL AIRPORT, CA US",0,239,94,32,45,25,80
USW00023190,2022-05-13,34.4241,-119.84249,2.5,"SANTA BARBARA MUNICIPAL AIRPORT, CA US",0,278,83,19,57,17,89
USW00023190,2022-05-14,34.4241,-119.84249,2.5,"SANTA BARBARA MUNICIPAL AIRPORT, CA US",0,278,100,18,67,26,90
USW00023190,2022-05-15,34.4241,-119.84249,2.5,"SANTA BARBARA MUNICIPAL AIRPORT, CA US",0,244,128,27,74,48,90
USW00023190,2022-05-16,34.4241,-119.84249,2.5,"SANTA BARBARA MUNICIPAL AIRPORT, CA US",0,206,111,31,74,62,90
USW00023190,2022-05-17,34.4241,-119.84249,2.5,"SANTA BARBARA MUNICIPAL AIRPORT, CA US",0,178,89,29,81,70,90
USW00023190,2022-05-18,34.4241,-119.84249,2.5,"SANTA BARBARA MUNICIPAL AIRPORT, CA US",0,200,106,25,78,61,90
USW00023190,2022-05-19,34.4241,-119.84249,2.5,"SANTA BARBARA MUNICIPAL AIRPORT, CA US",0,183,128,21,85,73,93
USW00023190,2022-05-20,34.4241,-119.84249,2.5,"SANTA BARBARA MUNICIPAL AIRPORT, CA US",5,183,128,21,83,68,97
USW00023190,2022-05-21,34.4241,-119.84249,2.5,"SANTA BARBARA MUNICIPAL AIRPORT, CA US",0,217,94,27,76,49,93
USW00023190,2022-05-22,34.4241,-119.84249,2.5,"SANTA BARBARA MUNICIPAL AIRPORT, CA US",0,183,117,28,80,60,93
USW00023190,2022-05-23,34.4241,-119.84249,2.5,"SANTA BARBARA MUNICIPAL AIRPORT, CA US",0,183,117,22,79,27,90
USW00023190,2022-05-24,34.4241,-119.84249,2.5,"SANTA BARBARA MUNICIPAL AIRPORT, CA US",0,189,133,26,84,25,97
USW00023190,2022-05-25,34.4241,-119.84249,2.5,"SANTA BARBARA MUNICIPAL AIRPORT, CA US",0,200,133,25,87,73,97
USW00023190,2022-05-26,34.4241,-119.84249,2.5,"SANTA BARBARA MUNICIPAL AIRPORT, CA US",0,172,150,21,85,75,96
USW00023190,2022-05-27,34.4241,-119.84249,2.5,"SANTA BARBARA MUNICIPAL AIRPORT, CA US",3,200,117,24,76,59,93
USW00023190,2022-05-28,34.4241,-119.84249,2.5,"SANTA BARBARA MUNICIPAL AIRPORT, CA US",0,206,100,29,72,52,89
USW00023190,2022-05-29,34.4241,-119.84249,2.5,"SANTA BARBARA MUNICIPAL AIRPORT, CA US",0,272,128,46,49,33,72
USW00023190,2022-05-30,34.4241,-119.84249,2.5,"SANTA BARBARA MUNICIPAL AIRPORT, CA US",0,278,144,41,49,24,78
USW00023190,2022-06-01,34.4241,-119.84249,2.5,"SANTA BARBARA MUNICIPAL AIRPORT, CA US",0,228,111,26,72,55,86
USW00023190,2022-06-02,34.4241,-119.84249,2.5,"SANTA BARBARA MUNICIPAL AIRPORT, CA US",0,211,139,32,78,65,87
USW00023190,2022-06-03,34.4241,-119.84249,2.5,"SANTA BARBARA MUNICIPAL AIRPORT, CA US",0,200,133,23,81,65,90
USW00023190,2022-06-04,34.4241,-119.84249,2.5,"SANTA BARBARA MUNICIPAL AIRPORT, CA US",0,200,122,28,81,65,93
USW00023190,2022-06-05,34.4241,-119.84249,2.5,"SANTA BARBARA MUNICIPAL AIRPORT, CA US",0,306,117,30,67,40,90
USW00023190,2022-06-06,34.4241,-119.84249,2.5,"SANTA BARBARA MUNICIPAL AIRPORT, CA US",0,222,156,31,79,64,90
USW00023190,2022-06-07,34.4241,-119.84249,2.5,"SANTA BARBARA MUNICIPAL AIRPORT, CA US",0,206,117,25,81,63,93
USW00023190,2022-06-08,34.4241,-119.84249,2.5,"SANTA BARBARA MUNICIPAL AIRPORT, CA US",0,206,133,26,80,66,90
USW00023190,2022-06-09,34.4241,-119.84249,2.5,"SANTA BARBARA MUNICIPAL AIRPORT, CA US",0,217,161,29,79,66,90
USW00023190,2022-06-10,34.4241,-119.84249,2.5,"SANTA BARBARA MUNICIPAL AIRPORT, CA US",0,211,150,24,87,71,97
USW00023190,2022-06-11,34.4241,-119.84249,2.5,"SANTA BARBARA MUNICIPAL AIRPORT, CA US",0,211,144,25,89,76,100
USW00023190,2022-06-12,34.4241,-119.84249,2.5,"SANTA BARBARA MUNICIPAL AIRPORT, CA US",0,194,144,24,88,73,100
USW00023190,2022-06-13,34.4241,-119.84249,2.5,"SANTA BARBARA MUNICIPAL AIRPORT, CA US",0,261,150,33,61,19,93
USW00023190,2022-06-14,34.4241,-119.84249,2.5,"SANTA BARBARA MUNICIPAL AIRPORT, CA US",0,244,150,30,72,55,81
USW00023190,2022-06-15,34.4241,-119.84249,2.5,"SANTA BARBARA MUNICIPAL AIRPORT, CA US",0,239,122,29,76,64,87
USW00023190,2022-06-16,34.4241,-119.84249,2.5,"SANTA BARBARA MUNICIPAL AIRPORT, CA US",0,222,167,27,81,68,90
USW00023190,2022-06-17,34.4241,-119.84249,2.5,"SANTA BARBARA MUNICIPAL AIRPORT, CA US",0,261,122,35,52,26,78
USW00023190,2022-06-18,34.4241,-119.84249,2.5,"SANTA BARBARA MUNICIPAL AIRPORT, CA US",0,256,89,26,54,34,77
USW00023190,2022-06-19,34.4241,-119.84249,2.5,"SANTA BARBARA MUNICIPAL AIRPORT, CA US",0,311,111,36,49,20,86
USW00023190,2022-06-20,34.4241,-119.84249,2.5,"SANTA BARBARA MUNICIPAL AIRPORT, CA US",0,278,144,27,70,43,87
USW00023190,2022-06-21,34.4241,-119.84249,2.5,"SANTA BARBARA MUNICIPAL AIRPORT, CA US",0,256,133,40,76,50,93
USW00023190,2022-06-22,34.4241,-119.84249,2.5,"SANTA BARBARA MUNICIPAL AIRPORT, CA US",0,217,128,31,81,68,93
USW00023190,2022-06-23,34.4241,-119.84249,2.5,"SANTA BARBARA MUNICIPAL AIRPORT, CA US",0,228,150,26,82,64,93
USW00023190,2022-06-24,34.4241,-119.84249,2.5,"SANTA BARBARA MUNICIPAL AIRPORT, CA US",0,206,144,37,84,70,96
USW00023190,2022-06-25,34.4241,-119.84249,2.5,"SANTA BARBARA MUNICIPAL AIRPORT, CA US",0,211,144,31,82,68,93
USW00023190,2022-06-26,34.4241,-119.84249,2.5,"SANTA BARBARA MUNICIPAL AIRPORT, CA US",0,228,150,30,80,55,93
USW00023190,2022-06-27,34.4241,-119.84249,2.5,"SANTA BARBARA MUNICIPAL AIRPORT, CA US",0,233,139,19,78,57,96
USW00023190,2022-06-28,34.4241,-119.84249,2.5,"SANTA BARBARA MUNICIPAL AIRPORT, CA US",0,228,150,22,81,64,96
USW00023190,2022-06-29,34.4241,-119.84249,2.5,"SANTA BARBARA MUNICIPAL AIRPORT, CA US",0,228,150,24,81,68,93
USW00023190,2022-06-30,34.4241,-119.84249,2.5,"SANTA BARBARA MUNICIPAL AIRPORT, CA US",0,233,161,30,76,59,93
USW00023190,2022-07-01,34.4241,-119.84249,2.5,"SANTA BARBARA MUNICIPAL AIRPORT, CA US",0,228,144,27,75,55,90
USW00023190,2022-07-02,34.4241,-119.84249,2.5,"SANTA BARBARA MUNICIPAL AIRPORT, CA US",0,244,128,26,70,52,90
USW00023190,2022-07-03,34.4241,-119.84249,2.5,"SANTA BARBARA MUNICIPAL AIRPORT, CA US",0,256,111,31,64,45,83
USW00023190,2022-07-04,34.4241,-119.84249,2.5,"SANTA BARBARA MUNICIPAL AIRPORT, CA US",0,222,122,21,72,59,81
USW00023190,2022-07-05,34.4241,-119.84249,2.5,"SANTA BARBARA MUNICIPAL AIRPORT, CA US",0,233,139,28,77,62,90
USW00023190,2022-07-06,34.4241,-119.84249,2.5,"SANTA BARBARA MUNICIPAL AIRPORT, CA US",0,239,144,24,79,57,93
USW00023190,2022-07-07,34.4241,-119.84249,2.5,"SANTA BARBARA MUNICIPAL AIRPORT, CA US",0,244,156,30,74,57,90
USW00023190,2022-07-08,34.4241,-119.84249,2.5,"SANTA BARBARA MUNICIPAL AIRPORT, CA US",0,217,150,31,85,71,96
USW00023190,2022-07-09,34.4241,-119.84249,2.5,"SANTA BARBARA MUNICIPAL AIRPORT, CA US",0,211,150,25,82,66,96
USW00023190,2022-07-10,34.4241,-119.84249,2.5,"SANTA BARBARA MUNICIPAL AIRPORT, CA US",0,244,139,20,75,55,90
USW00023190,2022-07-11,34.4241,-119.84249,2.5,"SANTA BARBARA MUNICIPAL AIRPORT, CA US",0,200,144,32,84,73,97
USW00023190,2022-07-12,34.4241,-119.84249,2.5,"SANTA BARBARA MUNICIPAL AIRPORT, CA US",0,206,139,31,84,68,97
USW00023190,2022-07-13,34.4241,-119.84249,2.5,"SANTA BARBARA MUNICIPAL AIRPORT, CA US",0,206,144,30,84,68,97
USW00023190,2022-07-14,34.4241,-119.84249,2.5,"SANTA BARBARA MUNICIPAL AIRPORT, CA US",0,206,144,25,83,71,93
USW00023190,2022-07-15,34.4241,-119.84249,2.5,"SANTA BARBARA MUNICIPAL AIRPORT, CA US",0,239,144,22,79,57,93
USW00023190,2022-07-16,34.4241,-119.84249,2.5,"SANTA BARBARA MUNICIPAL AIRPORT, CA US",0,233,133,20,77,56,93
USW00023190,2022-07-17,34.4241,-119.84249,2.5,"SANTA BARBARA MUNICIPAL AIRPORT, CA US",0,233,139,17,80,59,100
USW00023190,2022-07-18,34.4241,-119.84249,2.5,"SANTA BARBARA MUNICIPAL AIRPORT, CA US",0,239,156,17,79,66,90
USW00023190,2022-07-19,34.4241,-119.84249,2.5,"SANTA BARBARA MUNICIPAL AIRPORT, CA US",0,233,150,21,82,64,96
USW00023190,2022-07-20,34.4241,-119.84249,2.5,"SANTA BARBARA MUNICIPAL AIRPORT, CA US",0,228,150,28,83,68,100
USW00023190,2022-07-21,34.4241,-119.84249,2.5,"SANTA BARBARA MUNICIPAL AIRPORT, CA US",0,233,156,26,78,54,93
USW00023190,2022-07-22,34.4241,-119.84249,2.5,"SANTA BARBARA MUNICIPAL AIRPORT, CA US",0,228,128,22,78,59,90
USW00023190,2022-07-23,34.4241,-119.84249,2.5,"SANTA BARBARA MUNICIPAL AIRPORT, CA US",0,228,139,23,78,63,90
USW00023190,2022-07-24,34.4241,-119.84249,2.5,"SANTA BARBARA MUNICIPAL AIRPORT, CA US",0,217,150,31,79,63,90
USW00023190,2022-07-25,34.4241,-119.84249,2.5,"SANTA BARBARA MUNICIPAL AIRPORT, CA US",0,200,150,27,83,71,90
USW00023190,2022-07-26,34.4241,-119.84249,2.5,"SANTA BARBARA MUNICIPAL AIRPORT, CA US",0,200,150,31,83,70,90
USW00023190,2022-07-27,34.4241,-119.84249,2.5,"SANTA BARBARA MUNICIPAL AIRPORT, CA US",0,211,156,30,81,64,93
USW00023190,2022-07-28,34.4241,-119.84249,2.5,"SANTA BARBARA MUNICIPAL AIRPORT, CA US",0,228,139,21,78,61,93
USW00023190,2022-07-29,34.4241,-119.84249,2.5,"SANTA BARBARA MUNICIPAL AIRPORT, CA US",0,244,144,26,78,57,93
USW00023190,2022-07-30,34.4241,-119.84249,2.5,"SANTA BARBARA MUNICIPAL AIRPORT, CA US",0,244,161,20,81,60,97
USW00023190,2022-07-31,34.4241,-119.84249,2.5,"SANTA BARBARA MUNICIPAL AIRPORT, CA US",0,250,178,27,81,67,90
USW00023190,2022-08-01,34.4241,-119.84249,2.5,"SANTA BARBARA MUNICIPAL AIRPORT, CA US",0,250,167,28,82,62,93
USW00023190,2022-08-02,34.4241,-119.84249,2.5,"SANTA BARBARA MUNICIPAL AIRPORT, CA US",0,233,172,34,81,64,90
USW00023190,2022-08-03,34.4241,-119.84249,2.5,"SANTA BARBARA MUNICIPAL AIRPORT, CA US",0,233,167,29,80,66,93
USW00023190,2022-08-04,34.4241,-119.84249,2.5,"SANTA BARBARA MUNICIPAL AIRPORT, CA US",0,239,172,27,79,62,90
USW00023190,2022-08-05,34.4241,-119.84249,2.5,"SANTA BARBARA MUNICIPAL AIRPORT, CA US",0,250,161,23,76,52,90
USW00023190,2022-08-06,34.4241,-119.84249,2.5,"SANTA BARBARA MUNICIPAL AIRPORT, CA US",0,272,139,20,74,51,93
USW00023190,2022-08-07,34.4241,-119.84249,2.5,"SANTA BARBARA MUNICIPAL AIRPORT, CA US",0,267,156,24,73,56,86
USW00023190,2022-08-08,34.4241,-119.84249,2.5,"SANTA BARBARA MUNICIPAL AIRPORT, CA US",0,256,167,23,75,52,87
USW00023190,2022-08-09,34.4241,-119.84249,2.5,"SANTA BARBARA MUNICIPAL AIRPORT, CA US",0,278,161,22,73,49,93
USW00023190,2022-08-10,34.4241,-119.84249,2.5,"SANTA BARBARA MUNICIPAL AIRPORT, CA US",0,283,156,24,72,41,93
USW00023190,2022-08-11,34.4241,-119.84249,2.5,"SANTA BARBARA MUNICIPAL AIRPORT, CA US",0,267,144,23,74,49,93
USW00023190,2022-08-12,34.4241,-119.84249,2.5,"SANTA BARBARA MUNICIPAL AIRPORT, CA US",0,272,144,21,72,47,90
USW00023190,2022-08-13,34.4241,-119.84249,2.5,"SANTA BARBARA MUNICIPAL AIRPORT, CA US",0,267,150,22,70,48,87
USW00023190,2022-08-14,34.4241,-119.84249,2.5,"SANTA BARBARA MUNICIPAL AIRPORT, CA US",0,244,144,22,74,52,90
USW00023190,2022-08-15,34.4241,-119.84249,2.5,"SANTA BARBARA MUNICIPAL AIRPORT, CA US",0,244,139,24,77,54,93
USW00023190,2022-08-16,34.4241,-119.84249,2.5,"SANTA BARBARA MUNICIPAL AIRPORT, CA US",0,233,139,25,83,57,97
USW00023190,2022-08-17,34.4241,-119.84249,2.5,"SANTA BARBARA MUNICIPAL AIRPORT, CA US",0,228,139,24,83,61,100
USW00023190,2022-08-18,34.4241,-119.84249,2.5,"SANTA BARBARA MUNICIPAL AIRPORT, CA US",0,211,133,26,84,64,100
USW00023190,2022-08-19,34.4241,-119.84249,2.5,"SANTA BARBARA MUNICIPAL AIRPORT, CA US",0,211,139,26,83,63,100
USW00023190,2022-08-20,34.4241,-119.84249,2.5,"SANTA BARBARA MUNICIPAL AIRPORT, CA US",0,244,133,27,81,64,96
USW00023190,2022-08-21,34.4241,-119.84249,2.5,"SANTA BARBARA MUNICIPAL AIRPORT, CA US",0,244,150,26,82,66,93
USW00023190,2022-08-22,34.4241,-119.84249,2.5,"SANTA BARBARA MUNICIPAL AIRPORT, CA US",0,211,139,22,86,70,100
USW00023190,2022-08-23,34.4241,-119.84249,2.5,"SANTA BARBARA MUNICIPAL AIRPORT, CA US",0,228,128,24,83,61,93
USW00023190,2022-08-24,34.4241,-119.84249,2.5,"SANTA BARBARA MUNICIPAL AIRPORT, CA US",0,228,150,20,83,63,96
USW00023190,2022-08-25,34.4241,-119.84249,2.5,"SANTA BARBARA MUNICIPAL AIRPORT, CA US",0,233,150,24,83,71,100
USW00023190,2022-08-26,34.4241,-119.84249,2.5,"SANTA BARBARA MUNICIPAL AIRPORT, CA US",0,222,144,26,86,68,100
USW00023190,2022-08-27,34.4241,-119.84249,2.5,"SANTA BARBARA MUNICIPAL AIRPORT, CA US",0,222,156,29,85,70,96
USW00023190,2022-08-28,34.4241,-119.84249,2.5,"SANTA BARBARA MUNICIPAL AIRPORT, CA US",0,222,144,29,82,61,100
USW00023190,2022-08-29,34.4241,-119.84249,2.5,"SANTA BARBARA MUNICIPAL AIRPORT, CA US",0,228,128,24,78,59,93
USW00023190,2022-08-30,34.4241,-119.84249,2.5,"SANTA BARBARA MUNICIPAL AIRPORT, CA US",0,267,111,21,74,45,93
USW00023190,2022-08-31,34.4241,-119.84249,2.5,"SANTA BARBARA MUNICIPAL AIRPORT, CA US",0,283,139,16,74,44,93
USW00023190,2022-09-01,34.4241,-119.84249,2.5,"SANTA BARBARA MUNICIPAL AIRPORT, CA US",0,256,156,22,79,62,90
USW00023190,2022-09-02,34.4241,-119.84249,2.5,"SANTA BARBARA MUNICIPAL AIRPORT, CA US",0,289,161,22,74,54,93
USW00023190,2022-09-03,34.4241,-119.84249,2.5,"SANTA BARBARA MUNICIPAL AIRPORT, CA US",0,317,161,22,67,37,90
USW00023190,2022-09-04,34.4241,-119.84249,2.5,"SANTA BARBARA MUNICIPAL AIRPORT, CA US",0,372,167,26,55,27,87
USW00023190,2022-09-05,34.4241,-119.84249,2.5,"SANTA BARBARA MUNICIPAL AIRPORT, CA US",0,306,200,26,66,53,84
USW00023190,2022-09-06,34.4241,-119.84249,2.5,"SANTA BARBARA MUNICIPAL AIRPORT, CA US",0,300,189,26,77,57,96
USW00023190,2022-09-07,34.4241,-119.84249,2.5,"SANTA BARBARA MUNICIPAL AIRPORT, CA US",0,289,178,22,78,49,93
USW00023190,2022-09-08,34.4241,-119.84249,2.5,"SANTA BARBARA MUNICIPAL AIRPORT, CA US",0,306,172,25,73,48,97
USW00023190,2022-09-09,34.4241,-119.84249,2.5,"SANTA BARBARA MUNICIPAL AIRPORT, CA US",3,350,200,23,60,36,91
USW00023190,2022-09-10,34.4241,-119.84249,2.5,"SANTA BARBARA MUNICIPAL AIRPORT, CA US",20,267,206,25,79,62,96
USW00023190,2022-09-11,34.4241,-119.84249,2.5,"SANTA BARBARA MUNICIPAL AIRPORT, CA US",0,300,206,24,79,59,93
USW00023190,2022-09-12,34.4241,-119.84249,2.5,"SANTA BARBARA MUNICIPAL AIRPORT, CA US",0,267,189,22,78,62,90
USW00023190,2022-09-13,34.4241,-119.84249,2.5,"SANTA BARBARA MUNICIPAL AIRPORT, CA US",0,261,150,25,72,39,90
USW00023190,2022-09-14,34.4241,-119.84249,2.5,"SANTA BARBARA MUNICIPAL AIRPORT, CA US",0,261,133,19,66,48,87
USW00023190,2022-09-15,34.4241,-119.84249,2.5,"SANTA BARBARA MUNICIPAL AIRPORT, CA US",0,256,128,21,67,51,84
USW00023190,2022-09-16,34.4241,-119.84249,2.5,"SANTA BARBARA MUNICIPAL AIRPORT, CA US",0,256,133,17,72,50,87
USW00023190,2022-09-17,34.4241,-119.84249,2.5,"SANTA BARBARA MUNICIPAL AIRPORT, CA US",0,244,139,24,71,55,90
USW00023190,2022-09-18,34.4241,-119.84249,2.5,"SANTA BARBARA MUNICIPAL AIRPORT, CA US",0,228,150,16,70,55,84
USW00023190,2022-09-19,34.4241,-119.84249,2.5,"SANTA BARBARA MUNICIPAL AIRPORT, CA US",5,228,156,24,80,70,90
USW00023190,2022-09-20,34.4241,-119.84249,2.5,"SANTA BARBARA MUNICIPAL AIRPORT, CA US",0,239,133,22,78,60,93
USW00023190,2022-09-21,34.4241,-119.84249,2.5,"SANTA BARBARA MUNICIPAL AIRPORT, CA US",0,233,106,27,72,57,90
USW00023190,2022-09-22,34.4241,-119.84249,2.5,"SANTA BARBARA MUNICIPAL AIRPORT, CA US",0,278,117,20,68,39,90
USW00023190,2022-09-23,34.4241,-119.84249,2.5,"SANTA BARBARA MUNICIPAL AIRPORT, CA US",0,267,122,17,67,47,87
USW00023190,2022-09-24,34.4241,-119.84249,2.5,"SANTA BARBARA MUNICIPAL AIRPORT, CA US",0,239,117,18,79,55,90
USW00023190,2022-09-25,34.4241,-119.84249,2.5,"SANTA BARBARA MUNICIPAL AIRPORT, CA US",0,250,150,22,77,56,93
USW00023190,2022-09-26,34.4241,-119.84249,2.5,"SANTA BARBARA MUNICIPAL AIRPORT, CA US",0,256,144,21,76,54,93
USW00023190,2022-09-27,34.4241,-119.84249,2.5,"SANTA BARBARA MUNICIPAL AIRPORT, CA US",0,261,150,20,76,52,90
USW00023190,2022-09-28,34.4241,-119.84249,2.5,"SANTA BARBARA MUNICIPAL AIRPORT, CA US",0,272,150,21,75,49,93
USW00023190,2022-09-29,34.4241,-119.84249,2.5,"SANTA BARBARA MUNICIPAL AIRPORT, CA US",0,244,144,20,82,60,100
USW00023190,2022-09-30,34.4241,-119.84249,2.5,"SANTA BARBARA MUNICIPAL AIRPORT, CA US",0,217,161,28,83,68,93
USW00023190,2022-10-01,34.4241,-119.84249,2.5,"SANTA BARBARA MUNICIPAL AIRPORT, CA US",0,228,133,19,79,62,90
USW00023190,2022-10-02,34.4241,-119.84249,2.5,"SANTA BARBARA MUNICIPAL AIRPORT, CA US",0,228,122,22,74,54,93
USW00023190,2022-10-03,34.4241,-119.84249,2.5,"SANTA BARBARA MUNICIPAL AIRPORT, CA US",0,244,122,17,71,37,90
USW00023190,2022-10-04,34.4241,-119.84249,2.5,"SANTA BARBARA MUNICIPAL AIRPORT, CA US",0,239,133,21,55,27,87
USW00023190,2022-10-05,34.4241,-119.84249,2.5,"SANTA BARBARA MUNICIPAL AIRPORT, CA US",0,222,156,26,66,53,84
USW00023190,2022-10-06,34.4241,-119.84249,2.5,"SANTA BARBARA MUNICIPAL AIRPORT, CA US",0,211,150,24,87,62,97
USW00023190,2022-10-07,34.4241,-119.84249,2.5,"SANTA BARBARA MUNICIPAL AIRPORT, CA US",0,200,161,22,86,65,97
USW00023190,2022-10-08,34.4241,-119.84249,2.5,"SANTA BARBARA MUNICIPAL AIRPORT, CA US",0,217,156,26,88,76,97
USW00023190,2022-10-09,34.4241,-119.84249,2.5,"SANTA BARBARA MUNICIPAL AIRPORT, CA US",0,211,161,26,84,73,97
USW00023190,2022-10-10,34.4241,-119.84249,2.5,"SANTA BARBARA MUNICIPAL AIRPORT, CA US",0,200,167,29,85,76,90
USW00023190,2022-10-11,34.4241,-119.84249,2.5,"SANTA BARBARA MUNICIPAL AIRPORT, CA US",0,217,167,23,83,71,90
USW00023190,2022-10-12,34.4241,-119.84249,2.5,"SANTA BARBARA MUNICIPAL AIRPORT, CA US",8,222,172,29,85,68,93
USW00023190,2022-10-13,34.4241,-119.84249,2.5,"SANTA BARBARA MUNICIPAL AIRPORT, CA US",0,200,150,19,87,79,93
USW00023190,2022-10-14,34.4241,-119.84249,2.5,"SANTA BARBARA MUNICIPAL AIRPORT, CA US",0,189,167,17,90,84,96
USW00023190,2022-10-15,34.4241,-119.84249,2.5,"SANTA BARBARA MUNICIPAL AIRPORT, CA US",0,217,172,16,84,73,93
USW00023190,2022-10-16,34.4241,-119.84249,2.5,"SANTA BARBARA MUNICIPAL AIRPORT, CA US",0,217,122,23,79,65,90
USW00023190,2022-10-17,34.4241,-119.84249,2.5,"SANTA BARBARA MUNICIPAL AIRPORT, CA US",0,228,100,17,80,59,97
USW00023190,2022-10-18,34.4241,-119.84249,2.5,"SANTA BARBARA MUNICIPAL AIRPORT, CA US",0,244,122,20,78,52,97
USW00023190,2022-10-19,34.4241,-119.84249,2.5,"SANTA BARBARA MUNICIPAL AIRPORT, CA US",0,328,122,13,55,20,87
USW00023190,2022-10-20,34.4241,-119.84249,2.5,"SANTA BARBARA MUNICIPAL AIRPORT, CA US",0,289,150,21,59,27,97
USW00023190,2022-10-21,34.4241,-119.84249,2.5,"SANTA BARBARA MUNICIPAL AIRPORT, CA US",0,211,150,26,86,76,97
USW00023190,2022-10-22,34.4241,-119.84249,2.5,"SANTA BARBARA MUNICIPAL AIRPORT, CA US",0,211,117,31,78,63,94
USW00023190,2022-10-23,34.4241,-119.84249,2.5,"SANTA BARBARA MUNICIPAL AIRPORT, CA US",0,228,83,19,56,22,83
USW00023190,2022-10-24,34.4241,-119.84249,2.5,"SANTA BARBARA MUNICIPAL AIRPORT, CA US",0,217,67,19,54,30,76
USW00023190,2022-10-25,34.4241,-119.84249,2.5,"SANTA BARBARA MUNICIPAL AIRPORT, CA US",0,217,72,17,64,45,78
USW00023190,2022-10-26,34.4241,-119.84249,2.5,"SANTA BARBARA MUNICIPAL AIRPORT, CA US",0,222,61,20,65,37,90
USW00023190,2022-10-27,34.4241,-119.84249,2.5,"SANTA BARBARA MUNICIPAL AIRPORT, CA US",0,211,89,16,77,59,90
USW00023190,2022-10-28,34.4241,-119.84249,2.5,"SANTA BARBARA MUNICIPAL AIRPORT, CA US",0,200,72,9,72,49,93
USW00023190,2022-10-29,34.4241,-119.84249,2.5,"SANTA BARBARA MUNICIPAL AIRPORT, CA US",0,233,61,13,75,44,90
USW00023190,2022-10-30,34.4241,-119.84249,2.5,"SANTA BARBARA MUNICIPAL AIRPORT, CA US",0,244,72,16,69,34,90
USW00023190,2022-10-31,34.4241,-119.84249,2.5,"SANTA BARBARA MUNICIPAL AIRPORT, CA US",0,211,72,8,80,59,93
USW00023190,2022-11-01,34.4241,-119.84249,2.5,"SANTA BARBARA MUNICIPAL AIRPORT, CA US",5,200,100,23,83,63,93
USW00023190,2022-11-02,34.4241,-119.84249,2.5,"SANTA BARBARA MUNICIPAL AIRPORT, CA US",0,217,111,48,50,23,80
USW00023190,2022-11-03,34.4241,-119.84249,2.5,"SANTA BARBARA MUNICIPAL AIRPORT, CA US",0,194,72,52,41,22,66
USW00023190,2022-11-04,34.4241,-119.84249,2.5,"SANTA BARBARA MUNICIPAL AIRPORT, CA US",0,194,33,18,57,26,77
USW00023190,2022-11-05,34.4241,-119.84249,2.5,"SANTA BARBARA MUNICIPAL AIRPORT, CA US",0,178,33,18,68,43,83
USW00023190,2022-11-06,34.4241,-119.84249,2.5,"SANTA BARBARA MUNICIPAL AIRPORT, CA US",0,189,72,15,80,66,90
USW00023190,2022-11-07,34.4241,-119.84249,2.5,"SANTA BARBARA MUNICIPAL AIRPORT, CA US",84,156,89,23,91,81,97
USW00023190,2022-11-08,34.4241,-119.84249,2.5,"SANTA BARBARA MUNICIPAL AIRPORT, CA US",155,161,89,31,89,80,93
USW00023190,2022-11-09,34.4241,-119.84249,2.5,"SANTA BARBARA MUNICIPAL AIRPORT, CA US",28,189,44,23,67,32,100
USW00023190,2022-11-10,34.4241,-119.84249,2.5,"SANTA BARBARA MUNICIPAL AIRPORT, CA US",0,178,22,13,62,32,89
USW00023190,2022-11-11,34.4241,-119.84249,2.5,"SANTA BARBARA MUNICIPAL AIRPORT, CA US",0,200,28,14,59,25,89
USW00023190,2022-11-12,34.4241,-119.84249,2.5,"SANTA BARBARA MUNICIPAL AIRPORT, CA US",0,183,33,16,72,47,86
USW00023190,2022-11-13,34.4241,-119.84249,2.5,"SANTA BARBARA MUNICIPAL AIRPORT, CA US",0,206,44,24,55,28,79
USW00023190,2022-11-14,34.4241,-119.84249,2.5,"SANTA BARBARA MUNICIPAL AIRPORT, CA US",0,183,22,9,70,47,85
USW00023190,2022-11-15,34.4241,-119.84249,2.5,"SANTA BARBARA MUNICIPAL AIRPORT, CA US",0,194,22,13,67,28,93
USW00023190,2022-11-16,34.4241,-119.84249,2.5,"SANTA BARBARA MUNICIPAL AIRPORT, CA US",0,222,17,13,51,15,83
USW00023190,2022-11-17,34.4241,-119.84249,2.5,"SANTA BARBARA MUNICIPAL AIRPORT, CA US",0,200,11,13,64,37,86
USW00023190,2022-11-18,34.4241,-119.84249,2.5,"SANTA BARBARA MUNICIPAL AIRPORT, CA US",0,194,17,8,73,36,90
USW00023190,2022-11-19,34.4241,-119.84249,2.5,"SANTA BARBARA MUNICIPAL AIRPORT, CA US",0,217,22,12,51,25,79
USW00023190,2022-11-20,34.4241,-119.84249,2.5,"SANTA BARBARA MUNICIPAL AIRPORT, CA US",0,217,11,11,48,17,74
USW00023190,2022-11-21,34.4241,-119.84249,2.5,"SANTA BARBARA MUNICIPAL AIRPORT, CA US",0,222,22,9,51,16,83
USW00023190,2022-11-22,34.4241,-119.84249,2.5,"SANTA BARBARA MUNICIPAL AIRPORT, CA US",0,206,11,8,64,30,89
USW00023190,2022-11-23,34.4241,-119.84249,2.5,"SANTA BARBARA MUNICIPAL AIRPORT, CA US",0,206,17,9,63,32,83
USW00023190,2022-11-24,34.4241,-119.84249,2.5,"SANTA BARBARA MUNICIPAL AIRPORT, CA US",0,239,28,18,46,17,73
USW00023190,2022-11-25,34.4241,-119.84249,2.5,"SANTA BARBARA MUNICIPAL AIRPORT, CA US",0,233,22,17,40,12,65
USW00023190,2022-11-26,34.4241,-119.84249,2.5,"SANTA BARBARA MUNICIPAL AIRPORT, CA US",0,183,22,13,68,36,92
USW00023190,2022-11-27,34.4241,-119.84249,2.5,"SANTA BARBARA MUNICIPAL AIRPORT, CA US",0,189,28,17,80,49,93
USW00023190,2022-11-28,34.4241,-119.84249,2.5,"SANTA BARBARA MUNICIPAL AIRPORT, CA US",0,167,67,13,78,58,90
USW00023190,2022-11-29,34.4241,-119.84249,2.5,"SANTA BARBARA MUNICIPAL AIRPORT, CA US",0,161,33,12,77,60,89
USW00023190,2022-11-30,34.4241,-119.84249,2.5,"SANTA BARBARA MUNICIPAL AIRPORT, CA US",0,172,44,16,74,62,89
USW00023190,2022-12-01,34.4241,-119.84249,2.5,"SANTA BARBARA MUNICIPAL AIRPORT, CA US",46,150,111,22,81,64,93
USW00023190,2022-12-02,34.4241,-119.84249,2.5,"SANTA BARBARA MUNICIPAL AIRPORT, CA US",226,156,117,33,90,81,96
USW00023190,2022-12-03,34.4241,-119.84249,2.5,"SANTA BARBARA MUNICIPAL AIRPORT, CA US",8,183,139,13,88,75,100
USW00023190,2022-12-04,34.4241,-119.84249,2.5,"SANTA BARBARA MUNICIPAL AIRPORT, CA US",135,161,83,18,94,88,100
USW00023190,2022-12-05,34.4241,-119.84249,2.5,"SANTA BARBARA MUNICIPAL AIRPORT, CA US",0,183,56,19,74,41,100
USW00023190,2022-12-06,34.4241,-119.84249,2.5,"SANTA BARBARA MUNICIPAL AIRPORT, CA US",0,161,50,16,79,56,96
USW00023190,2022-12-07,34.4241,-119.84249,2.5,"SANTA BARBARA MUNICIPAL AIRPORT, CA US",0,156,39,14,80,54,93
USW00023190,2022-12-08,34.4241,-119.84249,2.5,"SANTA BARBARA MUNICIPAL AIRPORT, CA US",0,161,44,14,80,62,93
USW00023190,2022-12-09,34.4241,-119.84249,2.5,"SANTA BARBARA MUNICIPAL AIRPORT, CA US",0,178,22,11,75,47,90
USW00023190,2022-12-10,34.4241,-119.84249,2.5,"SANTA BARBARA MUNICIPAL AIRPORT, CA US",132,150,72,35,91,87,96
USW00023190,2022-12-11,34.4241,-119.84249,2.5,"SANTA BARBARA MUNICIPAL AIRPORT, CA US",107,150,44,36,74,46,97
USW00023190,2022-12-12,34.4241,-119.84249,2.5,"SANTA BARBARA MUNICIPAL AIRPORT, CA US",79,133,50,22,78,52,93
USW00023190,2022-12-13,34.4241,-119.84249,2.5,"SANTA BARBARA MUNICIPAL AIRPORT, CA US",0,144,6,16,72,48,92
USW00023190,2022-12-14,34.4241,-119.84249,2.5,"SANTA BARBARA MUNICIPAL AIRPORT, CA US",0,150,22,13,78,58,90
USW00023190,2022-12-15,34.4241,-119.84249,2.5,"SANTA BARBARA MUNICIPAL AIRPORT, CA US",0,150,44,10,83,70,93
USW00023190,2022-12-16,34.4241,-119.84249,2.5,"SANTA BARBARA MUNICIPAL AIRPORT, CA US",0,194,44,7,68,34,89
USW00023190,2022-12-17,34.4241,-119.84249,2.5,"SANTA BARBARA MUNICIPAL AIRPORT, CA US",0,172,22,7,68,41,89
USW00023190,2022-12-18,34.4241,-119.84249,2.5,"SANTA BARBARA MUNICIPAL AIRPORT, CA US",0,161,11,10,74,46,89
USW00023190,2022-12-19,34.4241,-119.84249,2.5,"SANTA BARBARA MUNICIPAL AIRPORT, CA US",0,167,28,13,75,44,93
USW00023190,2022-12-20,34.4241,-119.84249,2.5,"SANTA BARBARA MUNICIPAL AIRPORT, CA US",0,172,33,9,78,60,93
USW00023190,2022-12-21,34.4241,-119.84249,2.5,"SANTA BARBARA MUNICIPAL AIRPORT, CA US",0,183,39,12,78,54,90
USW00023190,2022-12-22,34.4241,-119.84249,2.5,"SANTA BARBARA MUNICIPAL AIRPORT, CA US",0,189,50,10,73,48,89
USW00023190,2022-12-23,34.4241,-119.84249,2.5,"SANTA BARBARA MUNICIPAL AIRPORT, CA US",0,183,50,10,82,63,97
USW00023190,2022-12-24,34.4241,-119.84249,2.5,"SANTA BARBARA MUNICIPAL AIRPORT, CA US",0,233,44,10,75,36,93
USW00023190,2022-12-25,34.4241,-119.84249,2.5,"SANTA BARBARA MUNICIPAL AIRPORT, CA US",0,261,61,9,60,22,86
USW00023190,2022-12-26,34.4241,-119.84249,2.5,"SANTA BARBARA MUNICIPAL AIRPORT, CA US",0,228,56,8,75,50,93
USW00023190,2022-12-27,34.4241,-119.84249,2.5,"SANTA BARBARA MUNICIPAL AIRPORT, CA US",257,156,106,5,88,78,97
USW00023190,2022-12-28,34.4241,-119.84249,2.5,"SANTA BARBARA MUNICIPAL AIRPORT, CA US",0,167,83,19,84,58,93
USW00023190,2022-12-29,34.4241,-119.84249,2.5,"SANTA BARBARA MUNICIPAL AIRPORT, CA US",0,156,111,13,86,78,93
USW00023190,2022-12-30,34.4241,-119.84249,2.5,"SANTA BARBARA MUNICIPAL AIRPORT, CA US",0,150,128,11,93,87,100
USW00023190,2022-12-31,34.4241,-119.84249,2.5,"SANTA BARBARA MUNICIPAL AIRPORT, CA US",516,156,122,25,93,83,97
USW00023190,2023-01-01,34.4241,-119.84249,2.5,"SANTA BARBARA MUNICIPAL AIRPORT, CA US",0,167,72,65,68,55,79
USW00023190,2023-01-02,34.4241,-119.84249,2.5,"SANTA BARBARA MUNICIPAL AIRPORT, CA US",13,133,61,27,72,62,80
USW00023190,2023-01-03,34.4241,-119.84249,2.5,"SANTA BARBARA MUNICIPAL AIRPORT, CA US",0,167,106,23,80,70,90
USW00023190,2023-01-04,34.4241,-119.84249,2.5,"SANTA BARBARA MUNICIPAL AIRPORT, CA US",175,167,144,71,86,72,96
USW00023190,2023-01-05,34.4241,-119.84249,2.5,"SANTA BARBARA MUNICIPAL AIRPORT, CA US",127,172,83,46,80,60,93
USW00023190,2023-01-06,34.4241,-119.84249,2.5,"SANTA BARBARA MUNICIPAL AIRPORT, CA US",0,167,50,12,77,58,86
USW00023190,2023-01-07,34.4241,-119.84249,2.5,"SANTA BARBARA MUNICIPAL AIRPORT, CA US",0,178,67,13,74,45,90
USW00023190,2023-01-08,34.4241,-119.84249,2.5,"SANTA BARBARA MUNICIPAL AIRPORT, CA US",71,167,94,30,77,60,87
USW00023190,2023-01-09,34.4241,-119.84249,2.5,"SANTA BARBARA MUNICIPAL AIRPORT, CA US",1072,172,139,57,90,83,93
USW00023190,2023-01-10,34.4241,-119.84249,2.5,"SANTA BARBARA MUNICIPAL AIRPORT, CA US",84,167,111,30,80,67,90
USW00023190,2023-01-11,34.4241,-119.84249,2.5,"SANTA BARBARA MUNICIPAL AIRPORT, CA US",0,156,94,18,82,67,90
USW00023190,2023-01-12,34.4241,-119.84249,2.5,"SANTA BARBARA MUNICIPAL AIRPORT, CA US",0,194,72,13,76,49,90
USW00023190,2023-01-13,34.4241,-119.84249,2.5,"SANTA BARBARA MUNICIPAL AIRPORT, CA US",0,189,94,12,72,50,87
USW00023190,2023-01-14,34.4241,-119.84249,2.5,"SANTA BARBARA MUNICIPAL AIRPORT, CA US",307,150,117,22,90,87,96
USW00023190,2023-01-15,34.4241,-119.84249,2.5,"SANTA BARBARA MUNICIPAL AIRPORT, CA US",104,144,94,26,85,74,93
USW00023190,2023-01-16,34.4241,-119.84249,2.5,"SANTA BARBARA MUNICIPAL AIRPORT, CA US",66,167,89,50,72,58,90
USW00023190,2023-01-17,34.4241,-119.84249,2.5,"SANTA BARBARA MUNICIPAL AIRPORT, CA US",0,167,72,38,55,41,71
USW00023190,2023-01-18,34.4241,-119.84249,2.5,"SANTA BARBARA MUNICIPAL AIRPORT, CA US",0,161,33,11,67,44,83
USW00023190,2023-01-19,34.4241,-119.84249,2.5,"SANTA BARBARA MUNICIPAL AIRPORT, CA US",0,172,39,26,69,46,89
USW00023190,2023-01-20,34.4241,-119.84249,2.5,"SANTA BARBARA MUNICIPAL AIRPORT, CA US",0,156,17,13,67,44,82
USW00023190,2023-01-21,34.4241,-119.84249,2.5,"SANTA BARBARA MUNICIPAL AIRPORT, CA US",0,156,22,9,71,50,83
USW00023190,2023-01-22,34.4241,-119.84249,2.5,"SANTA BARBARA MUNICIPAL AIRPORT, CA US",0,206,28,31,50,23,86
USW00023190,2023-01-23,34.4241,-119.84249,2.5,"SANTA BARBARA MUNICIPAL AIRPORT, CA US",0,156,39,18,59,42,83
USW00023190,2023-01-24,34.4241,-119.84249,2.5,"SANTA BARBARA MUNICIPAL AIRPORT, CA US",0,183,17,13,69,33,86
USW00023190,2023-01-25,34.4241,-119.84249,2.5,"SANTA BARBARA MUNICIPAL AIRPORT, CA US",0,194,28,11,65,24,86
USW00023190,2023-01-26,34.4241,-119.84249,2.5,"SANTA BARBARA MUNICIPAL AIRPORT, CA US",0,200,33,12,58,26,79
USW00023190,2023-01-27,34.4241,-119.84249,2.5,"SANTA BARBARA MUNICIPAL AIRPORT, CA US",0,189,33,12,71,45,86
USW00023190,2023-01-28,34.4241,-119.84249,2.5,"SANTA BARBARA MUNICIPAL AIRPORT, CA US",0,161,44,19,78,67,86
USW00023190,2023-01-29,34.4241,-119.84249,2.5,"SANTA BARBARA MUNICIPAL AIRPORT, CA US",0,144,72,22,75,62,86
USW00023190,2023-01-30,34.4241,-119.84249,2.5,"SANTA BARBARA MUNICIPAL AIRPORT, CA US",13,150,78,22,69,45,86
USW00023190,2023-01-31,34.4241,-119.84249,2.5,"SANTA BARBARA MUNICIPAL AIRPORT, CA US",0,161,44,22,53,26,79
USW00023190,2023-02-01,34.4241,-119.84249,2.5,"SANTA BARBARA MUNICIPAL AIRPORT, CA US",0,172,28,15,70,43,86
USW00023190,2023-02-02,34.4241,-119.84249,2.5,"SANTA BARBARA MUNICIPAL AIRPORT, CA US",0,183,33,14,61,34,82
USW00023190,2023-02-03,34.4241,-119.84249,2.5,"SANTA BARBARA MUNICIPAL AIRPORT, CA US",0,200,72,22,64,40,83
USW00023190,2023-02-04,34.4241,-119.84249,2.5,"SANTA BARBARA MUNICIPAL AIRPORT, CA US",8,189,56,18,73,52,90
USW00023190,2023-02-05,34.4241,-119.84249,2.5,"SANTA BARBARA MUNICIPAL AIRPORT, CA US",28,189,106,51,60,37,93
USW00023190,2023-02-06,34.4241,-119.84249,2.5,"SANTA BARBARA MUNICIPAL AIRPORT, CA US",0,200,61,28,50,30,67
USW00023190,2023-02-07,34.4241,-119.84249,2.5,"SANTA BARBARA MUNICIPAL AIRPORT, CA US",0,189,28,13,62,31,80
USW00023190,2023-02-08,34.4241,-119.84249,2.5,"SANTA BARBARA MUNICIPAL AIRPORT, CA US",0,211,44,10,62,25,82
USW00023190,2023-02-09,34.4241,-119.84249,2.5,"SANTA BARBARA MUNICIPAL AIRPORT, CA US",0,267,50,13,52,17,78
USW00023190,2023-02-10,34.4241,-119.84249,2.5,"SANTA BARBARA MUNICIPAL AIRPORT, CA US",0,217,67,12,58,26,80
USW00023190,2023-02-11,34.4241,-119.84249,2.5,"SANTA BARBARA MUNICIPAL AIRPORT, CA US",0,167,67,39,65,41,86
USW00023190,2023-02-12,34.4241,-119.84249,2.5,"SANTA BARBARA MUNICIPAL AIRPORT, CA US",0,183,44,20,64,35,82
USW00023190,2023-02-13,34.4241,-119.84249,2.5,"SANTA BARBARA MUNICIPAL AIRPORT, CA US",0,167,78,26,70,60,83
USW00023190,2023-02-14,34.4241,-119.84249,2.5,"SANTA BARBARA MUNICIPAL AIRPORT, CA US",0,178,72,50,55,30,77
USW00023190,2023-02-15,34.4241,-119.84249,2.5,"SANTA BARBARA MUNICIPAL AIRPORT, CA US",0,144,28,25,46,24,68
USW00023190,2023-02-16,34.4241,-119.84249,2.5,"SANTA BARBARA MUNICIPAL AIRPORT, CA US",0,167,0,10,47,18,73
USW00023190,2023-02-17,34.4241,-119.84249,2.5,"SANTA BARBARA MUNICIPAL AIRPORT, CA US",0,178,28,11,49,25,68
USW00023190,2023-02-18,34.4241,-119.84249,2.5,"SANTA BARBARA MUNICIPAL AIRPORT, CA US",0,183,22,5,49,19,70
USW00023190,2023-02-19,34.4241,-119.84249,2.5,"SANTA BARBARA MUNICIPAL AIRPORT, CA US",0,183,22,14,62,25,80
USW00023190,2023-02-20,34.4241,-119.84249,2.5,"SANTA BARBARA MUNICIPAL AIRPORT, CA US",0,200,39,13,70,42,84
USW00023190,2023-02-21,34.4241,-119.84249,2.5,"SANTA BARBARA MUNICIPAL AIRPORT, CA US",0,194,44,44,63,40,86
USW00023190,2023-02-22,34.4241,-119.84249,2.5,"SANTA BARBARA MUNICIPAL AIRPORT, CA US",0,139,67,66,53,35,71
USW00023190,2023-02-23,34.4241,-119.84249,2.5,"SANTA BARBARA MUNICIPAL AIRPORT, CA US",66,128,39,25,71,57,83
USW00023190,2023-02-24,34.4241,-119.84249,2.5,"SANTA BARBARA MUNICIPAL AIRPORT, CA US",417,144,78,66,85,77,89
USW00023190,2023-02-25,34.4241,-119.84249,2.5,"SANTA BARBARA MUNICIPAL AIRPORT, CA US",198,111,33,27,79,57,89
USW00023190,2023-02-26,34.4241,-119.84249,2.5,"SANTA BARBARA MUNICIPAL AIRPORT, CA US",0,139,22,23,69,49,89
USW00023190,2023-02-27,34.4241,-119.84249,2.5,"SANTA BARBARA MUNICIPAL AIRPORT, CA US",94,139,72,27,79,53,93
USW00023190,2023-02-28,34.4241,-119.84249,2.5,"SANTA BARBARA MUNICIPAL AIRPORT, CA US",97,144,44,24,78,62,93
USW00023190,2023-03-01,34.4241,-119.84249,2.5,"SANTA BARBARA MUNICIPAL AIRPORT, CA US",53,139,72,64,56,34,83
USW00023190,2023-03-02,34.4241,-119.84249,2.5,"SANTA BARBARA MUNICIPAL AIRPORT, CA US",0,167,39,21,59,36,79
USW00023190,2023-03-03,34.4241,-119.84249,2.5,"SANTA BARBARA MUNICIPAL AIRPORT, CA US",0,156,39,14,73,51,86
USW00023190,2023-03-04,34.4241,-119.84249,2.5,"SANTA BARBARA MUNICIPAL AIRPORT, CA US",0,161,61,29,71,58,86
USW00023190,2023-03-05,34.4241,-119.84249,2.5,"SANTA BARBARA MUNICIPAL AIRPORT, CA US",30,156,67,17,76,62,86
USW00023190,2023-03-06,34.4241,-119.84249,2.5,"SANTA BARBARA MUNICIPAL AIRPORT, CA US",0,150,44,25,68,58,86
USW00023190,2023-03-07,34.4241,-119.84249,2.5,"SANTA BARBARA MUNICIPAL AIRPORT, CA US",0,172,56,25,60,38,77
USW00023190,2023-03-08,34.4241,-119.84249,2.5,"SANTA BARBARA MUNICIPAL AIRPORT, CA US",0,178,44,22,61,38,82
USW00023190,2023-03-09,34.4241,-119.84249,2.5,"SANTA BARBARA MUNICIPAL AIRPORT, CA US",30,156,61,19,75,64,86
USW00023190,2023-03-10,34.4241,-119.84249,2.5,"SANTA BARBARA MUNICIPAL AIRPORT, CA US",528,144,106,27,91,86,93
USW00023190,2023-03-11,34.4241,-119.84249,2.5,"SANTA BARBARA MUNICIPAL AIRPORT, CA US",5,172,133,9,91,86,96
USW00023190,2023-03-12,34.4241,-119.84249,2.5,"SANTA BARBARA MUNICIPAL AIRPORT, CA US",0,178,128,21,89,78,96
USW00023190,2023-03-13,34.4241,-119.84249,2.5,"SANTA BARBARA MUNICIPAL AIRPORT, CA US",0,167,122,19,88,75,97
USW00023190,2023-03-14,34.4241,-119.84249,2.5,"SANTA BARBARA MUNICIPAL AIRPORT, CA US",645,150,133,51,90,87,93
USW00023190,2023-03-15,34.4241,-119.84249,2.5,"SANTA BARBARA MUNICIPAL AIRPORT, CA US",84,200,122,29,77,61,93
USW00023190,2023-03-16,34.4241,-119.84249,2.5,"SANTA BARBARA MUNICIPAL AIRPORT, CA US",0,178,122,23,71,56,80
USW00023190,2023-03-17,34.4241,-119.84249,2.5,"SANTA BARBARA MUNICIPAL AIRPORT, CA US",0,167,89,19,78,65,90
USW00023190,2023-03-18,34.4241,-119.84249,2.5,"SANTA BARBARA MUNICIPAL AIRPORT, CA US",0,194,67,11,67,45,90
USW00023190,2023-03-19,34.4241,-119.84249,2.5,"SANTA BARBARA MUNICIPAL AIRPORT, CA US",13,161,128,30,77,58,90
USW00023190,2023-03-20,34.4241,-119.84249,2.5,"SANTA BARBARA MUNICIPAL AIRPORT, CA US",71,161,111,21,82,72,93
USW00023190,2023-03-21,34.4241,-119.84249,2.5,"SANTA BARBARA MUNICIPAL AIRPORT, CA US",447,156,94,48,81,67,90
USW00023190,2023-03-22,34.4241,-119.84249,2.5,"SANTA BARBARA MUNICIPAL AIRPORT, CA US",109,150,89,30,80,67,89
USW00023190,2023-03-23,34.4241,-119.84249,2.5,"SANTA BARBARA MUNICIPAL AIRPORT, CA US",0,178,94,43,69,50,89
USW00023190,2023-03-24,34.4241,-119.84249,2.5,"SANTA BARBARA MUNICIPAL AIRPORT, CA US",0,200,72,44,47,30,74
USW00023190,2023-03-25,34.4241,-119.84249,2.5,"SANTA BARBARA MUNICIPAL AIRPORT, CA US",0,200,89,38,36,26,49
USW00023190,2023-03-26,34.4241,-119.84249,2.5,"SANTA BARBARA MUNICIPAL AIRPORT, CA US",0,200,50,41,44,27,63
USW00023190,2023-03-27,34.4241,-119.84249,2.5,"SANTA BARBARA MUNICIPAL AIRPORT, CA US",0,194,44,21,50,25,74
USW00023190,2023-03-28,34.4241,-119.84249,2.5,"SANTA BARBARA MUNICIPAL AIRPORT, CA US",94,161,44,24,72,57,92
USW00023190,2023-03-29,34.4241,-119.84249,2.5,"SANTA BARBARA MUNICIPAL AIRPORT, CA US",196,150,83,31,74,58,93
USW00023190,2023-03-30,34.4241,-119.84249,2.5,"SANTA BARBARA MUNICIPAL AIRPORT, CA US",43,161,78,27,72,56,86
USW00023190,2023-03-31,34.4241,-119.84249,2.5,"SANTA BARBARA MUNICIPAL AIRPORT, CA US",0,161,61,20,74,64,85
USW00023190,2023-04-01,34.4241,-119.84249,2.5,"SANTA BARBARA MUNICIPAL AIRPORT, CA US",0,194,56,17,74,50,89
USW00023190,2023-04-02,34.4241,-119.84249,2.5,"SANTA BARBARA MUNICIPAL AIRPORT, CA US",0,200,78,15,73,52,86
USW00023190,2023-04-03,34.4241,-119.84249,2.5,"SANTA BARBARA MUNICIPAL AIRPORT, CA US",0,172,89,70,48,26,77
USW00023190,2023-04-04,34.4241,-119.84249,2.5,"SANTA BARBARA MUNICIPAL AIRPORT, CA US",0,178,56,46,50,34,65
USW00023190,2023-04-05,34.4241,-119.84249,2.5,"SANTA BARBARA MUNICIPAL AIRPORT, CA US",0,178,56,26,56,30,74
USW00023190,2023-04-06,34.4241,-119.84249,2.5,"SANTA BARBARA MUNICIPAL AIRPORT, CA US",0,211,56,20,59,26,80
USW00023190,2023-04-07,34.4241,-119.84249,2.5,"SANTA BARBARA MUNICIPAL AIRPORT, CA US",0,189,106,21,72,43,87
USW00023190,2023-04-08,34.4241,-119.84249,2.5,"SANTA BARBARA MUNICIPAL AIRPORT, CA US",0,183,89,23,81,65,93
USW00023190,2023-04-09,34.4241,-119.84249,2.5,"SANTA BARBARA MUNICIPAL AIRPORT, CA US",0,167,100,17,89,73,97
USW00023190,2023-04-10,34.4241,-119.84249,2.5,"SANTA BARBARA MUNICIPAL AIRPORT, CA US",0,178,111,29,90,75,97
USW00023190,2023-04-11,34.4241,-119.84249,2.5,"SANTA BARBARA MUNICIPAL AIRPORT, CA US",0,156,117,18,90,78,97
USW00023190,2023-04-12,34.4241,-119.84249,2.5,"SANTA BARBARA MUNICIPAL AIRPORT, CA US",0,167,83,21,83,69,93
USW00023190,2023-04-13,34.4241,-119.84249,2.5,"SANTA BARBARA MUNICIPAL AIRPORT, CA US",0,172,67,24,72,59,86
USW00023190,2023-04-14,34.4241,-119.84249,2.5,"SANTA BARBARA MUNICIPAL AIRPORT, CA US",0,172,72,19,70,56,80
USW00023190,2023-04-15,34.4241,-119.84249,2.5,"SANTA BARBARA MUNICIPAL AIRPORT, CA US",0,183,78,21,75,58,89
USW00023190,2023-04-16,34.4241,-119.84249,2.5,"SANTA BARBARA MUNICIPAL AIRPORT, CA US",0,183,94,25,82,65,93
USW00023190,2023-04-17,34.4241,-119.84249,2.5,"SANTA BARBARA MUNICIPAL AIRPORT, CA US",0,167,83,24,79,67,90
USW00023190,2023-04-18,34.4241,-119.84249,2.5,"SANTA BARBARA MUNICIPAL AIRPORT, CA US",0,200,72,33,56,42,77
USW00023190,2023-04-19,34.4241,-119.84249,2.5,"SANTA BARBARA MUNICIPAL AIRPORT, CA US",0,200,83,40,42,23,72
USW00023190,2023-04-20,34.4241,-119.84249,2.5,"SANTA BARBARA MUNICIPAL AIRPORT, CA US",0,244,78,15,58,25,83
USW00023190,2023-04-21,34.4241,-119.84249,2.5,"SANTA BARBARA MUNICIPAL AIRPORT, CA US",0,272,89,20,61,26,87
USW00023190,2023-04-22,34.4241,-119.84249,2.5,"SANTA BARBARA MUNICIPAL AIRPORT, CA US",0,250,111,18,71,44,87
USW00023190,2023-04-23,34.4241,-119.84249,2.5,"SANTA BARBARA MUNICIPAL AIRPORT, CA US",0,194,111,25,80,68,93
USW00023190,2023-04-24,34.4241,-119.84249,2.5,"SANTA BARBARA MUNICIPAL AIRPORT, CA US",0,178,111,24,81,70,93
USW00023190,2023-04-25,34.4241,-119.84249,2.5,"SANTA BARBARA MUNICIPAL AIRPORT, CA US",0,189,117,26,80,66,90
USW00023190,2023-04-26,34.4241,-119.84249,2.5,"SANTA BARBARA MUNICIPAL AIRPORT, CA US",0,156,117,21,89,78,93
USW00023190,2023-04-27,34.4241,-119.84249,2.5,"SANTA BARBARA MUNICIPAL AIRPORT, CA US",0,167,111,26,89,73,97
USW00023190,2023-04-28,34.4241,-119.84249,2.5,"SANTA BARBARA MUNICIPAL AIRPORT, CA US",0,167,111,22,88,78,93
USW00023190,2023-04-29,34.4241,-119.84249,2.5,"SANTA BARBARA MUNICIPAL AIRPORT, CA US",0,172,117,26,87,75,93
USW00023190,2023-04-30,34.4241,-119.84249,2.5,"SANTA BARBARA MUNICIPAL AIRPORT, CA US",0,178,117,21,84,70,93
USW00023190,2023-05-01,34.4241,-119.84249,2.5,"SANTA BARBARA MUNICIPAL AIRPORT, CA US",0,206,83,36,62,43,86
USW00023190,2023-05-02,34.4241,-119.84249,2.5,"SANTA BARBARA MUNICIPAL AIRPORT, CA US",0,167,67,15,70,56,80
USW00023190,2023-05-03,34.4241,-119.84249,2.5,"SANTA BARBARA MUNICIPAL AIRPORT, CA US",104,178,72,33,73,58,86
USW00023190,2023-05-04,34.4241,-119.84249,2.5,"SANTA BARBARA MUNICIPAL AIRPORT, CA US",36,183,94,26,77,65,90
USW00023190,2023-05-05,34.4241,-119.84249,2.5,"SANTA BARBARA MUNICIPAL AIRPORT, CA US",10,183,100,22,76,60,90
USW00023190,2023-05-06,34.4241,-119.84249,2.5,"SANTA BARBARA MUNICIPAL AIRPORT, CA US",0,189,78,28,72,56,90
USW00023190,2023-05-07,34.4241,-119.84249,2.5,"SANTA BARBARA MUNICIPAL AIRPORT, CA US",0,194,89,24,76,59,90
USW00023190,2023-05-08,34.4241,-119.84249,2.5,"SANTA BARBARA MUNICIPAL AIRPORT, CA US",0,222,94,20,67,49,90
USW00023190,2023-05-09,34.4241,-119.84249,2.5,"SANTA BARBARA MUNICIPAL AIRPORT, CA US",0,194,100,34,67,54,86
USW00023190,2023-05-10,34.4241,-119.84249,2.5,"SANTA BARBARA MUNICIPAL AIRPORT, CA US",0,206,106,29,65,51,80
USW00023190,2023-05-11,34.4241,-119.84249,2.5,"SANTA BARBARA MUNICIPAL AIRPORT, CA US",0,211,94,22,71,55,86
USW00023190,2023-05-12,34.4241,-119.84249,2.5,"SANTA BARBARA MUNICIPAL AIRPORT, CA US",0,211,100,21,77,61,89
USW00023190,2023-05-13,34.4241,-119.84249,2.5,"SANTA BARBARA MUNICIPAL AIRPORT, CA US",0,189,133,27,85,73,93
USW00023190,2023-05-14,34.4241,-119.84249,2.5,"SANTA BARBARA MUNICIPAL AIRPORT, CA US",0,206,133,27,82,71,90
USW00023190,2023-05-15,34.4241,-119.84249,2.5,"SANTA BARBARA MUNICIPAL AIRPORT, CA US",0,172,139,22,89,80,93
USW00023190,2023-05-16,34.4241,-119.84249,2.5,"SANTA BARBARA MUNICIPAL AIRPORT, CA US",0,189,128,22,87,73,93
USW00023190,2023-05-17,34.4241,-119.84249,2.5,"SANTA BARBARA MUNICIPAL AIRPORT, CA US",0,189,133,29,87,73,97
USW00023190,2023-05-18,34.4241,-119.84249,2.5,"SANTA BARBARA MUNICIPAL AIRPORT, CA US",0,189,139,26,85,73,93
USW00023190,2023-05-19,34.4241,-119.84249,2.5,"SANTA BARBARA MUNICIPAL AIRPORT, CA US",0,194,139,19,83,71,93
USW00023190,2023-05-20,34.4241,-119.84249,2.5,"SANTA BARBARA MUNICIPAL AIRPORT, CA US",0,200,144,25,80,68,93
USW00023190,2023-05-21,34.4241,-119.84249,2.5,"SANTA BARBARA MUNICIPAL AIRPORT, CA US",0,178,144,22,84,73,90
USW00023190,2023-05-22,34.4241,-119.84249,2.5,"SANTA BARBARA MUNICIPAL AIRPORT, CA US",0,178,139,22,85,76,93
USW00023190,2023-05-23,34.4241,-119.84249,2.5,"SANTA BARBARA MUNICIPAL AIRPORT, CA US",0,183,139,20,83,73,93
USW00023190,2023-05-24,34.4241,-119.84249,2.5,"SANTA BARBARA MUNICIPAL AIRPORT, CA US",0,200,156,27,67,55,80
USW00023190,2023-05-25,34.4241,-119.84249,2.5,"SANTA BARBARA MUNICIPAL AIRPORT, CA US",0,194,156,25,67,56,78
USW00023190,2023-05-26,34.4241,-119.84249,2.5,"SANTA BARBARA MUNICIPAL AIRPORT, CA US",0,200,128,25,70,56,84
USW00023190,2023-05-27,34.4241,-119.84249,2.5,"SANTA BARBARA MUNICIPAL AIRPORT, CA US",0,200,100,22,74,61,86
USW00023190,2023-05-28,34.4241,-119.84249,2.5,"SANTA BARBARA MUNICIPAL AIRPORT, CA US",0,189,144,21,76,70,83
USW00023190,2023-05-29,34.4241,-119.84249,2.5,"SANTA BARBARA MUNICIPAL AIRPORT, CA US",0,200,156,23,72,63,80
USW00023190,2023-05-30,34.4241,-119.84249,2.5,"SANTA BARBARA MUNICIPAL AIRPORT, CA US",0,200,156,21,69,57,78
USW00023190,2023-05-31,34.4241,-119.84249,2.5,"SANTA BARBARA MUNICIPAL AIRPORT, CA US",0,200,128,23,68,56,83
USW00023190,2023-06-01,34.4241,-119.84249,2.5,"SANTA BARBARA MUNICIPAL AIRPORT, CA US",0,206,111,18,71,56,87
USW00023190,2023-06-02,34.4241,-119.84249,2.5,"SANTA BARBARA MUNICIPAL AIRPORT, CA US",0,217,122,25,69,51,84
USW00023190,2023-06-03,34.4241,-119.84249,2.5,"SANTA BARBARA MUNICIPAL AIRPORT, CA US",0,206,111,23,76,63,89
USW00023190,2023-06-04,34.4241,-119.84249,2.5,"SANTA BARBARA MUNICIPAL AIRPORT, CA US",0,189,144,19,83,73,90
USW00023190,2023-06-05,34.4241,-119.84249,2.5,"SANTA BARBARA MUNICIPAL AIRPORT, CA US",5,172,150,26,80,70,93
USW00023190,2023-06-06,34.4241,-119.84249,2.5,"SANTA BARBARA MUNICIPAL AIRPORT, CA US",48,200,144,19,78,61,90
USW00023190,2023-06-07,34.4241,-119.84249,2.5,"SANTA BARBARA MUNICIPAL AIRPORT, CA US",3,200,139,20,76,63,90
USW00023190,2023-06-08,34.4241,-119.84249,2.5,"SANTA BARBARA MUNICIPAL AIRPORT, CA US",0,206,139,26,76,65,90
USW00023190,2023-06-09,34.4241,-119.84249,2.5,"SANTA BARBARA MUNICIPAL AIRPORT, CA US",0,189,133,18,77,70,87
USW00023190,2023-06-10,34.4241,-119.84249,2.5,"SANTA BARBARA MUNICIPAL AIRPORT, CA US",0,189,167,21,77,70,84
USW00023190,2023-06-11,34.4241,-119.84249,2.5,"SANTA BARBARA MUNICIPAL AIRPORT, CA US",0,206,161,24,76,65,90
USW00023190,2023-06-12,34.4241,-119.84249,2.5,"SANTA BARBARA MUNICIPAL AIRPORT, CA US",0,206,156,26,72,63,80
USW00023190,2023-06-13,34.4241,-119.84249,2.5,"SANTA BARBARA MUNICIPAL AIRPORT, CA US",0,200,128,24,75,63,87
USW00023190,2023-06-14,34.4241,-119.84249,2.5,"SANTA BARBARA MUNICIPAL AIRPORT, CA US",0,194,144,23,76,70,81
USW00023190,2023-06-15,34.4241,-119.84249,2.5,"SANTA BARBARA MUNICIPAL AIRPORT, CA US",0,206,156,23,79,68,90
USW00023190,2023-06-16,34.4241,-119.84249,2.5,"SANTA BARBARA MUNICIPAL AIRPORT, CA US",0,211,156,25,77,68,86
USW00023190,2023-06-17,34.4241,-119.84249,2.5,"SANTA BARBARA MUNICIPAL AIRPORT, CA US",0,228,139,32,78,66,90
USW00023190,2023-06-18,34.4241,-119.84249,2.5,"SANTA BARBARA MUNICIPAL AIRPORT, CA US",0,200,139,27,81,71,90
USW00023190,2023-06-19,34.4241,-119.84249,2.5,"SANTA BARBARA MUNICIPAL AIRPORT, CA US",0,222,117,17,71,49,90
USW00023190,2023-06-20,34.4241,-119.84249,2.5,"SANTA BARBARA MUNICIPAL AIRPORT, CA US",0,239,106,22,71,48,86
USW00023190,2023-06-21,34.4241,-119.84249,2.5,"SANTA BARBARA MUNICIPAL AIRPORT, CA US",0,244,106,20,66,43,90
USW00023190,2023-06-22,34.4241,-119.84249,2.5,"SANTA BARBARA MUNICIPAL AIRPORT, CA US",0,217,106,29,65,51,87
USW00023190,2023-06-23,34.4241,-119.84249,2.5,"SANTA BARBARA MUNICIPAL AIRPORT, CA US",0,217,94,28,65,49,81
USW00023190,2023-06-24,34.4241,-119.84249,2.5,"SANTA BARBARA MUNICIPAL AIRPORT, CA US",0,228,117,19,68,52,84
USW00023190,2023-06-25,34.4241,-119.84249,2.5,"SANTA BARBARA MUNICIPAL AIRPORT, CA US",0,233,106,28,65,50,83
USW00023190,2023-06-26,34.4241,-119.84249,2.5,"SANTA BARBARA MUNICIPAL AIRPORT, CA US",0,233,117,28,71,57,87
USW00023190,2023-06-27,34.4241,-119.84249,2.5,"SANTA BARBARA MUNICIPAL AIRPORT, CA US",0,228,117,26,74,55,87
USW00023190,2023-06-28,34.4241,-119.84249,2.5,"SANTA BARBARA MUNICIPAL AIRPORT, CA US",0,217,128,29,76,61,90
USW00023190,2023-06-29,34.4241,-119.84249,2.5,"SANTA BARBARA MUNICIPAL AIRPORT, CA US",0,211,122,30,78,63,90
USW00023190,2023-06-30,34.4241,-119.84249,2.5,"SANTA BARBARA MUNICIPAL AIRPORT, CA US",0,206,144,28,85,70,93
USW00023190,2023-07-01,34.4241,-119.84249,2.5,"SANTA BARBARA MUNICIPAL AIRPORT, CA US",0,206,144,30,83,70,93
USW00023190,2023-07-02,34.4241,-119.84249,2.5,"SANTA BARBARA MUNICIPAL AIRPORT, CA US",0,211,144,29,85,71,93
USW00023190,2023-07-03,34.4241,-119.84249,2.5,"SANTA BARBARA MUNICIPAL AIRPORT, CA US",0,211,144,22,82,66,93
USW00023190,2023-07-04,34.4241,-119.84249,2.5,"SANTA BARBARA MUNICIPAL AIRPORT, CA US",0,200,144,40,80,65,90
USW00023190,2023-07-05,34.4241,-119.84249,2.5,"SANTA BARBARA MUNICIPAL AIRPORT, CA US",0,206,133,30,79,63,90
USW00023190,2023-07-06,34.4241,-119.84249,2.5,"SANTA BARBARA MUNICIPAL AIRPORT, CA US",0,217,122,30,76,59,90
USW00023190,2023-07-07,34.4241,-119.84249,2.5,"SANTA BARBARA MUNICIPAL AIRPORT, CA US",0,206,117,24,78,63,90
USW00023190,2023-07-08,34.4241,-119.84249,2.5,"SANTA BARBARA MUNICIPAL AIRPORT, CA US",0,211,117,25,78,66,90
USW00023190,2023-07-09,34.4241,-119.84249,2.5,"SANTA BARBARA MUNICIPAL AIRPORT, CA US",0,239,122,23,73,54,87
USW00023190,2023-07-10,34.4241,-119.84249,2.5,"SANTA BARBARA MUNICIPAL AIRPORT, CA US",0,233,139,30,74,54,87
USW00023190,2023-07-11,34.4241,-119.84249,2.5,"SANTA BARBARA MUNICIPAL AIRPORT, CA US",0,200,139,21,86,68,97
USW00023190,2023-07-12,34.4241,-119.84249,2.5,"SANTA BARBARA MUNICIPAL AIRPORT, CA US",0,239,133,21,78,54,97
USW00023190,2023-07-13,34.4241,-119.84249,2.5,"SANTA BARBARA MUNICIPAL AIRPORT, CA US",0,250,144,26,76,52,93
USW00023190,2023-07-14,34.4241,-119.84249,2.5,"SANTA BARBARA MUNICIPAL AIRPORT, CA US",0,256,133,21,73,50,90
USW00023190,2023-07-15,34.4241,-119.84249,2.5,"SANTA BARBARA MUNICIPAL AIRPORT, CA US",0,239,144,21,75,56,90
USW00023190,2023-07-16,34.4241,-119.84249,2.5,"SANTA BARBARA MUNICIPAL AIRPORT, CA US",0,233,144,20,82,62,96
USW00023190,2023-07-17,34.4241,-119.84249,2.5,"SANTA BARBARA MUNICIPAL AIRPORT, CA US",0,233,156,22,80,64,96
USW00023190,2023-07-18,34.4241,-119.84249,2.5,"SANTA BARBARA MUNICIPAL AIRPORT, CA US",0,239,161,21,80,64,93
USW00023190,2023-07-19,34.4241,-119.84249,2.5,"SANTA BARBARA MUNICIPAL AIRPORT, CA US",0,250,156,23,81,58,96
USW00023190,2023-07-20,34.4241,-119.84249,2.5,"SANTA BARBARA MUNICIPAL AIRPORT, CA US",0,256,144,18,76,54,90
USW00023190,2023-07-21,34.4241,-119.84249,2.5,"SANTA BARBARA MUNICIPAL AIRPORT, CA US",0,239,167,27,78,60,90
USW00023190,2023-07-22,34.4241,-119.84249,2.5,"SANTA BARBARA MUNICIPAL AIRPORT, CA US",0,239,156,32,83,71,96
USW00023190,2023-07-23,34.4241,-119.84249,2.5,"SANTA BARBARA MUNICIPAL AIRPORT, CA US",0,244,161,34,80,66,96
USW00023190,2023-07-24,34.4241,-119.84249,2.5,"SANTA BARBARA MUNICIPAL AIRPORT, CA US",0,239,167,26,80,62,97
USW00023190,2023-07-25,34.4241,-119.84249,2.5,"SANTA BARBARA MUNICIPAL AIRPORT, CA US",0,278,172,25,76,49,90
USW00023190,2023-07-26,34.4241,-119.84249,2.5,"SANTA BARBARA MUNICIPAL AIRPORT, CA US",0,278,161,23,72,49,87
USW00023190,2023-07-27,34.4241,-119.84249,2.5,"SANTA BARBARA MUNICIPAL AIRPORT, CA US",0,261,161,22,73,54,90
USW00023190,2023-07-28,34.4241,-119.84249,2.5,"SANTA BARBARA MUNICIPAL AIRPORT, CA US",0,267,167,20,75,58,87
USW00023190,2023-07-29,34.4241,-119.84249,2.5,"SANTA BARBARA MUNICIPAL AIRPORT, CA US",0,256,161,21,75,58,90
USW00023190,2023-07-30,34.4241,-119.84249,2.5,"SANTA BARBARA MUNICIPAL AIRPORT, CA US",0,250,167,26,78,69,90
USW00023190,2023-07-31,34.4241,-119.84249,2.5,"SANTA BARBARA MUNICIPAL AIRPORT, CA US",0,267,172,26,77,60,87
USW00023190,2023-08-01,34.4241,-119.84249,2.5,"SANTA BARBARA MUNICIPAL AIRPORT, CA US",0,261,156,22,73,52,90
USW00023190,2023-08-02,34.4241,-119.84249,2.5,"SANTA BARBARA MUNICIPAL AIRPORT, CA US",0,278,144,23,69,46,86
USW00023190,2023-08-03,34.4241,-119.84249,2.5,"SANTA BARBARA MUNICIPAL AIRPORT, CA US",0,294,139,20,67,42,87
USW00023190,2023-08-04,34.4241,-119.84249,2.5,"SANTA BARBARA MUNICIPAL AIRPORT, CA US",0,256,150,26,73,52,87
USW00023190,2023-08-05,34.4241,-119.84249,2.5,"SANTA BARBARA MUNICIPAL AIRPORT, CA US",0,256,133,22,75,52,90
USW00023190,2023-08-06,34.4241,-119.84249,2.5,"SANTA BARBARA MUNICIPAL AIRPORT, CA US",0,239,144,16,81,64,93
USW00023190,2023-08-07,34.4241,-119.84249,2.5,"SANTA BARBARA MUNICIPAL AIRPORT, CA US",0,239,161,28,81,64,93
USW00023190,2023-08-08,34.4241,-119.84249,2.5,"SANTA BARBARA MUNICIPAL AIRPORT, CA US",0,250,167,24,77,58,90
USW00023190,2023-08-09,34.4241,-119.84249,2.5,"SANTA BARBARA MUNICIPAL AIRPORT, CA US",0,250,172,22,79,69,87
USW00023190,2023-08-10,34.4241,-119.84249,2.5,"SANTA BARBARA MUNICIPAL AIRPORT, CA US",43,228,183,18,84,76,90
USW00023190,2023-08-11,34.4241,-119.84249,2.5,"SANTA BARBARA MUNICIPAL AIRPORT, CA US",0,222,183,20,82,71,90
USW00023190,2023-08-12,34.4241,-119.84249,2.5,"SANTA BARBARA MUNICIPAL AIRPORT, CA US",0,244,178,28,77,64,90
USW00023190,2023-08-13,34.4241,-119.84249,2.5,"SANTA BARBARA MUNICIPAL AIRPORT, CA US",0,244,183,31,79,64,90
USW00023190,2023-08-14,34.4241,-119.84249,2.5,"SANTA BARBARA MUNICIPAL AIRPORT, CA US",0,233,178,26,84,71,93
USW00023190,2023-08-15,34.4241,-119.84249,2.5,"SANTA BARBARA MUNICIPAL AIRPORT, CA US",0,233,172,30,84,69,93
USW00023190,2023-08-16,34.4241,-119.84249,2.5,"SANTA BARBARA MUNICIPAL AIRPORT, CA US",0,250,178,31,81,64,93
USW00023190,2023-08-17,34.4241,-119.84249,2.5,"SANTA BARBARA MUNICIPAL AIRPORT, CA US",0,228,172,36,81,68,93
USW00023190,2023-08-18,34.4241,-119.84249,2.5,"SANTA BARBARA MUNICIPAL AIRPORT, CA US",0,250,167,26,78,56,90
USW00023190,2023-08-19,34.4241,-119.84249,2.5,"SANTA BARBARA MUNICIPAL AIRPORT, CA US",0,250,144,21,73,50,90
USW00023190,2023-08-20,34.4241,-119.84249,2.5,"SANTA BARBARA MUNICIPAL AIRPORT, CA US",28,261,172,16,79,58,91
USW00023190,2023-08-21,34.4241,-119.84249,2.5,"SANTA BARBARA MUNICIPAL AIRPORT, CA US",5,239,178,38,79,64,93
USW00023190,2023-08-22,34.4241,-119.84249,2.5,"SANTA BARBARA MUNICIPAL AIRPORT, CA US",0,267,156,23,72,52,90
USW00023190,2023-08-23,34.4241,-119.84249,2.5,"SANTA BARBARA MUNICIPAL AIRPORT, CA US",0,261,150,28,80,60,90
USW00023190,2023-08-24,34.4241,-119.84249,2.5,"SANTA BARBARA MUNICIPAL AIRPORT, CA US",0,239,156,30,81,64,93
USW00023190,2023-08-25,34.4241,-119.84249,2.5,"SANTA BARBARA MUNICIPAL AIRPORT, CA US",0,261,139,25,77,54,90
USW00023190,2023-08-26,34.4241,-119.84249,2.5,"SANTA BARBARA MUNICIPAL AIRPORT, CA US",0,272,172,26,74,45,90
USW00023190,2023-08-27,34.4241,-119.84249,2.5,"SANTA BARBARA MUNICIPAL AIRPORT, CA US",0,289,144,18,75,41,90
USW00023190,2023-08-28,34.4241,-119.84249,2.5,"SANTA BARBARA MUNICIPAL AIRPORT, CA US",0,311,144,17,70,43,90
USW00023190,2023-08-29,34.4241,-119.84249,2.5,"SANTA BARBARA MUNICIPAL AIRPORT, CA US",0,294,144,17,72,44,87
USW00023190,2023-08-30,34.4241,-119.84249,2.5,"SANTA BARBARA MUNICIPAL AIRPORT, CA US",0,289,156,13,70,41,87
USW00023190,2023-08-31,34.4241,-119.84249,2.5,"SANTA BARBARA MUNICIPAL AIRPORT, CA US",0,222,144,17,81,73,91
USW00023190,2023-09-01,34.4241,-119.84249,2.5,"SANTA BARBARA MUNICIPAL AIRPORT, CA US",0,239,178,31,76,67,87
USW00023190,2023-09-02,34.4241,-119.84249,2.5,"SANTA BARBARA MUNICIPAL AIRPORT, CA US",0,244,200,29,79,66,87
USW00023190,2023-09-03,34.4241,-119.84249,2.5,"SANTA BARBARA MUNICIPAL AIRPORT, CA US",0,250,167,30,67,54,84
USW00023190,2023-09-04,34.4241,-119.84249,2.5,"SANTA BARBARA MUNICIPAL AIRPORT, CA US",0,244,133,25,75,62,87
USW00023190,2023-09-05,34.4241,-119.84249,2.5,"SANTA BARBARA MUNICIPAL AIRPORT, CA US",0,233,167,24,77,69,84
USW00023190,2023-09-06,34.4241,-119.84249,2.5,"SANTA BARBARA MUNICIPAL AIRPORT, CA US",0,250,167,29,70,55,84
USW00023190,2023-09-07,34.4241,-119.84249,2.5,"SANTA BARBARA MUNICIPAL AIRPORT, CA US",0,250,150,26,76,60,87
USW00023190,2023-09-08,34.4241,-119.84249,2.5,"SANTA BARBARA MUNICIPAL AIRPORT, CA US",0,256,144,21,75,58,90
USW00023190,2023-09-09,34.4241,-119.84249,2.5,"SANTA BARBARA MUNICIPAL AIRPORT, CA US",0,300,167,14,67,51,87
USW00023190,2023-09-10,34.4241,-119.84249,2.5,"SANTA BARBARA MUNICIPAL AIRPORT, CA US",0,300,194,26,66,40,81
USW00023190,2023-09-11,34.4241,-119.84249,2.5,"SANTA BARBARA MUNICIPAL AIRPORT, CA US",0,294,183,18,71,46,87
USW00023190,2023-09-12,34.4241,-119.84249,2.5,"SANTA BARBARA MUNICIPAL AIRPORT, CA US",0,256,150,21,75,56,87
USW00023190,2023-09-13,34.4241,-119.84249,2.5,"SANTA BARBARA MUNICIPAL AIRPORT, CA US",0,239,150,22,78,64,90
USW00023190,2023-09-14,34.4241,-119.84249,2.5,"SANTA BARBARA MUNICIPAL AIRPORT, CA US",0,217,156,24,80,71,90
USW00023190,2023-09-15,34.4241,-119.84249,2.5,"SANTA BARBARA MUNICIPAL AIRPORT, CA US",0,211,161,23,79,68,90
USW00023190,2023-09-16,34.4241,-119.84249,2.5,"SANTA BARBARA MUNICIPAL AIRPORT, CA US",0,222,150,16,78,66,87
USW00023190,2023-09-17,34.4241,-119.84249,2.5,"SANTA BARBARA MUNICIPAL AIRPORT, CA US",0,239,139,17,73,57,87
USW00023190,2023-09-18,34.4241,-119.84249,2.5,"SANTA BARBARA MUNICIPAL AIRPORT, CA US",0,244,117,17,74,55,90
USW00023190,2023-09-19,34.4241,-119.84249,2.5,"SANTA BARBARA MUNICIPAL AIRPORT, CA US",0,244,128,16,76,57,88
USW00023190,2023-09-20,34.4241,-119.84249,2.5,"SANTA BARBARA MUNICIPAL AIRPORT, CA US",0,250,133,20,76,62,90
USW00023190,2023-09-21,34.4241,-119.84249,2.5,"SANTA BARBARA MUNICIPAL AIRPORT, CA US",0,228,128,19,69,57,81
USW00023190,2023-09-22,34.4241,-119.84249,2.5,"SANTA BARBARA MUNICIPAL AIRPORT, CA US",0,233,117,17,71,57,87
USW00023190,2023-09-23,34.4241,-119.84249,2.5,"SANTA BARBARA MUNICIPAL AIRPORT, CA US",0,233,117,17,72,57,87
USW00023190,2023-09-24,34.4241,-119.84249,2.5,"SANTA BARBARA MUNICIPAL AIRPORT, CA US",0,228,128,24,77,63,90
USW00023190,2023-09-25,34.4241,-119.84249,2.5,"SANTA BARBARA MUNICIPAL AIRPORT, CA US",0,244,106,17,74,50,93
USW00023190,2023-09-26,34.4241,-119.84249,2.5,"SANTA BARBARA MUNICIPAL AIRPORT, CA US",0,261,111,15,72,42,90
USW00023190,2023-09-27,34.4241,-119.84249,2.5,"SANTA BARBARA MUNICIPAL AIRPORT, CA US",0,256,122,16,79,64,87
USW00023190,2023-09-28,34.4241,-119.84249,2.5,"SANTA BARBARA MUNICIPAL AIRPORT, CA US",0,233,122,20,77,64,90
USW00023190,2023-09-29,34.4241,-119.84249,2.5,"SANTA BARBARA MUNICIPAL AIRPORT, CA US",0,217,150,16,74,57,90
USW00023190,2023-09-30,34.4241,-119.84249,2.5,"SANTA BARBARA MUNICIPAL AIRPORT, CA US",0,244,128,35,54,38,75
USW00023190,2023-10-01,34.4241,-119.84249,2.5,"SANTA BARBARA MUNICIPAL AIRPORT, CA US",0,217,100,19,56,37,67
USW00023190,2023-10-02,34.4241,-119.84249,2.5,"SANTA BARBARA MUNICIPAL AIRPORT, CA US",0,217,106,17,63,47,75
USW00023190,2023-10-03,34.4241,-119.84249,2.5,"SANTA BARBARA MUNICIPAL AIRPORT, CA US",0,250,100,14,62,33,77
USW00023190,2023-10-04,34.4241,-119.84249,2.5,"SANTA BARBARA MUNICIPAL AIRPORT, CA US",0,294,111,19,58,31,75
USW00023190,2023-10-05,34.4241,-119.84249,2.5,"SANTA BARBARA MUNICIPAL AIRPORT, CA US",0,322,122,18,55,22,76
USW00023190,2023-10-06,34.4241,-119.84249,2.5,"SANTA BARBARA MUNICIPAL AIRPORT, CA US",0,350,128,19,56,19,81
USW00023190,2023-10-07,34.4241,-119.84249,2.5,"SANTA BARBARA MUNICIPAL AIRPORT, CA US",0,283,128,20,62,36,78
USW00023190,2023-10-08,34.4241,-119.84249,2.5,"SANTA BARBARA MUNICIPAL AIRPORT, CA US",0,217,161,29,73,63,78
USW00023190,2023-10-09,34.4241,-119.84249,2.5,"SANTA BARBARA MUNICIPAL AIRPORT, CA US",0,233,139,17,70,52,81
USW00023190,2023-10-10,34.4241,-119.84249,2.5,"SANTA BARBARA MUNICIPAL AIRPORT, CA US",0,233,128,24,67,52,78
USW00023190,2023-10-11,34.4241,-119.84249,2.5,"SANTA BARBARA MUNICIPAL AIRPORT, CA US",0,289,144,34,39,17,60
USW00023190,2023-10-12,34.4241,-119.84249,2.5,"SANTA BARBARA MUNICIPAL AIRPORT, CA US",0,256,100,19,46,26,60
USW00023190,2023-10-13,34.4241,-119.84249,2.5,"SANTA BARBARA MUNICIPAL AIRPORT, CA US",0,233,111,16,64,51,75
USW00023190,2023-10-14,34.4241,-119.84249,2.5,"SANTA BARBARA MUNICIPAL AIRPORT, CA US",0,233,106,11,70,51,81
USW00023190,2023-10-15,34.4241,-119.84249,2.5,"SANTA BARBARA MUNICIPAL AIRPORT, CA US",0,267,111,15,63,34,81
USW00023190,2023-10-16,34.4241,-119.84249,2.5,"SANTA BARBARA MUNICIPAL AIRPORT, CA US",0,267,106,12,67,36,81
USW00023190,2023-10-17,34.4241,-119.84249,2.5,"SANTA BARBARA MUNICIPAL AIRPORT, CA US",0,200,117,15,80,63,87
USW00023190,2023-10-18,34.4241,-119.84249,2.5,"SANTA BARBARA MUNICIPAL AIRPORT, CA US",0,206,139,19,85,73,90
USW00023190,2023-10-19,34.4241,-119.84249,2.5,"SANTA BARBARA MUNICIPAL AIRPORT, CA US",0,217,156,20,81,63,90
USW00023190,2023-10-20,34.4241,-119.84249,2.5,"SANTA BARBARA MUNICIPAL AIRPORT, CA US",0,222,133,13,78,65,90
USW00023190,2023-10-21,34.4241,-119.84249,2.5,"SANTA BARBARA MUNICIPAL AIRPORT, CA US",0,261,122,14,69,38,84
USW00023190,2023-10-22,34.4241,-119.84249,2.5,"SANTA BARBARA MUNICIPAL AIRPORT, CA US",0,294,106,39,63,32,83
USW00023190,2023-10-23,34.4241,-119.84249,2.5,"SANTA BARBARA MUNICIPAL AIRPORT, CA US",0,239,128,26,65,41,78
USW00023190,2023-10-24,34.4241,-119.84249,2.5,"SANTA BARBARA MUNICIPAL AIRPORT, CA US",0,228,117,22,74,61,84
USW00023190,2023-10-25,34.4241,-119.84249,2.5,"SANTA BARBARA MUNICIPAL AIRPORT, CA US",0,222,122,23,71,57,84
USW00023190,2023-10-26,34.4241,-119.84249,2.5,"SANTA BARBARA MUNICIPAL AIRPORT, CA US",0,222,106,19,69,49,83
USW00023190,2023-10-27,34.4241,-119.84249,2.5,"SANTA BARBARA MUNICIPAL AIRPORT, CA US",0,206,89,14,64,47,80
USW00023190,2023-10-28,34.4241,-119.84249,2.5,"SANTA BARBARA MUNICIPAL AIRPORT, CA US",0,272,89,37,40,15,71
USW00023190,2023-10-29,34.4241,-119.84249,2.5,"SANTA BARBARA MUNICIPAL AIRPORT, CA US",0,244,61,15,44,15,68
USW00023190,2023-10-30,34.4241,-119.84249,2.5,"SANTA BARBARA MUNICIPAL AIRPORT, CA US",0,239,39,16,52,19,77
USW00023190,2023-10-31,34.4241,-119.84249,2.5,"SANTA BARBARA MUNICIPAL AIRPORT, CA US",0,289,39,15,42,11,86
USW00023190,2023-11-01,34.4241,-119.84249,2.5,"SANTA BARBARA MUNICIPAL AIRPORT, CA US",0,294,61,11,46,13,69
USW00023190,2023-11-02,34.4241,-119.84249,2.5,"SANTA BARBARA MUNICIPAL AIRPORT, CA US",0,267,72,13,52,24,77
USW00023190,2023-11-03,34.4241,-119.84249,2.5,"SANTA BARBARA MUNICIPAL AIRPORT, CA US",0,244,61,13,72,31,100
USW00023190,2023-11-04,34.4241,-119.84249,2.5,"SANTA BARBARA MUNICIPAL AIRPORT, CA US",0,222,78,14,85,46,100
USW00023190,2023-11-05,34.4241,-119.84249,2.5,"SANTA BARBARA MUNICIPAL AIRPORT, CA US",0,228,94,12,79,61,100
USW00023190,2023-11-06,34.4241,-119.84249,2.5,"SANTA BARBARA MUNICIPAL AIRPORT, CA US",0,233,89,17,80,66,100
USW00023190,2023-11-07,34.4241,-119.84249,2.5,"SANTA BARBARA MUNICIPAL AIRPORT, CA US",0,261,128,34,53,29,81
USW00023190,2023-11-08,34.4241,-119.84249,2.5,"SANTA BARBARA MUNICIPAL AIRPORT, CA US",0,233,78,25,52,28,83
USW00023190,2023-11-09,34.4241,-119.84249,2.5,"SANTA BARBARA MUNICIPAL AIRPORT, CA US",0,244,39,13,51,20,74
USW00023190,2023-11-10,34.4241,-119.84249,2.5,"SANTA BARBARA MUNICIPAL AIRPORT, CA US",0,222,44,9,54,24,75
USW00023190,2023-11-11,34.4241,-119.84249,2.5,"SANTA BARBARA MUNICIPAL AIRPORT, CA US",0,261,44,10,51,21,71
USW00023190,2023-11-12,34.4241,-119.84249,2.5,"SANTA BARBARA MUNICIPAL AIRPORT, CA US",0,283,44,11,42,20,65
USW00023190,2023-11-13,34.4241,-119.84249,2.5,"SANTA BARBARA MUNICIPAL AIRPORT, CA US",0,217,67,16,67,52,87
USW00023190,2023-11-14,34.4241,-119.84249,2.5,"SANTA BARBARA MUNICIPAL AIRPORT, CA US",0,228,61,9,62,26,90
USW00023190,2023-11-15,34.4241,-119.84249,2.5,"SANTA BARBARA MUNICIPAL AIRPORT, CA US",15,206,72,47,66,37,84
USW00023190,2023-11-16,34.4241,-119.84249,2.5,"SANTA BARBARA MUNICIPAL AIRPORT, CA US",5,217,133,28,81,71,93
USW00023190,2023-11-17,34.4241,-119.84249,2.5,"SANTA BARBARA MUNICIPAL AIRPORT, CA US",3,211,111,29,86,73,97
USW00023190,2023-11-18,34.4241,-119.84249,2.5,"SANTA BARBARA MUNICIPAL AIRPORT, CA US",41,200,128,33,88,78,97
USW00023190,2023-11-19,34.4241,-119.84249,2.5,"SANTA BARBARA MUNICIPAL AIRPORT, CA US",0,261,106,37,43,14,90
USW00023190,2023-11-20,34.4241,-119.84249,2.5,"SANTA BARBARA MUNICIPAL AIRPORT, CA US",0,217,56,15,58,34,77
USW00023190,2023-11-21,34.4241,-119.84249,2.5,"SANTA BARBARA MUNICIPAL AIRPORT, CA US",0,250,39,16,49,20,80
USW00023190,2023-11-22,34.4241,-119.84249,2.5,"SANTA BARBARA MUNICIPAL AIRPORT, CA US",0,250,67,13,54,19,77
USW00023190,2023-11-23,34.4241,-119.84249,2.5,"SANTA BARBARA MUNICIPAL AIRPORT, CA US",0,222,89,21,67,55,80
USW00023190,2023-11-24,34.4241,-119.84249,2.5,"SANTA BARBARA MUNICIPAL AIRPORT, CA US",0,206,83,17,75,51,93
USW00023190,2023-11-25,34.4241,-119.84249,2.5,"SANTA BARBARA MUNICIPAL AIRPORT, CA US",0,206,67,9,63,30,93
USW00023190,2023-11-26,34.4241,-119.84249,2.5,"SANTA BARBARA MUNICIPAL AIRPORT, CA US",0,211,56,8,50,17,76
USW00023190,2023-11-27,34.4241,-119.84249,2.5,"SANTA BARBARA MUNICIPAL AIRPORT, CA US",0,222,44,10,49,21,70
USW00023190,2023-11-28,34.4241,-119.84249,2.5,"SANTA BARBARA MUNICIPAL AIRPORT, CA US",0,211,50,13,54,27,74
USW00023190,2023-11-29,34.4241,-119.84249,2.5,"SANTA BARBARA MUNICIPAL AIRPORT, CA US",0,194,67,20,79,63,97
USW00023190,2023-11-30,34.4241,-119.84249,2.5,"SANTA BARBARA MUNICIPAL AIRPORT, CA US",0,222,72,21,68,38,96
USW00023190,2023-12-01,34.4241,-119.84249,2.5,"SANTA BARBARA MUNICIPAL AIRPORT, CA US",0,233,89,40,41,22,69
USW00023190,2023-12-02,34.4241,-119.84249,2.5,"SANTA BARBARA MUNICIPAL AIRPORT, CA US",0,194,44,12,64,33,89
USW00023190,2023-12-03,34.4241,-119.84249,2.5,"SANTA BARBARA MUNICIPAL AIRPORT, CA US",0,189,50,9,78,43,90
USW00023190,2023-12-04,34.4241,-119.84249,2.5,"SANTA BARBARA MUNICIPAL AIRPORT, CA US",0,222,67,11,69,35,93
USW00023190,2023-12-05,34.4241,-119.84249,2.5,"SANTA BARBARA MUNICIPAL AIRPORT, CA US",0,261,61,14,50,24,86
USW00023190,2023-12-06,34.4241,-119.84249,2.5,"SANTA BARBARA MUNICIPAL AIRPORT, CA US",0,222,67,17,66,49,86
USW00023190,2023-12-07,34.4241,-119.84249,2.5,"SANTA BARBARA MUNICIPAL AIRPORT, CA US",0,244,94,33,47,20,72
USW00023190,2023-12-08,34.4241,-119.84249,2.5,"SANTA BARBARA MUNICIPAL AIRPORT, CA US",0,200,67,17,52,31,65
USW00023190,2023-12-09,34.4241,-119.84249,2.5,"SANTA BARBARA MUNICIPAL AIRPORT, CA US",0,211,44,10,50,27,70
USW00023190,2023-12-10,34.4241,-119.84249,2.5,"SANTA BARBARA MUNICIPAL AIRPORT, CA US",0,222,39,8,45,14,65
USW00023190,2023-12-11,34.4241,-119.84249,2.5,"SANTA BARBARA MUNICIPAL AIRPORT, CA US",0,206,44,9,62,39,83
USW00023190,2023-12-12,34.4241,-119.84249,2.5,"SANTA BARBARA MUNICIPAL AIRPORT, CA US",0,189,44,8,76,53,93
USW00023190,2023-12-13,34.4241,-119.84249,2.5,"SANTA BARBARA MUNICIPAL AIRPORT, CA US",0,200,50,13,78,45,90
USW00023190,2023-12-14,34.4241,-119.84249,2.5,"SANTA BARBARA MUNICIPAL AIRPORT, CA US",0,222,39,9,77,31,97
USW00023190,2023-12-15,34.4241,-119.84249,2.5,"SANTA BARBARA MUNICIPAL AIRPORT, CA US",0,250,39,5,71,31,100
USW00023190,2023-12-16,34.4241,-119.84249,2.5,"SANTA BARBARA MUNICIPAL AIRPORT, CA US",0,250,44,16,58,25,80
USW00023190,2023-12-17,34.4241,-119.84249,2.5,"SANTA BARBARA MUNICIPAL AIRPORT, CA US",0,256,83,9,64,31,87
USW00023190,2023-12-18,34.4241,-119.84249,2.5,"SANTA BARBARA MUNICIPAL AIRPORT, CA US",38,217,133,17,80,50,100
USW00023190,2023-12-19,34.4241,-119.84249,2.5,"SANTA BARBARA MUNICIPAL AIRPORT, CA US",89,172,156,34,81,46,96
USW00023190,2023-12-20,34.4241,-119.84249,2.5,"SANTA BARBARA MUNICIPAL AIRPORT, CA US",290,172,144,55,91,87,97
USW00023190,2023-12-21,34.4241,-119.84249,2.5,"SANTA BARBARA MUNICIPAL AIRPORT, CA US",660,172,144,41,89,73,97
USW00023190,2023-12-22,34.4241,-119.84249,2.5,"SANTA BARBARA MUNICIPAL AIRPORT, CA US",58,200,122,18,82,63,93
USW00023190,2023-12-23,34.4241,-119.84249,2.5,"SANTA BARBARA MUNICIPAL AIRPORT, CA US",0,189,94,22,81,68,92
USW00023190,2023-12-24,34.4241,-119.84249,2.5,"SANTA BARBARA MUNICIPAL AIRPORT, CA US",0,183,89,11,82,63,93
USW00023190,2023-12-25,34.4241,-119.84249,2.5,"SANTA BARBARA MUNICIPAL AIRPORT, CA US",0,194,72,9,83,61,93
USW00023190,2023-12-26,34.4241,-119.84249,2.5,"SANTA BARBARA MUNICIPAL AIRPORT, CA US",0,189,83,8,86,68,97
USW00023190,2023-12-27,34.4241,-119.84249,2.5,"SANTA BARBARA MUNICIPAL AIRPORT, CA US",0,178,94,14,83,60,96
USW00023190,2023-12-28,34.4241,-119.84249,2.5,"SANTA BARBARA MUNICIPAL AIRPORT, CA US",0,189,78,17,86,68,97
USW00023190,2023-12-29,34.4241,-119.84249,2.5,"SANTA BARBARA MUNICIPAL AIRPORT, CA US",0,178,111,25,86,75,97
USW00023190,2023-12-30,34.4241,-119.84249,2.5,"SANTA BARBARA MUNICIPAL AIRPORT, CA US",147,189,117,32,79,63,93
USW00023190,2023-12-31,34.4241,-119.84249,2.5,"SANTA BARBARA MUNICIPAL AIRPORT, CA US",3,178,89,22,80,67,93
USW00023190,2024-01-01,34.4241,-119.84249,2.5,"SANTA BARBARA MUNICIPAL AIRPORT, CA US",0,189,67,10,81,56,97
USW00023190,2024-01-02,34.4241,-119.84249,2.5,"SANTA BARBARA MUNICIPAL AIRPORT, CA US",0,189,61,15,83,63,93
USW00023190,2024-01-03,34.4241,-119.84249,2.5,"SANTA BARBARA MUNICIPAL AIRPORT, CA US",94,183,94,49,62,43,97
USW00023190,2024-01-04,34.4241,-119.84249,2.5,"SANTA BARBARA MUNICIPAL AIRPORT, CA US",0,200,100,44,41,22,55
USW00023190,2024-01-05,34.4241,-119.84249,2.5,"SANTA BARBARA MUNICIPAL AIRPORT, CA US",0,206,61,18,61,34,89
USW00023190,2024-01-06,34.4241,-119.84249,2.5,"SANTA BARBARA MUNICIPAL AIRPORT, CA US",0,189,39,15,70,49,87
USW00023190,2024-01-07,34.4241,-119.84249,2.5,"SANTA BARBARA MUNICIPAL AIRPORT, CA US",0,172,67,49,44,30,62
USW00023190,2024-01-08,34.4241,-119.84249,2.5,"SANTA BARBARA MUNICIPAL AIRPORT, CA US",0,161,28,15,53,28,79
USW00023190,2024-01-09,34.4241,-119.84249,2.5,"SANTA BARBARA MUNICIPAL AIRPORT, CA US",0,167,17,13,66,46,82
USW00023190,2024-01-10,34.4241,-119.84249,2.5,"SANTA BARBARA MUNICIPAL AIRPORT, CA US",0,200,78,43,61,33,86
USW00023190,2024-01-11,34.4241,-119.84249,2.5,"SANTA BARBARA MUNICIPAL AIRPORT, CA US",0,172,39,38,47,25,79
USW00023190,2024-01-12,34.4241,-119.84249,2.5,"SANTA BARBARA MUNICIPAL AIRPORT, CA US",0,167,17,10,61,44,79
USW00023190,2024-01-13,34.4241,-119.84249,2.5,"SANTA BARBARA MUNICIPAL AIRPORT, CA US",0,161,33,13,77,50,96
USW00023190,2024-01-14,34.4241,-119.84249,2.5,"SANTA BARBARA MUNICIPAL AIRPORT, CA US",0,172,39,18,81,62,93
USW00023190,2024-01-15,34.4241,-119.84249,2.5,"SANTA BARBARA MUNICIPAL AIRPORT, CA US",0,167,56,12,87,73,96
USW00023190,2024-01-16,34.4241,-119.84249,2.5,"SANTA BARBARA MUNICIPAL AIRPORT, CA US",0,172,72,11,92,78,100
USW00023190,2024-01-17,34.4241,-119.84249,2.5,"SANTA BARBARA MUNICIPAL AIRPORT, CA US",0,167,89,13,90,80,100
USW00023190,2024-01-18,34.4241,-119.84249,2.5,"SANTA BARBARA MUNICIPAL AIRPORT, CA US",0,178,111,12,84,68,93
USW00023190,2024-01-19,34.4241,-119.84249,2.5,"SANTA BARBARA MUNICIPAL AIRPORT, CA US",0,189,106,26,80,65,96
USW00023190,2024-01-20,34.4241,-119.84249,2.5,"SANTA BARBARA MUNICIPAL AIRPORT, CA US",231,167,133,22,90,78,97
USW00023190,2024-01-21,34.4241,-119.84249,2.5,"SANTA BARBARA MUNICIPAL AIRPORT, CA US",3,183,133,26,86,73,97
USW00023190,2024-01-22,34.4241,-119.84249,2.5,"SANTA BARBARA MUNICIPAL AIRPORT, CA US",394,172,117,26,90,78,97
USW00023190,2024-01-23,34.4241,-119.84249,2.5,"SANTA BARBARA MUNICIPAL AIRPORT, CA US",0,233,106,36,67,41,87
USW00023190,2024-01-24,34.4241,-119.84249,2.5,"SANTA BARBARA MUNICIPAL AIRPORT, CA US",0,167,89,11,83,72,93
USW00023190,2024-01-25,34.4241,-119.84249,2.5,"SANTA BARBARA MUNICIPAL AIRPORT, CA US",0,178,100,17,82,33,96
USW00023190,2024-01-26,34.4241,-119.84249,2.5,"SANTA BARBARA MUNICIPAL AIRPORT, CA US",0,211,72,14,66,38,89
USW00023190,2024-01-27,34.4241,-119.84249,2.5,"SANTA BARBARA MUNICIPAL AIRPORT, CA US",0,239,78,10,61,25,90
USW00023190,2024-01-28,34.4241,-119.84249,2.5,"SANTA BARBARA MUNICIPAL AIRPORT, CA US",0,272,94,6,64,26,89
USW00023190,2024-01-29,34.4241,-119.84249,2.5,"SANTA BARBARA MUNICIPAL AIRPORT, CA US",0,239,78,12,66,31,89
USW00023190,2024-01-30,34.4241,-119.84249,2.5,"SANTA BARBARA MUNICIPAL AIRPORT, CA US",0,194,67,11,85,70,93
USW00023190,2024-01-31,34.4241,-119.84249,2.5,"SANTA BARBARA MUNICIPAL AIRPORT, CA US",112,178,83,36,86,75,97
USW00023190,2024-02-01,34.4241,-119.84249,2.5,"SANTA BARBARA MUNICIPAL AIRPORT, CA US",744,167,94,39,89,78,97
USW00023190,2024-02-02,34.4241,-119.84249,2.5,"SANTA BARBARA MUNICIPAL AIRPORT, CA US",3,183,89,36,65,49,100
USW00023190,2024-02-03,34.4241,-119.84249,2.5,"SANTA BARBARA MUNICIPAL AIRPORT, CA US",13,156,67,27,71,53,87
USW00023190,2024-02-04,34.4241,-119.84249,2.5,"SANTA BARBARA MUNICIPAL AIRPORT, CA US",607,156,122,81,86,64,97
USW00023190,2024-02-05,34.4241,-119.84249,2.5,"SANTA BARBARA MUNICIPAL AIRPORT, CA US",282,161,100,31,93,86,100
USW00023190,2024-02-06,34.4241,-119.84249,2.5,"SANTA BARBARA MUNICIPAL AIRPORT, CA US",46,156,89,19,83,67,96
USW00023190,2024-02-07,34.4241,-119.84249,2.5,"SANTA BARBARA MUNICIPAL AIRPORT, CA US",71,167,78,34,76,56,90
USW00023190,2024-02-08,34.4241,-119.84249,2.5,"SANTA BARBARA MUNICIPAL AIRPORT, CA US",0,167,67,44,66,47,85
USW00023190,2024-02-09,34.4241,-119.84249,2.5,"SANTA BARBARA MUNICIPAL AIRPORT, CA US",0,183,44,19,61,38,92
USW00023190,2024-02-10,34.4241,-119.84249,2.5,"SANTA BARBARA MUNICIPAL AIRPORT, CA US",0,172,44,16,61,37,86
USW00023190,2024-02-11,34.4241,-119.84249,2.5,"SANTA BARBARA MUNICIPAL AIRPORT, CA US",0,172,44,12,69,44,89
USW00023190,2024-02-12,34.4241,-119.84249,2.5,"SANTA BARBARA MUNICIPAL AIRPORT, CA US",0,178,50,12,73,41,89
USW00023190,2024-02-13,34.4241,-119.84249,2.5,"SANTA BARBARA MUNICIPAL AIRPORT, CA US",0,172,56,17,81,60,93
USW00023190,2024-02-14,34.4241,-119.84249,2.5,"SANTA BARBARA MUNICIPAL AIRPORT, CA US",0,172,72,18,82,67,93
USW00023190,2024-02-15,34.4241,-119.84249,2.5,"SANTA BARBARA MUNICIPAL AIRPORT, CA US",0,183,83,18,86,70,97
USW00023190,2024-02-16,34.4241,-119.84249,2.5,"SANTA BARBARA MUNICIPAL AIRPORT, CA US",0,178,111,23,85,70,96
USW00023190,2024-02-17,34.4241,-119.84249,2.5,"SANTA BARBARA MUNICIPAL AIRPORT, CA US",51,183,100,18,85,58,97
USW00023190,2024-02-18,34.4241,-119.84249,2.5,"SANTA BARBARA MUNICIPAL AIRPORT, CA US",564,167,117,44,91,80,97
USW00023190,2024-02-19,34.4241,-119.84249,2.5,"SANTA BARBARA MUNICIPAL AIRPORT, CA US",343,167,150,38,95,90,97
USW00023190,2024-02-20,34.4241,-119.84249,2.5,"SANTA BARBARA MUNICIPAL AIRPORT, CA US",33,172,139,23,91,84,97
USW00023190,2024-02-21,34.4241,-119.84249,2.5,"SANTA BARBARA MUNICIPAL AIRPORT, CA US",41,206,111,22,80,61,97
USW00023190,2024-02-22,34.4241,-119.84249,2.5,"SANTA BARBARA MUNICIPAL AIRPORT, CA US",0,183,89,17,83,70,93
USW00023190,2024-02-23,34.4241,-119.84249,2.5,"SANTA BARBARA MUNICIPAL AIRPORT, CA US",0,233,89,9,70,29,93
USW00023190,2024-02-24,34.4241,-119.84249,2.5,"SANTA BARBARA MUNICIPAL AIRPORT, CA US",0,211,94,15,77,45,93
USW00023190,2024-02-25,34.4241,-119.84249,2.5,"SANTA BARBARA MUNICIPAL AIRPORT, CA US",0,194,106,19,85,61,100
USW00023190,2024-02-26,34.4241,-119.84249,2.5,"SANTA BARBARA MUNICIPAL AIRPORT, CA US",0,178,100,14,83,63,96
USW00023190,2024-02-27,34.4241,-119.84249,2.5,"SANTA BARBARA MUNICIPAL AIRPORT, CA US",0,178,89,17,85,70,97
USW00023190,2024-02-28,34.4241,-119.84249,2.5,"SANTA BARBARA MUNICIPAL AIRPORT, CA US",0,194,83,16,84,66,97
USW00023190,2024-02-29,34.4241,-119.84249,2.5,"SANTA BARBARA MUNICIPAL AIRPORT, CA US",0,172,100,21,78,65,93
USW00023190,2024-03-01,34.4241,-119.84249,2.5,"SANTA BARBARA MUNICIPAL AIRPORT, CA US",76,156,117,29,92,87,97
USW00023190,2024-03-02,34.4241,-119.84249,2.5,"SANTA BARBARA MUNICIPAL AIRPORT, CA US",94,178,111,36,84,60,93
USW00023190,2024-03-03,34.4241,-119.84249,2.5,"SANTA BARBARA MUNICIPAL AIRPORT, CA US",66,189,100,39,71,47,97
USW00023190,2024-03-04,34.4241,-119.84249,2.5,"SANTA BARBARA MUNICIPAL AIRPORT, CA US",0,194,83,23,69,47,89
USW00023190,2024-03-05,34.4241,-119.84249,2.5,"SANTA BARBARA MUNICIPAL AIRPORT, CA US",0,178,72,22,80,60,93
USW00023190,2024-03-06,34.4241,-119.84249,2.5,"SANTA BARBARA MUNICIPAL AIRPORT, CA US",142,156,78,28,89,77,97
USW00023190,2024-03-07,34.4241,-119.84249,2.5,"SANTA BARBARA MUNICIPAL AIRPORT, CA US",0,200,78,46,68,55,96
USW00023190,2024-03-08,34.4241,-119.84249,2.5,"SANTA BARBARA MUNICIPAL AIRPORT, CA US",0,194,72,18,76,52,93
USW00023190,2024-03-09,34.4241,-119.84249,2.5,"SANTA BARBARA MUNICIPAL AIRPORT, CA US",0,206,78,14,83,59,93
USW00023190,2024-03-10,34.4241,-119.84249,2.5,"SANTA BARBARA MUNICIPAL AIRPORT, CA US",0,183,83,17,80,68,96
USW00023190,2024-03-11,34.4241,-119.84249,2.5,"SANTA BARBARA MUNICIPAL AIRPORT, CA US",0,178,94,29,76,63,89
USW00023190,2024-03-12,34.4241,-119.84249,2.5,"SANTA BARBARA MUNICIPAL AIRPORT, CA US",0,222,89,34,72,54,87
USW00023190,2024-03-13,34.4241,-119.84249,2.5,"SANTA BARBARA MUNICIPAL AIRPORT, CA US",0,244,89,31,58,29,90
USW00023190,2024-03-14,34.4241,-119.84249,2.5,"SANTA BARBARA MUNICIPAL AIRPORT, CA US",0,194,83,32,49,32,80
USW00023190,2024-03-15,34.4241,-119.84249,2.5,"SANTA BARBARA MUNICIPAL AIRPORT, CA US",0,200,56,24,71,37,96
USW00023190,2024-03-16,34.4241,-119.84249,2.5,"SANTA BARBARA MUNICIPAL AIRPORT, CA US",0,178,61,22,83,65,97
USW00023190,2024-03-17,34.4241,-119.84249,2.5,"SANTA BARBARA MUNICIPAL AIRPORT, CA US",0,189,83,18,81,65,97
USW00023190,2024-03-18,34.4241,-119.84249,2.5,"SANTA BARBARA MUNICIPAL AIRPORT, CA US",0,222,89,19,80,47,93
USW00023190,2024-03-19,34.4241,-119.84249,2.5,"SANTA BARBARA MUNICIPAL AIRPORT, CA US",0,178,100,15,92,78,100
USW00023190,2024-03-20,34.4241,-119.84249,2.5,"SANTA BARBARA MUNICIPAL AIRPORT, CA US",0,172,122,17,92,80,100
USW00023190,2024-03-21,34.4241,-119.84249,2.5,"SANTA BARBARA MUNICIPAL AIRPORT, CA US",0,183,106,22,87,75,97
USW00023190,2024-03-22,34.4241,-119.84249,2.5,"SANTA BARBARA MUNICIPAL AIRPORT, CA US",5,178,94,19,85,76,96
USW00023190,2024-03-23,34.4241,-119.84249,2.5,"SANTA BARBARA MUNICIPAL AIRPORT, CA US",163,194,100,47,71,47,97
USW00023190,2024-03-24,34.4241,-119.84249,2.5,"SANTA BARBARA MUNICIPAL AIRPORT, CA US",3,189,94,55,67,52,80
USW00023190,2024-03-25,34.4241,-119.84249,2.5,"SANTA BARBARA MUNICIPAL AIRPORT, CA US",0,183,94,48,67,56,80
USW00023190,2024-03-26,34.4241,-119.84249,2.5,"SANTA BARBARA MUNICIPAL AIRPORT, CA US",0,183,72,21,75,60,89
USW00023190,2024-03-27,34.4241,-119.84249,2.5,"SANTA BARBARA MUNICIPAL AIRPORT, CA US",0,178,78,20,86,72,100
USW00023190,2024-03-28,34.4241,-119.84249,2.5,"SANTA BARBARA MUNICIPAL AIRPORT, CA US",0,178,78,27,77,50,97
USW00023190,2024-03-29,34.4241,-119.84249,2.5,"SANTA BARBARA MUNICIPAL AIRPORT, CA US",190,156,61,34,86,60,100
USW00023190,2024-03-30,34.4241,-119.84249,2.5,"SANTA BARBARA MUNICIPAL AIRPORT, CA US",292,150,94,39,89,77,100
USW00023190,2024-03-31,34.4241,-119.84249,2.5,"SANTA BARBARA MUNICIPAL AIRPORT, CA US",99,161,100,25,84,67,96
USW00023190,2024-04-01,34.4241,-119.84249,2.5,"SANTA BARBARA MUNICIPAL AIRPORT, CA US",0,189,72,23,77,54,100
USW00023190,2024-04-02,34.4241,-119.84249,2.5,"SANTA BARBARA MUNICIPAL AIRPORT, CA US",0,206,83,22,77,55,96
USW00023190,2024-04-03,34.4241,-119.84249,2.5,"SANTA BARBARA MUNICIPAL AIRPORT, CA US",0,189,89,26,86,70,96
USW00023190,2024-04-04,34.4241,-119.84249,2.5,"SANTA BARBARA MUNICIPAL AIRPORT, CA US",13,167,61,34,76,55,96
USW00023190,2024-04-05,34.4241,-119.84249,2.5,"SANTA BARBARA MUNICIPAL AIRPORT, CA US",58,144,67,37,71,53,96
USW00023190,2024-04-06,34.4241,-119.84249,2.5,"SANTA BARBARA MUNICIPAL AIRPORT, CA US",0,161,56,23,65,39,93
USW00023190,2024-04-07,34.4241,-119.84249,2.5,"SANTA BARBARA MUNICIPAL AIRPORT, CA US",0,194,56,19,66,44,92
USW00023190,2024-04-08,34.4241,-119.84249,2.5,"SANTA BARBARA MUNICIPAL AIRPORT, CA US",0,233,100,40,46,37,71
USW00023190,2024-04-09,34.4241,-119.84249,2.5,"SANTA BARBARA MUNICIPAL AIRPORT, CA US",0,228,67,17,64,27,87
USW00023190,2024-04-10,34.4241,-119.84249,2.5,"SANTA BARBARA MUNICIPAL AIRPORT, CA US",0,217,89,15,73,44,100
USW00023190,2024-04-11,34.4241,-119.84249,2.5,"SANTA BARBARA MUNICIPAL AIRPORT, CA US",0,161,111,20,96,83,100
USW00023190,2024-04-12,34.4241,-119.84249,2.5,"SANTA BARBARA MUNICIPAL AIRPORT, CA US",0,156,111,43,89,78,100
USW00023190,2024-04-13,34.4241,-119.84249,2.5,"SANTA BARBARA MUNICIPAL AIRPORT, CA US",99,150,72,47,84,64,97
USW00023190,2024-04-14,34.4241,-119.84249,2.5,"SANTA BARBARA MUNICIPAL AIRPORT, CA US",89,161,89,30,88,75,97
USW00023190,2024-04-15,34.4241,-119.84249,2.5,"SANTA BARBARA MUNICIPAL AIRPORT, CA US",0,183,78,21,82,65,96
USW00023190,2024-04-16,34.4241,-119.84249,2.5,"SANTA BARBARA MUNICIPAL AIRPORT, CA US",0,206,78,23,79,53,97
USW00023190,2024-04-17,34.4241,-119.84249,2.5,"SANTA BARBARA MUNICIPAL AIRPORT, CA US",0,167,94,22,94,81,100
USW00023190,2024-04-18,34.4241,-119.84249,2.5,"SANTA BARBARA MUNICIPAL AIRPORT, CA US",0,161,117,22,93,84,100
USW00023190,2024-04-19,34.4241,-119.84249,2.5,"SANTA BARBARA MUNICIPAL AIRPORT, CA US",0,144,122,21,88,83,100
USW00023190,2024-04-20,34.4241,-119.84249,2.5,"SANTA BARBARA MUNICIPAL AIRPORT, CA US",0,156,133,19,89,83,93
USW00023190,2024-04-21,34.4241,-119.84249,2.5,"SANTA BARBARA MUNICIPAL AIRPORT, CA US",0,172,122,27,96,84,100
USW00023190,2024-04-22,34.4241,-119.84249,2.5,"SANTA BARBARA MUNICIPAL AIRPORT, CA US",0,156,128,22,94,87,100
USW00023190,2024-04-23,34.4241,-119.84249,2.5,"SANTA BARBARA MUNICIPAL AIRPORT, CA US",0,178,94,20,82,62,100
USW00023190,2024-04-24,34.4241,-119.84249,2.5,"SANTA BARBARA MUNICIPAL AIRPORT, CA US",0,189,78,32,79,63,93
USW00023190,2024-04-25,34.4241,-119.84249,2.5,"SANTA BARBARA MUNICIPAL AIRPORT, CA US",0,178,78,20,75,62,97
USW00023190,2024-04-26,34.4241,-119.84249,2.5,"SANTA BARBARA MUNICIPAL AIRPORT, CA US",0,233,111,56,64,46,80
USW00023190,2024-04-27,34.4241,-119.84249,2.5,"SANTA BARBARA MUNICIPAL AIRPORT, CA US",0,228,100,32,70,55,92
USW00023190,2024-04-28,34.4241,-119.84249,2.5,"SANTA BARBARA MUNICIPAL AIRPORT, CA US",0,178,94,22,87,78,97
USW00023190,2024-04-29,34.4241,-119.84249,2.5,"SANTA BARBARA MUNICIPAL AIRPORT, CA US",0,233,89,22,74,28,97
USW00023190,2024-04-30,34.4241,-119.84249,2.5,"SANTA BARBARA MUNICIPAL AIRPORT, CA US",0,211,100,24,85,59,97
USW00023190,2024-05-01,34.4241,-119.84249,2.5,"SANTA BARBARA MUNICIPAL AIRPORT, CA US",0,194,111,24,85,68,97
USW00023190,2024-05-02,34.4241,-119.84249,2.5,"SANTA BARBARA MUNICIPAL AIRPORT, CA US",0,189,100,21,86,68,97
USW00023190,2024-05-03,34.4241,-119.84249,2.5,"SANTA BARBARA MUNICIPAL AIRPORT, CA US",0,167,122,22,88,81,97
USW00023190,2024-05-04,34.4241,-119.84249,2.5,"SANTA BARBARA MUNICIPAL AIRPORT, CA US",23,178,100,23,93,70,100
USW00023190,2024-05-05,34.4241,-119.84249,2.5,"SANTA BARBARA MUNICIPAL AIRPORT, CA US",0,222,89,48,54,26,89
USW00023190,2024-05-06,34.4241,-119.84249,2.5,"SANTA BARBARA MUNICIPAL AIRPORT, CA US",0,194,72,21,69,45,96
USW00023190,2024-05-07,34.4241,-119.84249,2.5,"SANTA BARBARA MUNICIPAL AIRPORT, CA US",0,194,89,20,80,63,96
USW00023190,2024-05-08,34.4241,-119.84249,2.5,"SANTA BARBARA MUNICIPAL AIRPORT, CA US",0,189,83,19,83,68,97
USW00023190,2024-05-09,34.4241,-119.84249,2.5,"SANTA BARBARA MUNICIPAL AIRPORT, CA US",0,194,117,31,85,70,100
USW00023190,2024-05-10,34.4241,-119.84249,2.5,"SANTA BARBARA MUNICIPAL AIRPORT, CA US",0,161,117,24,94,84,100
USW00023190,2024-05-11,34.4241,-119.84249,2.5,"SANTA BARBARA MUNICIPAL AIRPORT, CA US",0,161,122,22,96,86,100
USW00023190,2024-05-12,34.4241,-119.84249,2.5,"SANTA BARBARA MUNICIPAL AIRPORT, CA US",0,161,122,26,95,84,100
USW00023190,2024-05-13,34.4241,-119.84249,2.5,"SANTA BARBARA MUNICIPAL AIRPORT, CA US",0,178,122,30,89,78,100
USW00023190,2024-05-14,34.4241,-119.84249,2.5,"SANTA BARBARA MUNICIPAL AIRPORT, CA US",0,156,128,22,90,83,100
USW00023190,2024-05-15,34.4241,-119.84249,2.5,"SANTA BARBARA MUNICIPAL AIRPORT, CA US",0,161,122,20,89,78,100
USW00023190,2024-05-16,34.4241,-119.84249,2.5,"SANTA BARBARA MUNICIPAL AIRPORT, CA US",0,183,122,29,85,73,93
USW00023190,2024-05-17,34.4241,-119.84249,2.5,"SANTA BARBARA MUNICIPAL AIRPORT, CA US",0,178,111,24,86,73,97
USW00023190,2024-05-18,34.4241,-119.84249,2.5,"SANTA BARBARA MUNICIPAL AIRPORT, CA US",0,172,128,26,87,78,96
USW00023190,2024-05-19,34.4241,-119.84249,2.5,"SANTA BARBARA MUNICIPAL AIRPORT, CA US",0,172,106,21,85,73,96
USW00023190,2024-05-20,34.4241,-119.84249,2.5,"SANTA BARBARA MUNICIPAL AIRPORT, CA US",0,183,83,27,84,65,100
USW00023190,2024-05-21,34.4241,-119.84249,2.5,"SANTA BARBARA MUNICIPAL AIRPORT, CA US",0,183,89,25,84,70,97
USW00023190,2024-05-22,34.4241,-119.84249,2.5,"SANTA BARBARA MUNICIPAL AIRPORT, CA US",0,150,128,18,91,87,96
USW00023190,2024-05-23,34.4241,-119.84249,2.5,"SANTA BARBARA MUNICIPAL AIRPORT, CA US",0,183,100,19,84,70,96
USW00023190,2024-05-24,34.4241,-119.84249,2.5,"SANTA BARBARA MUNICIPAL AIRPORT, CA US",0,200,78,25,75,54,100
USW00023190,2024-05-25,34.4241,-119.84249,2.5,"SANTA BARBARA MUNICIPAL AIRPORT, CA US",0,194,100,26,75,60,90
USW00023190,2024-05-26,34.4241,-119.84249,2.5,"SANTA BARBARA MUNICIPAL AIRPORT, CA US",0,178,100,21,86,70,97
USW00023190,2024-05-27,34.4241,-119.84249,2.5,"SANTA BARBARA MUNICIPAL AIRPORT, CA US",0,189,100,22,88,70,100
USW00023190,2024-05-28,34.4241,-119.84249,2.5,"SANTA BARBARA MUNICIPAL AIRPORT, CA US",0,178,133,27,88,75,97
USW00023190,2024-05-29,34.4241,-119.84249,2.5,"SANTA BARBARA MUNICIPAL AIRPORT, CA US",0,178,122,22,89,75,96
USW00023190,2024-05-30,34.4241,-119.84249,2.5,"SANTA BARBARA MUNICIPAL AIRPORT, CA US",0,172,106,22,93,84,100
USW00023190,2024-05-31,34.4241,-119.84249,2.5,"SANTA BARBARA MUNICIPAL AIRPORT, CA US",0,178,122,24,92,78,100
USW00023190,2024-06-01,34.4241,-119.84249,2.5,"SANTA BARBARA MUNICIPAL AIRPORT, CA US",0,178,111,17,90,73,100
USW00023190,2024-06-02,34.4241,-119.84249,2.5,"SANTA BARBARA MUNICIPAL AIRPORT, CA US",0,194,122,17,81,68,93
USW00023190,2024-06-03,34.4241,-119.84249,2.5,"SANTA BARBARA MUNICIPAL AIRPORT, CA US",0,194,111,20,86,68,100
USW00023190,2024-06-04,34.4241,-119.84249,2.5,"SANTA BARBARA MUNICIPAL AIRPORT, CA US",0,206,133,24,88,76,100
USW00023190,2024-06-05,34.4241,-119.84249,2.5,"SANTA BARBARA MUNICIPAL AIRPORT, CA US",0,200,144,20,95,78,100
USW00023190,2024-06-06,34.4241,-119.84249,2.5,"SANTA BARBARA MUNICIPAL AIRPORT, CA US",0,194,144,20,93,81,100
USW00023190,2024-06-07,34.4241,-119.84249,2.5,"SANTA BARBARA MUNICIPAL AIRPORT, CA US",0,194,139,26,93,81,100
USW00023190,2024-06-08,34.4241,-119.84249,2.5,"SANTA BARBARA MUNICIPAL AIRPORT, CA US",0,194,139,19,89,78,100
USW00023190,2024-06-09,34.4241,-119.84249,2.5,"SANTA BARBARA MUNICIPAL AIRPORT, CA US",0,200,133,19,86,73,100
USW00023190,2024-06-10,34.4241,-119.84249,2.5,"SANTA BARBARA MUNICIPAL AIRPORT, CA US",0,206,111,27,83,68,100
USW00023190,2024-06-11,34.4241,-119.84249,2.5,"SANTA BARBARA MUNICIPAL AIRPORT, CA US",0,194,139,23,87,75,96
USW00023190,2024-06-12,34.4241,-119.84249,2.5,"SANTA BARBARA MUNICIPAL AIRPORT, CA US",0,206,150,33,85,73,93
USW00023190,2024-06-13,34.4241,-119.84249,2.5,"SANTA BARBARA MUNICIPAL AIRPORT, CA US",0,194,133,26,85,70,93
USW00023190,2024-06-14,34.4241,-119.84249,2.5,"SANTA BARBARA MUNICIPAL AIRPORT, CA US",0,206,117,21,81,68,93
USW00023190,2024-06-15,34.4241,-119.84249,2.5,"SANTA BARBARA MUNICIPAL AIRPORT, CA US",0,339,111,24,63,21,96
USW00023190,2024-06-16,34.4241,-119.84249,2.5,"SANTA BARBARA MUNICIPAL AIRPORT, CA US",0,217,122,22,75,59,87
USW00023190,2024-06-17,34.4241,-119.84249,2.5,"SANTA BARBARA MUNICIPAL AIRPORT, CA US",0,222,117,30,77,55,93
USW00023190,2024-06-18,34.4241,-119.84249,2.5,"SANTA BARBARA MUNICIPAL AIRPORT, CA US",0,222,106,23,76,55,93
USW00023190,2024-06-19,34.4241,-119.84249,2.5,"SANTA BARBARA MUNICIPAL AIRPORT, CA US",0,206,128,20,81,68,90
USW00023190,2024-06-20,34.4241,-119.84249,2.5,"SANTA BARBARA MUNICIPAL AIRPORT, CA US",0,228,117,21,76,57,93
USW00023190,2024-06-21,34.4241,-119.84249,2.5,"SANTA BARBARA MUNICIPAL AIRPORT, CA US",0,222,117,19,78,57,93
USW00023190,2024-06-22,34.4241,-119.84249,2.5,"SANTA BARBARA MUNICIPAL AIRPORT, CA US",0,217,139,21,87,64,100
USW00023190,2024-06-23,34.4241,-119.84249,2.5,"SANTA BARBARA MUNICIPAL AIRPORT, CA US",0,283,128,22,76,42,100
USW00023190,2024-06-24,34.4241,-119.84249,2.5,"SANTA BARBARA MUNICIPAL AIRPORT, CA US",0,267,156,27,73,41,93
USW00023190,2024-06-25,34.4241,-119.84249,2.5,"SANTA BARBARA MUNICIPAL AIRPORT, CA US",0,250,156,21,77,54,90
USW00023190,2024-06-26,34.4241,-119.84249,2.5,"SANTA BARBARA MUNICIPAL AIRPORT, CA US",0,228,156,28,81,53,96
USW00023190,2024-06-27,34.4241,-119.84249,2.5,"SANTA BARBARA MUNICIPAL AIRPORT, CA US",0,239,150,22,74,51,90
USW00023190,2024-06-28,34.4241,-119.84249,2.5,"SANTA BARBARA MUNICIPAL AIRPORT, CA US",0,217,144,24,77,61,90
USW00023190,2024-06-29,34.4241,-119.84249,2.5,"SANTA BARBARA MUNICIPAL AIRPORT, CA US",0,189,133,26,90,73,100
USW00023190,2024-06-30,34.4241,-119.84249,2.5,"SANTA BARBARA MUNICIPAL AIRPORT, CA US",0,211,128,28,85,68,100
USW00023190,2024-07-01,34.4241,-119.84249,2.5,"SANTA BARBARA MUNICIPAL AIRPORT, CA US",0,217,144,26,84,64,97
USW00023190,2024-07-02,34.4241,-119.84249,2.5,"SANTA BARBARA MUNICIPAL AIRPORT, CA US",0,206,133,25,89,73,100
USW00023190,2024-07-03,34.4241,-119.84249,2.5,"SANTA BARBARA MUNICIPAL AIRPORT, CA US",0,217,139,26,90,66,100
USW00023190,2024-07-04,34.4241,-119.84249,2.5,"SANTA BARBARA MUNICIPAL AIRPORT, CA US",0,200,139,23,88,73,100
USW00023190,2024-07-05,34.4241,-119.84249,2.5,"SANTA BARBARA MUNICIPAL AIRPORT, CA US",0,250,133,23,81,54,96
USW00023190,2024-07-06,34.4241,-119.84249,2.5,"SANTA BARBARA MUNICIPAL AIRPORT, CA US",0,244,144,26,88,76,100
USW00023190,2024-07-07,34.4241,-119.84249,2.5,"SANTA BARBARA MUNICIPAL AIRPORT, CA US",0,228,144,22,89,73,100
USW00023190,2024-07-08,34.4241,-119.84249,2.5,"SANTA BARBARA MUNICIPAL AIRPORT, CA US",0,206,139,22,92,73,100
USW00023190,2024-07-09,34.4241,-119.84249,2.5,"SANTA BARBARA MUNICIPAL AIRPORT, CA US",0,211,139,25,88,73,100
USW00023190,2024-07-10,34.4241,-119.84249,2.5,"SANTA BARBARA MUNICIPAL AIRPORT, CA US",0,222,139,18,83,70,100
USW00023190,2024-07-11,34.4241,-119.84249,2.5,"SANTA BARBARA MUNICIPAL AIRPORT, CA US",0,217,139,32,91,73,100
USW00023190,2024-07-12,34.4241,-119.84249,2.5,"SANTA BARBARA MUNICIPAL AIRPORT, CA US",0,211,139,23,89,76,100
USW00023190,2024-07-13,34.4241,-119.84249,2.5,"SANTA BARBARA MUNICIPAL AIRPORT, CA US",0,233,156,29,89,68,96
USW00023190,2024-07-14,34.4241,-119.84249,2.5,"SANTA BARBARA MUNICIPAL AIRPORT, CA US",0,200,144,22,88,73,100
USW00023190,2024-07-15,34.4241,-119.84249,2.5,"SANTA BARBARA MUNICIPAL AIRPORT, CA US",0,233,139,26,78,57,93
USW00023190,2024-07-16,34.4241,-119.84249,2.5,"SANTA BARBARA MUNICIPAL AIRPORT, CA US",0,244,150,25,75,58,90
USW00023190,2024-07-17,34.4241,-119.84249,2.5,"SANTA BARBARA MUNICIPAL AIRPORT, CA US",0,239,144,29,78,62,93
USW00023190,2024-07-18,34.4241,-119.84249,2.5,"SANTA BARBARA MUNICIPAL AIRPORT, CA US",0,217,150,26,83,68,93
USW00023190,2024-07-19,34.4241,-119.84249,2.5,"SANTA BARBARA MUNICIPAL AIRPORT, CA US",0,211,150,28,88,76,100
USW00023190,2024-07-20,34.4241,-119.84249,2.5,"SANTA BARBARA MUNICIPAL AIRPORT, CA US",0,244,144,24,84,60,100
USW00023190,2024-07-21,34.4241,-119.84249,2.5,"SANTA BARBARA MUNICIPAL AIRPORT, CA US",0,256,150,23,78,56,93
USW00023190,2024-07-22,34.4241,-119.84249,2.5,"SANTA BARBARA MUNICIPAL AIRPORT, CA US",0,233,150,26,81,62,93
USW00023190,2024-07-23,34.4241,-119.84249,2.5,"SANTA BARBARA MUNICIPAL AIRPORT, CA US",0,228,150,28,84,66,100
USW00023190,2024-07-24,34.4241,-119.84249,2.5,"SANTA BARBARA MUNICIPAL AIRPORT, CA US",0,233,150,25,85,66,100
USW00023190,2024-07-25,34.4241,-119.84249,2.5,"SANTA BARBARA MUNICIPAL AIRPORT, CA US",0,244,156,21,80,60,96
USW00023190,2024-07-26,34.4241,-119.84249,2.5,"SANTA BARBARA MUNICIPAL AIRPORT, CA US",0,233,144,27,84,64,96
USW00023190,2024-07-27,34.4241,-119.84249,2.5,"SANTA BARBARA MUNICIPAL AIRPORT, CA US",0,233,117,24,78,55,96
USW00023190,2024-07-28,34.4241,-119.84249,2.5,"SANTA BARBARA MUNICIPAL AIRPORT, CA US",0,239,117,18,77,52,93
USW00023190,2024-07-29,34.4241,-119.84249,2.5,"SANTA BARBARA MUNICIPAL AIRPORT, CA US",0,233,111,21,79,55,93
USW00023190,2024-07-30,34.4241,-119.84249,2.5,"SANTA BARBARA MUNICIPAL AIRPORT, CA US",0,233,144,25,81,59,97
USW00023190,2024-07-31,34.4241,-119.84249,2.5,"SANTA BARBARA MUNICIPAL AIRPORT, CA US",0,222,128,26,84,61,100
USW00023190,2024-08-01,34.4241,-119.84249,2.5,"SANTA BARBARA MUNICIPAL AIRPORT, CA US",0,228,139,31,87,64,100
USW00023190,2024-08-02,34.4241,-119.84249,2.5,"SANTA BARBARA MUNICIPAL AIRPORT, CA US",0,250,139,19,79,56,96
USW00023190,2024-08-03,34.4241,-119.84249,2.5,"SANTA BARBARA MUNICIPAL AIRPORT, CA US",0,244,144,25,83,60,100
USW00023190,2024-08-04,34.4241,-119.84249,2.5,"SANTA BARBARA MUNICIPAL AIRPORT, CA US",0,256,150,28,81,54,96
USW00023190,2024-08-05,34.4241,-119.84249,2.5,"SANTA BARBARA MUNICIPAL AIRPORT, CA US",0,250,139,21,80,57,96
USW00023190,2024-08-06,34.4241,-119.84249,2.5,"SANTA BARBARA MUNICIPAL AIRPORT, CA US",0,261,144,21,78,58,96
USW00023190,2024-08-07,34.4241,-119.84249,2.5,"SANTA BARBARA MUNICIPAL AIRPORT, CA US",0,244,144,25,86,69,100
USW00023190,2024-08-08,34.4241,-119.84249,2.5,"SANTA BARBARA MUNICIPAL AIRPORT, CA US",0,217,150,24,89,71,100
USW00023190,2024-08-09,34.4241,-119.84249,2.5,"SANTA BARBARA MUNICIPAL AIRPORT, CA US",0,211,150,28,87,73,100
USW00023190,2024-08-10,34.4241,-119.84249,2.5,"SANTA BARBARA MUNICIPAL AIRPORT, CA US",0,239,133,18,83,62,97
USW00023190,2024-08-11,34.4241,-119.84249,2.5,"SANTA BARBARA MUNICIPAL AIRPORT, CA US",0,250,128,17,79,48,97
USW00023190,2024-08-12,34.4241,-119.84249,2.5,"SANTA BARBARA MUNICIPAL AIRPORT, CA US",0,244,139,21,78,55,93
USW00023190,2024-08-13,34.4241,-119.84249,2.5,"SANTA BARBARA MUNICIPAL AIRPORT, CA US",0,256,139,22,79,60,93
USW00023190,2024-08-14,34.4241,-119.84249,2.5,"SANTA BARBARA MUNICIPAL AIRPORT, CA US",0,256,128,17,78,52,93
USW00023190,2024-08-15,34.4241,-119.84249,2.5,"SANTA BARBARA MUNICIPAL AIRPORT, CA US",0,239,133,21,81,66,93
USW00023190,2024-08-16,34.4241,-119.84249,2.5,"SANTA BARBARA MUNICIPAL AIRPORT, CA US",0,256,133,16,80,58,93
USW00023190,2024-08-17,34.4241,-119.84249,2.5,"SANTA BARBARA MUNICIPAL AIRPORT, CA US",0,233,161,21,85,68,93
USW00023190,2024-08-18,34.4241,-119.84249,2.5,"SANTA BARBARA MUNICIPAL AIRPORT, CA US",0,256,150,22,82,60,93
USW00023190,2024-08-19,34.4241,-119.84249,2.5,"SANTA BARBARA MUNICIPAL AIRPORT, CA US",0,250,139,16,81,60,97
USW00023190,2024-08-20,34.4241,-119.84249,2.5,"SANTA BARBARA MUNICIPAL AIRPORT, CA US",0,289,133,13,78,47,97
USW00023190,2024-08-21,34.4241,-119.84249,2.5,"SANTA BARBARA MUNICIPAL AIRPORT, CA US",0,283,133,21,76,47,93
USW00023190,2024-08-22,34.4241,-119.84249,2.5,"SANTA BARBARA MUNICIPAL AIRPORT, CA US",0,261,133,25,69,48,93
USW00023190,2024-08-23,34.4241,-119.84249,2.5,"SANTA BARBARA MUNICIPAL AIRPORT, CA US",0,250,117,15,70,47,87
USW00023190,2024-08-24,34.4241,-119.84249,2.5,"SANTA BARBARA MUNICIPAL AIRPORT, CA US",0,244,122,18,73,54,90
USW00023190,2024-08-25,34.4241,-119.84249,2.5,"SANTA BARBARA MUNICIPAL AIRPORT, CA US",0,250,150,24,77,56,90
USW00023190,2024-08-26,34.4241,-119.84249,2.5,"SANTA BARBARA MUNICIPAL AIRPORT, CA US",0,256,150,26,78,56,90
USW00023190,2024-08-27,34.4241,-119.84249,2.5,"SANTA BARBARA MUNICIPAL AIRPORT, CA US",0,222,156,23,89,71,100
USW00023190,2024-08-28,34.4241,-119.84249,2.5,"SANTA BARBARA MUNICIPAL AIRPORT, CA US",0,217,150,21,91,73,100
USW00023190,2024-08-29,34.4241,-119.84249,2.5,"SANTA BARBARA MUNICIPAL AIRPORT, CA US",0,206,156,29,89,76,100
USW00023190,2024-08-30,34.4241,-119.84249,2.5,"SANTA BARBARA MUNICIPAL AIRPORT, CA US",0,211,161,25,88,71,97
USW00023190,2024-08-31,34.4241,-119.84249,2.5,"SANTA BARBARA MUNICIPAL AIRPORT, CA US",0,244,139,20,83,62,97
USW00023190,2024-09-01,34.4241,-119.84249,2.5,"SANTA BARBARA MUNICIPAL AIRPORT, CA US",0,250,150,23,83,58,100
USW00023190,2024-09-02,34.4241,-119.84249,2.5,"SANTA BARBARA MUNICIPAL AIRPORT, CA US",0,250,156,19,84,60,93
USW00023190,2024-09-03,34.4241,-119.84249,2.5,"SANTA BARBARA MUNICIPAL AIRPORT, CA US",0,244,167,23,86,64,100
USW00023190,2024-09-04,34.4241,-119.84249,2.5,"SANTA BARBARA MUNICIPAL AIRPORT, CA US",0,233,161,21,86,68,100
USW00023190,2024-09-05,34.4241,-119.84249,2.5,"SANTA BARBARA MUNICIPAL AIRPORT, CA US",0,328,150,16,76,48,97
USW00023190,2024-09-06,34.4241,-119.84249,2.5,"SANTA BARBARA MUNICIPAL AIRPORT, CA US",0,356,172,17,73,34,93
USW00023190,2024-09-07,34.4241,-119.84249,2.5,"SANTA BARBARA MUNICIPAL AIRPORT, CA US",0,267,167,24,79,62,93
USW00023190,2024-09-08,34.4241,-119.84249,2.5,"SANTA BARBARA MUNICIPAL AIRPORT, CA US",0,317,156,20,73,48,93
USW00023190,2024-09-09,34.4241,-119.84249,2.5,"SANTA BARBARA MUNICIPAL AIRPORT, CA US",0,261,161,20,77,60,90
USW00023190,2024-09-10,34.4241,-119.84249,2.5,"SANTA BARBARA MUNICIPAL AIRPORT, CA US",0,256,139,27,78,50,96
USW00023190,2024-09-11,34.4241,-119.84249,2.5,"SANTA BARBARA MUNICIPAL AIRPORT, CA US",0,211,111,22,85,73,97
USW00023190,2024-09-12,34.4241,-119.84249,2.5,"SANTA BARBARA MUNICIPAL AIRPORT, CA US",0,222,117,23,82,66,96
USW00023190,2024-09-13,34.4241,-119.84249,2.5,"SANTA BARBARA MUNICIPAL AIRPORT, CA US",0,222,128,24,84,68,96
USW00023190,2024-09-14,34.4241,-119.84249,2.5,"SANTA BARBARA MUNICIPAL AIRPORT, CA US",0,211,150,20,86,71,100
USW00023190,2024-09-15,34.4241,-119.84249,2.5,"SANTA BARBARA MUNICIPAL AIRPORT, CA US",0,206,133,25,81,68,96
USW00023190,2024-09-16,34.4241,-119.84249,2.5,"SANTA BARBARA MUNICIPAL AIRPORT, CA US",0,244,111,46,61,36,81
USW00023190,2024-09-17,34.4241,-119.84249,2.5,"SANTA BARBARA MUNICIPAL AIRPORT, CA US",0,217,94,20,71,51,87
USW00023190,2024-09-18,34.4241,-119.84249,2.5,"SANTA BARBARA MUNICIPAL AIRPORT, CA US",0,206,106,20,80,63,93
USW00023190,2024-09-19,34.4241,-119.84249,2.5,"SANTA BARBARA MUNICIPAL AIRPORT, CA US",0,228,150,29,74,61,90
USW00023190,2024-09-20,34.4241,-119.84249,2.5,"SANTA BARBARA MUNICIPAL AIRPORT, CA US",0,211,128,22,82,66,93
USW00023190,2024-09-21,34.4241,-119.84249,2.5,"SANTA BARBARA MUNICIPAL AIRPORT, CA US",0,194,139,26,85,78,90
USW00023190,2024-09-22,34.4241,-119.84249,2.5,"SANTA BARBARA MUNICIPAL AIRPORT, CA US",0,194,150,24,90,78,100
USW00023190,2024-09-23,34.4241,-119.84249,2.5,"SANTA BARBARA MUNICIPAL AIRPORT, CA US",0,206,150,24,93,79,100
USW00023190,2024-09-24,34.4241,-119.84249,2.5,"SANTA BARBARA MUNICIPAL AIRPORT, CA US",0,200,156,24,91,81,100
USW00023190,2024-09-25,34.4241,-119.84249,2.5,"SANTA BARBARA MUNICIPAL AIRPORT, CA US",0,206,139,20,84,68,96
USW00023190,2024-09-26,34.4241,-119.84249,2.5,"SANTA BARBARA MUNICIPAL AIRPORT, CA US",0,217,94,25,86,68,97
USW00023190,2024-09-27,34.4241,-119.84249,2.5,"SANTA BARBARA MUNICIPAL AIRPORT, CA US",0,189,144,17,91,75,100
USW00023190,2024-09-28,34.4241,-119.84249,2.5,"SANTA BARBARA MUNICIPAL AIRPORT, CA US",0,194,144,25,78,28,97
USW00023190,2024-09-29,34.4241,-119.84249,2.5,"SANTA BARBARA MUNICIPAL AIRPORT, CA US",0,217,139,20,82,29,97
USW00023190,2024-09-30,34.4241,-119.84249,2.5,"SANTA BARBARA MUNICIPAL AIRPORT, CA US",0,211,139,19,91,73,100
